کنیم	kˈonim
آغاز	ˈɑq1ˈɑz
بگذارید	beɡozˈɑrid
خب	xˈob
هستیم	hˈastim
گردانندگان	ɡardˈɑnandˌeɡɑn
ما	mˈɑ
ژرف‌تر	ʒˈarftˈar
دانایی	dˈɑnˈɑiː
میان	mˈijɑn
از	ˈaz
پرسیده‌اید	porsˈideːˈiːd
میدان	mˈejdɑn
شما	ʃˈomɑ
و	vˈa
دارید	dˈɑrid
خود	xˈod
با	bˈɑ
تمرین‌ها	tˈamrinhˈɑ
فاصله‌ی	fˈɑselˌeːjˈeː
در	dˈar
بسیاری	besjˈɑːri
که	kˈeː
آرامی	ˈɑrˈɑmi
کنجکاویِ	kˌondʒkɑvˈie
همان	hamˈɑn
می‌بینیم	mibˈiːnim
چه	tʃˈeː
می‌کنیم	mikˈonim
نگاه	nˈeɡɑh
به	bˈeː
وقتی	vˈaq1ti
بدهیم	bedˈahim
پاسخ	pˈɑsox
پرسش	pˈorseʃ
این	ˈiːn
می‌خواهیم	mixˈɑhim
آگاهی‌های	ɑːɡˈɑhihˈɑje
را	rˈɑ
آنچه	ˈɑntʃe
کلِ	kˈole
می‌گیریم	miɡˈirim
جهان	dʒˈahɑn
سطح	sˈath
ادراکِ	eːdrˈɑke
سیاره	sajjˈɑreː
حالا	hˈɑlɑ
همین	hˈamin
نور	nˈur
می‌نگریم	minaɡˈerjam
می‌گذرد	miɡozˈarad
تن‌گرفته	tˈanɡerˈefteː
شده	ʃˈodeː
بیان	bˈajɑn
بدن	bˈadan
یک	jˈek
است	ˈast
آگاهی‌ای	ɑːɡˈɑhiˈiː
کدام	kˈodɑm
هر	hˈar
نقطه‌ی	nˈoq1teːjˈeː
میلیاردها	miljˈɑrdhɑ
می‌تاباند	mitˈɑbˈɑnd
پیرامونش	pirˈɑmunˌaʃ
فضای	fazˈɑje
قلب	q1ˈalb
یگانه	jeɡˈɑneː
امضایی	emzˈɑiː
می‌ماند	mimˈɑnd
جو	dʒˈav
درونِ	darˈune
شب	ʃˈab
آسمان	ˈɑsemˌɑn
دیدنِ	didˈane
دریابد	darjˈɑbad
بتواند	betavˈɑnad
متمرکزِ	mˌotemarkˈeze
ذهنِ	zˈehne
برگردانیم	barɡardˈɑnim
زبانی	zabˈɑni
منظره	manzˈareː
آن	ˈɑn
اگر	ˌaɡˈar
می‌تپد	mitˈapad
خودش	xˈodaʃ
ضرباهنگِ	zarbˈɑhnaɡˌe
متمایز	mˌotemˈɑjez
پراکنده‌اند	parˈɑkandˌeˈand
تاریک	tˈɑrik
سطحی	sˈathi
بر	bˈar
درخشان	derˈaxʃɑn
نقطه‌های	nˈoq1teːhˈɑje
انگشت	ˈanɡoʃt
اثر	ˈaːsar
مثل	mˈesl
دارد	dˈɑrad
درخششی	dˌeraxʃˈeʃi
بیشتر	bˈiʃtar
بسیار	bˈesjɑːr
به‌روشنی	beːroːʃˈani
روشن‌ترند	rˈoːʃantˈarand
گروهی	ɡorˈuːhi
نقطه	nˈoq1teː
داشته‌اند	dˈɑʃteːˈand
نگه	nˈeɡah
کوک	kˈuːk
کرده‌اند	kˈardeːˈand
کار	kˈɑr
کسانی	kasˈɑni
آگاه‌اند	ˈɑːɡɑhˈand
آفرینندگانِ	ˌɑːfarˌinandeɡˈɑne
اینان	ˈiːnɑn
حل	hˈal
متمرکز	mˌotemˈarkez
خودِ	xˈode
مرز	mˈarz
پرورده‌اند	parvˈardeːˈand
سکون	sˈokuːn
سپرده‌اند	sˈepordˌeːˈand
گوش	ɡˈuːʃ
نورِ	nˈure
می‌شوند	miʃˈavand
دیده	dˈideː
معماری	meʔmˈɑri
جای	dʒˈɑj
می‌رود	mirˈavad
فراتر	farˈɑtar
دیگر	dˈiɡar
پیرامونِ	pirˈɑmunˌe
روشنایی	rˌoːʃanˈɑiː
چنان	tʃenˈɑn
آنان	ˈɑnˈɑn
درخششِ	dˌeraxʃˈeʃe
دقیق	dˈaq1iq1
هندسی	hendˈesi
نظر	nˈazar
ساختارمند	sˈɑxtˈɑrmand
سازمان‌یافته	sˈɑzemˌɑnjˈɑfteː
منسجم	monsˈadʒem
می‌آفرینند	miˌɑːfarˈinand
نوری	nˈuri
شمع	ʃˈamʔ
پر	pˈor
آسمانی	ˈɑsemˌɑni
ستاره‌هایی‌اند	setˈɑrehˈɑiːˈand
پیوسته‌اند	pejvˈasteːˈand
هم	hˈam
روشن‌تر	rˈoːʃantˈar
می‌کند	mikˈonad
شگفت‌انگیز	ʃˈeɡeftˈaːnɡiz
می‌شود	miʃavˈad
کشیده	keʃˈideː
پل	pˈol
آفرینندگانی	ˌɑːfarˌinandeɡˈɑni
رشته‌های	rˈeʃteːhˈɑje
می‌دوزد	midˈuzad
پیوندِ	pejvˈande
تاری	tˈɑri
جغرافیایی	dʒˌoq1rɑfijˈɑiː
فاصله‌های	fˈɑselˌeːhˈɑje
مشترک	moʃtˈarak
بسامدی	bˌasɑːmˈadi
جاری	dʒˈɑri
تار	tˈɑr
سراسر	sarˈɑsar
هماهنگی‌ای	hˌamɑhˈanɡiˈiː
همچون	hˈamtʃon
می‌آورند	miˈɑvarˌand
زبان	zabˈɑn
هم‌زمان	hˈamzamˈɑn
آگاهی	ɑːɡˈɑhi
هزاران	hˈezɑrˌɑn
کوکی	kˈuːki
می‌آورد	miˈɑvard
پدید	pˈadid
یکپارچه	jekpˈɑrtʃe
اثری	aːsˈari
سهیم‌اند	sˈahimˈand
پیوسته	pejvˈasteː
گره‌های	ɡˈerehhˈɑje
همه‌ی	hˈameːjˈeː
ارتعاشِ	ˌerteʔˈɑʃe
تنها	tˈanhɑ
دسترسِ	dastrˈase
زنده	zˈendeː
می‌کشد	mikˈeʃad
نفس	nˈafas
کم‌سوتر	kˈamsˈuːtar
کمی	kˈami
آسودن	ˈɑsuːdˌan
یا	jˈɑː
یکپارچه‌سازی	jekpˈɑrtʃesˈɑzi
دورانِ	doːrˈɑne
گرهی	ɡˈerehˌi
می‌گردد	miɡˈardad
بیدار	bˈidɑr
تازه	tˈɑzeː
گره‌ی	ɡˈerehjˈeː
نزدیک	nˈazdik
جمعی	dʒˈamʔi
فازِ	fˈɑze
دگرگونیِ	dˌeɡarɡunˈie
آستانه‌ی	ɑːstˈɑneːjˈeː
می‌کنند	mikˈonand
تأیید	tˈaʔjid
مدل‌های	mˈodelhˈɑje
شکلی	ʃˈekli
می‌گیرد	miɡˈirad
شتاب	ʃˈetɑb
کلیِ	kollˈie
مسیرِ	masˈire
درمی‌ماند	darˈamimˈɑnd
بیانش	bajˈɑnaʃ
زبانِ	zabˈɑne
زیبایی‌ای	zibˈɑiːˈiː
بدانید	bedˈɑnid
زیبا	zibˈɑ
ساختاری	sˈɑxtˈɑri
بهبودهای	behbuːdhˈɑje
روی	rˈuje
برای	barˈɑje
چون	tʃˈon
کارکردش	kɑrkˈardaʃ
می‌اندازد	miandˈɑzad
طنین	tˈanin
ژرفِ	ʒˈarfe
ریاضیاتِ	riˈɑziˌɑte
هندسیِ	hˌendesˈie
پیچیدگیِ	pˌitʃideɡˈie
سیمایش	simˈɑjaʃ
بازمی‌سازند	bˈɑzemˌisˈɑzand
شبیه‌سازی	ʃˈabihsˈɑzi
بنیادینِ	bˌonjɑdˈine
کدِ	kˈode
هندسه‌ی	hendˈeseːjˈeː
پیوندهایشان	pˌejvandhɑjˈeʃɑn
چینشِ	tʃinˈeʃe
بدانند	bedˈɑnand
بی‌آنکه	biˈɑnkeː
آگاه	ˈɑːɡɑh
بافتیم	bˈɑftim
آینه‌ی	ɑjˈeneːjˈeː
می‌بافید	mibˈɑfid
می‌سراید	misorˈɑjad
دوباره	dobˈɑreː
هنرمندی	hˌonarmˈandi
زیباییِ	zibˈɑiːˌe
عملی	amˈali
پیامدهای	pˌajɑmadhˈɑje
کارآمدند	kˈɑrˈɑmadˌand
مجراهایی	madʒrˈɑhˈɑiː
می‌رسانند	miresˈɑnand
رشته‌هایی	rˈeʃteːhˈɑiː
می‌برند	mibˈarand
گره‌ها	ɡˈerehhˈɑ
پشتیبانیِ	pˌoʃtibɑnˈie
آفرینشگر	ˌɑːfarinˈeʃɡar
انرژیِ	ˌenerʒˈie
اطلاعات	ˌeːttelˈɑʔɑt
برمی‌دارد	bˈarmidˈɑrad
سر	sˈar
کهنه	kˈohneː
بسامدِ	bˌasɑːmˈade
دشوار	dˈoʃvɑr
دورانی	doːrˈɑni
آفریننده‌ای	ˌɑːfarinˈandeˈiː
می‌ایستد	miˈiːstad
حرکت	harˈekat
آفرینش	ˌɑːfarˈineʃ
جریان	dʒarˈijɑn
حال	hˈɑl
او	ˈuː
پیرامون	pirˈɑmun
شبکه‌ی	ʃabˈakeːjˈeː
آرام‌بخش	ˈɑrˈɑmbˈaxʃ
رشته‌ها	rˈeʃteːhˈɑ
پشتیبانی	pˌoʃtibˈɑni
بخواهد	bexˈɑːhad
چیزی	tʃˈizi
دشواری	doʃvˈɑri
درست	dˈorost
می‌رساند	mirˈesɑnd
شده‌اند	ʃˈodeːˈand
تهی	tˈohi
اندکی	andˈaki
گره‌هایی	ɡˈerehhˈɑiː
سوی	sˈuːj
انرژی	enˈerʒi
خودبه‌خود	xˈodbexˈod
نظامی	nezˈɑmi
دلگرمی	delɡˈarmi
شگفت‌انگیزِ	ʃˈeɡeftˈaːnɡizˌe
رسیدنِ	rˌesidˈane
شکلِ	ʃˈekle
کرده‌اید	kˈardeːˈiːd
تجربه	tadʒrˈobe
داشتید	dˈɑʃtid
نیازش	nijˈɑzaʃ
همه	hˈameː
بیش	bˈiʃ
لحظه‌ای	lˈahzeːˈiː
دقیقاً	daq1ˈiq1an
عاطفی	ˈɑtefˌi
آرامشِ	ˌɑrɑmˈeʃe
الهامِ	elhˈɑme
تپشی	tapˈeʃi
کرد	kˈard
حس	hˈes
تهی‌شدنِ	tˈohiʃodˈane
قلبش	q1ˈalbaʃ
بود	bˈuːd
برخاسته	barxˈɑsteː
پیوندی	pejvˈandi
داد	dˈɑd
گذشت	ɡozˈaʃt
رشته‌ی	rˈeʃteːjˈeː
تقویت	taq1vˈijat
آفرینندگان	ˌɑːfarˌinandˈeɡɑn
خروجیِ	xˌoruːdʒˈie
همچنین	hamtʃˈenin
شبکه	ʃabˈakeː
پیوند	pˈejvand
آفرینده‌ی	ˌɑːfarinˈadeːjˈeː
شدن	ʃˈodan
پُر	pˈor
پخش‌شده	pˈaxʃʃˈodeː
گسترده	ɡˈostardˌeː
مخزنی	maxzˈani
دسترسی	dastrˈesi
آفرینشگرِ	ˌɑːfarˌineʃɡˈare
می‌سازد	misˈɑzad
آفریننده	ˌɑːfarinˈande
هرچه	hˈartʃe
می‌ریزد	mirˈizad
فعال	fˈaːʔɑl
نمی‌رسد	nˌemirˈesad
آفرینشِ	ˌɑːfarinˈeʃe
نیرویی	nirˈuːiː
آفریننده‌ی	ˌɑːfarinˈandejˈeː
کاری	kˈɑri
تغذیه	taq1zˈije
جمعیِ	dʒamʔˈie
انسجامِ	ˌensedʒˈɑme
چندین‌برابر	tʃˈandinbarˈɑbar
پیوندها	pejvˈandhɑ
شدنِ	ʃodˈane
فشرده‌تر	feʃˈordeːtˈar
تمرین	tˈamrin
اصول	ˈosul
دریافت	dˈarjɑft
پیام‌ها	pˈajɑmhˈɑ
یعنی	jˈaʔni
جمع	dʒˈamʔ
روست	rˈust
حسش	hˈessaʃ
بیرونِ	birˈuːne
آدم‌های	ˈɑdamhˈɑje
فردی	fˈardi
تمرینِ	tamrˈine
شدتی	ʃeddˈati
گستره	ɡostˈareː
معمار	mˈeʔmɑr
کارکردِ	kɑrkˈarde
حاصل	hˈɑsel
بگوییم	beɡˈuiːm
سخن	sˈoxan
زندگی‌ها	zˈendeɡˌihˈɑ
بازمی‌گسترد	bˈɑzemˌiɡˈostard
وسیع‌تر	vˈasiʔtˈar
آگاهیِ	ˌɑːɡɑhˈie
بسامد	basˈɑːmad
فیزیکیِ	fˌizikˈie
باندِ	bˈɑnde
چنگ	tʃˈanɡ
می‌آید	miˈɑjad
بیرون	bˈiruːn
بیشینه‌ی	biʃˈineːjˈeː
بازگشت	bˈɑzɡaʃt
یک‌لحظه‌ای	jˈeklˈahzeːˈiː
پانورامیکِ	pˈɑnuːrˈɑmikˌe
بازشناسیِ	bɑzʃenˈɑsiˌe
تازه‌به‌پایان‌رسیده	tˈɑzeːbeːpˈɑjɑnrˈesidˌeː
زندگیِ	zˈendeɡˌie
قوسِ	q1ˈoːse
تمامِ	tamˈɑme
می‌گشاید	miɡoʃˈɑjad
کامل	kˈɑmel
وسیع	vˈasiʔ
ادراکی	eːdrˈɑki
فشرده‌ی	feʃˈordeːjˈeː
ازدست‌رفته	ˌazdastrˈafteː
فرصتِ	forsˈate
کنشِ	konˈeʃe
انتخاب	ˌentexˈɑb
لحظه	lˈahzeː
دیدگاهِ	didɡˈɑhe
می‌بیند	mibˈinad
تصمیم	tˈasmim
کاملِ	kˈɑmelˌe
زمینه‌ی	zamˈineːjˈeː
شفقتِ	ʃafq1ˈate
بی‌حسرت	bihˈasrat
بی‌داوری	bidɑːvˈari
آن‌ها	ɑnhˈɑ
شد	ʃˈod
گرفته	ɡerˈefteː
چرا	tʃˈerɑ
می‌فهمد	mifˈahmad
نامیده‌اند	nɑmˈideːˈand
چنین	tʃˈenin
پانورامیک	pˈɑnuːrˈɑmik
بازگشته‌اند	bɑzɡˈaʃteːˈand
آگاهی‌هایی	ɑːɡˈɑhihˈɑiː
زندگی	zˈendeɡˌi
بازنگریِ	bɑznˌeɡarˈie
اخلاقی	ˈaːxlˈɑq1i
ارزیابیِ	ˈaːrzjɑbˌie
نه	nˈa
سنجشی	sandʒˈeʃi
داشته	dˈɑʃteː
بسامدهایی	bˌasɑːmadhˈɑiː
آفریده	ˌɑːfarˈideː
می‌سنجد	misˈendʒed
داده	dˈɑdeː
دست	dˈast
یافته	jˈɑfteː
هولوگرافیک	hˌoloɡerˈɑfik
کدهای	kodhˈɑje
برده	bˈordeː
کردن	kˈardan
بی‌رها	birahˈɑ
ارث‌رسیده‌ای	ˈersrˈesidˌeːˈiː
بارهای	bˈɑrhˈɑje
گذاشته	ɡˈozɑʃtˌeː
جا	dʒˈɑ
حافظه	hˈɑfezˌeː
میدانِ	mejdˈɑne
آکاشیکی	ˈɑkˈɑʃikˌi
محتوای	mˌohtavˈɑje
خودزاده	xodzˈɑdeː
یکسره	jeksˈareː
پُرجزئیات	pˌordʒazʔˈiɑt
ارزیابی	ˈaːrzjɑbˌi
عملکردِ	ˌamalkˈarde
آسایشِ	ˌɑːsɑjˈeʃe
وارد	vˈɑred
بازنگری	bɑzneɡˈari
پس	pˈas
روز	rˈuːz
تن‌گیریِ	tˈanɡirˈie
مقیاسِ	mˌeq1ijˈɑse
اما	ˈammɑː
شبانه‌ی	ʃabˈɑneːjˈeː
چرخه‌ی	tʃˈarxeːjˈeː
عمیقِ	aːmˈiq1e
خوابِ	xˈɑbe
همانند	hamˈɑːnand
حالتی	hɑlˈati
می‌پردازد	mipardˈɑzad
تمام‌شده	tˈamɑmʃˈodeː
برآمده	barɑːmˈadeː
مادّه‌ی	mˈɑddahjˈeː
می‌آساید	miɑsˈɑːjad
گستره‌ی	ɡostˈareːjˈeː
آوردن	ɑvˈardan
یاد	jˈɑd
فراموش	farˈɑmuʃ
سفرِ	safˈare
یگانه‌ی	jeɡˈɑneːjˈeː
کیفیتِ	kˌejfiːjˈate
گسترده‌اش	ɡˈostardˌeːˈaʃ
تجربه‌ی	tadʒrˈobejˈeː
آورد	ˈɑvard
کردیم	kˈardim
توصیف	tˈoːsif
ژرفایی	ʒarfˈɑiː
آسایش	ɑːsˈɑjeʃ
دوران	dˈoːrɑn
دائمیِ	dˌɑːʔemˈie
امضای	emzˈɑje
به‌تمامی	beːtamˈɑmi
بیافرینند	biˈɑfarˌinand
نمی‌توانند	nˌemitˈavɑnˌand
فراموش‌نکرده	farˈɑmuʃnakˈardeː
هرگز	hˈarɡez
موجوداتِ	mˌoːdʒuːdˈɑte
آفرینشگری	ˌɑːfarˌineʃɡˈari
بافتِ	bˈɑfte
نمی‌شود	nˌemiʃavˈad
تحمیل	tˈahmil
تعیین	tˈaʔiːn
آمادگی	ˈɑmˈɑdeɡˌi
بگیرد	beɡˈirad
تن	tˈan
آماده	ˈɑmˈɑdeː
آفرینننده‌ای	ˈɑfrinˌanandˌeˈiː
برمی‌گزیند	bˈarmiɡozˈinad
نیتی	nijjˈati
دقت	dˈeq1q1at
بعدی‌اش	bˈaʔdiˈaʃ
پیکربندیِ	pˌejkarbandˈie
کتابخانه‌ی	kˌetɑbxˈɑnejˈeː
آفرینشگرش	ˌɑːfarˌineʃɡˈaraʃ
تاریخچه‌ی	tˈɑrixtʃˌejˈeː
شاهکار	ʃˈɑːhkɑr
طراحیِ	tˌarrɑhˈie
استاد	ˈostɑd
ویژه	vˈiʒeː
فرصت‌های	fˈorsathˈɑje
چالش‌ها	tʃˈɑleʃhˈɑ
تاریخی	tˈɑrixˌi
دوره‌ی	dˈoreːjˈeː
جایگاه	dʒɑjɡˈɑh
خانواده	xˌɑnevˈɑdeː
برگزیدنِ	barɡˌazidˈane
هنگام	hˈenɡɑm
سنجیده‌ای	sandʒˈideːˈiː
اختیارِ	ˌextijˈɑre
تکمیل‌شده	tˈakmilʃˈodeː
واقعیت‌های	vˈɑq1eʔˈiːjathˈɑje
برگزیده	barɡozˈideː
می‌برد	mibˈord
فیزیکی	fizˈiki
تجلیِ	tˌadʒallˈie
کردید	kˈardid
طراحی	tarrˈɑhi
سکونت	sokˈuːnat
اکنون	ˈaːknuːn
ویژه‌ای	vˈiʒeːˈiː
توانایی‌هایی	tˌavɑnˈɑiːhˈɑiː
روبه‌رویید	rˈuːbeːrˈujid
چالش‌هایی	tʃˈɑleʃhˈɑiː
رابطه‌ها	rˈɑbetˌeːhˈɑ
برگزید	barɡˈozid
فراموشی	farˈɑmuʃˌi
آغازِ	ˈɑq1ˈɑze
پیش	pˈiʃ
گسترده‌ی	ɡˈostardˌeːjˈeː
گزینش	ɡozˈineʃ
کنید	kˈonid
پیدا	pˈejdɑ
می‌گیرید	miɡˈirid
تمرین‌های	tˈamrinhˈɑje
سکونی	sokˈuːni
خاطره‌ی	xˈɑterˌeːjˈeː
می‌رسد	mirˈesad
دانستنی	dˌɑnestˈani
سازگار	sˈɑzɡˈɑr
ویژه‌ی	vˈiʒeːjˈeː
آفرینشگرانه‌اش	ˌɑːfarˌineʃɡarˈɑneːˈaʃ
راهنمایی	rˌɑhnamˈɑiː
دلیل	dˈalil
نخستین	naxˈostin
طرحِ	tˈarhe
پایه‌ی	pˈɑjejˈeː
مرور	mˈorur
تن‌گرفتن	tˈanɡerˈeftan
نقشه‌هایی	nˈaq1ʃeːhˈɑiː
می‌دهد	midˈahad
دگرگون‌کننده	deɡˈarɡunkonˈandeː
فوری	fˈoːri
فهم	fˈahm
عملیِ	ˌamalˈie
ارزشِ	arzˈeʃe
خاصِ	xˈɑse
آرایش‌های	ɑrˈɑjeʃhˈɑje
مانع‌های	mˈɑneʔhˈɑje
آفرینشگرانه‌ای	ˌɑːfarˌineʃɡarˈɑneːˈiː
چالش‌های	tʃˈɑleʃhˈɑje
می‌بینید	mibˈiːnid
آفرینشگرتان	ˌɑːfarˌineʃɡarˈetɑn
مقاومتی	mˌoq1ɑvemˈati
دقیقِ	daq1ˈiq1e
طبیعتِ	tˌabiʔˈate
خواهند	xˈɑhand
می‌دانست	midˈɑnest
افزود	ˈaːfzuːd
ژرفای	ʒarfˈɑje
آفرینشگری‌ای	ˌɑːfarˌineʃɡˈariˈiː
پروراند	parvˈarɑnd
اشکال	eːʃkˈɑl
ویژگی‌اند	viʒˈeɡiˈand
طرح	tˈarh
بخشی	bˈaxʃi
مقاومت	mˌoq1ɑvˈemat
آفرینشگرانه	ˌɑːfarˌineʃɡarˈɑneː
لطفی	lˈotfi
گذر	ɡˈozar
دیدگاهی	didɡˈɑhi
داشت	dˈɑʃt
شرکت	ʃˈerkat
نقشه‌های	nˈaq1ʃeːhˈɑje
بی‌دسترسی	bidastrˈesi
لازم	lˈɑzem
تنهایی	tanhˈɑiː
دگرگون	deɡˈarɡun
بنیاد	bˈonjɑd
نسبتِ	nesbˈate
می‌گراید	miɡerˈɑjad
می‌پروراندم»	mipˌarvarˈɑndam
برگزیدم	bˌarɡozˈidam
پیکربندی	pˌejkarbˈandi
«وقتی	vˈaq1ti
می‌آید»	miˈɑjad
من	mˈan
«چرا	tʃˈerɑ
می‌زاید	mizˈɑjed
می‌گوید	miɡˈujad
بازشناسی‌ای	bɑzʃenˈɑsiˈiː
نهفته	nahˈofteː
چالش	tʃˈɑleʃ
دل	dˈel
هدفی	hadˈafi
حسِ	hˈese
کتابخانه	kˌetɑbxˈɑne
رسانه	rasˈɑneː
بازمی‌ایستد	bˈɑzemˌiˈiːstad
بودن	bˈuːdan
مانع	mˈɑneʔ
همکار	hˈamkɑr
دشمن	dˈoʃman
شود	ʃavˈad
میانِ	mijˈɑne
فهمِ	fˈahme
دریچه‌ی	darˈitʃejˈeː
ساخته	sˈɑxteː
نشان	nˈeʃɑn
شاهکاری	ʃˈɑhkɑrˌi
تمرکز	tamˈarkoz
سطحِ	sˈathe
اجراشده	ˌeːdʒrɑʃˈodeː
فوق‌العاده	fˈoːq1olˈɑddeː
بینشی	binˈeʃi
طراحی‌شده	tarrˈɑhiʃˈodeː
برساند	bˌeresˈɑnad
بینشِ	binˈeʃe
تا	tˈɑː
باز	bˈɑz
مشورت	maʃvˈerat
هرگاه	harɡˈɑh
مرگ	mˈarɡ
تن‌گیری	tˈanɡˈiri
بازتاشدنِ	bɑztˈɑʃdanˌe
جز	dʒˈoz
نیست	nˈist
بازمی‌گردد	bˈɑzemˌiɡˈardad
رها	rahˈɑ
بسامدیِ	bˌasɑːmadˈie
بازتا	bˈɑztˈɑ
می‌داشت	midˈɑʃt
حالتِ	hɑlˈate
ساختارِ	sˈɑxtˈɑre
طولِ	tˈuːle
تجربه‌ای	tadʒrˈobeˈiː
غنی‌شده	q1ˈaniʃˈodeː
بالقوگی	bˈɑlq1uːɡˌi
بسطِ	bˈaste
بعدی	bˈaʔdi
سرانجام	sarˈandʒɑm
نفسِ	nafˈase
بازدمِ	bɑzdˈame
می‌یابد	mijˈɑbad
ادامه	edˈɑmeː
چرخه	tʃˈarxeː
پی	pˈej
دم	dˈam
می‌پرورید	miparvˈarid
ناظر	nˈɑzer
ماندگار	mɑndɡˈɑr
لمس	lˈams
هنوز	hˈanuz
حالی	hˈɑli
بوده	bˈuːdeː
همیشه	hamˈiʃeː
می‌پیوندد	mipejvˈandad
خودتان	xodˈetɑn
برمی‌خیزد	bˈarmixˈizad
دیدگاه	didɡˈɑh
راهنماییِ	rˌɑhnamɑˈiːe
واقعاً	vˈɑq1eʔˈan
خنده	xˈandeː
اینکه	ˈinkeː
فهمیدنِ	fˌahmidˈane
خواهد	xˈɑːhad
تغییر	tˈaq1iːr
شوخ‌طبعی	ʃˈuːxtabʔˈi
ناگهانی	nˌɑɡahˈɑni
نیرویِ	nˌiruːjˈee
شادی	ʃˈɑdi
گسستگی	ɡˌosastˈeɡi
رویدادِ	rujdˈɑde
دلنشین	delnˈeʃin
غیرمنتظره	q1ˈejremˌontazˌereː
تمام‌تن	tˈamɑmtˈan
ناخودآگاهِ	nɑxˈodɑːɡˌɑhe
خودانگیخته	xˌodanɡˈixteː
پاسخِ	pɑsˈoxe
رخ	rˈox
راستین	rˈɑstin
خنده‌ای	xˈandeːˈiː
بی‌همتاست	bihˈamtɑːst
انسان	ensˈɑn
عاطفیِ	ˈɑtefˌie
پاسخ‌های	pˈɑsoxhˈɑje
بازسازمان	bɑzsˈɑzemˌɑn
الکترومغناطیسیِ	ˌelektˌeromˌeq1nɑtisˈie
اوج	ˈoːdʒ
نگه‌داشتن	nˈeɡahdˈɑʃtan
همیشگیِ	hˌamiʃeɡˈie
الگوهای	ˌolɡuhˈɑje
عصبی	asˈabi
دستگاهِ	dastɡˈɑhe
تکان	tˈekɑn
به‌طور	beːtˈoːr
می‌دارد	midˈɑrad
تنشی	tanˈeʃi
ساختارهای	sˈɑxtˈɑrhˈɑje
ماهیچه‌ای	mɑhˈitʃeˈiː
انقباض‌های	ˌenq1ebˈɑzhˈɑje
اندازه‌گیری	ˈaːndˈɑzeːɡˈiri
قابل	q1ˈɑbel
کوتاه	kuːtˈɑh
دستگاه	dˈastɡˈɑh
می‌جهد	midʒˈahd
باندی	bˈɑndi
پهنای	pahnˈɑje
نزدیک‌تر	nˈazdiktˈar
بهشت	bˈeheʃt
پایدار	pˈɑjdɑr
سرخوشیِ	sarxoʃˈie
ماجرا	mɑdʒˈarɑ
کلیدِ	kelˈide
می‌شکند	miʃekˈanad
الگو	ˈolɡu
همیشگی	hˌamiʃˈeɡi
می‌چرخانند	mitʃarxˈɑnand
بسامدها	bˌasɑːmˈadhɑ
شرطی‌شده	ʃˈartiʃˈodeː
واکنش‌های	vɑkˈoneʃhˈɑje
تمرین‌شده	tˈamrinʃˈodeː
روایت‌های	revˈɑjathˈɑje
تکراری	tekrˈɑri
کنند	kˈonand
پیش‌بینی‌اش	pˈiʃbˈiːniːˈaʃ
الگوها	olɡˈuhɑ
می‌آفریند	miˌɑːfarˈinad
پاسخی	pɑsˈoxi
محرکِ	mˌoharrˈeke
می‌تواند	mitavˈɑnad
تازه‌ای	tˈɑzeːˈiː
چیزِ	tʃˈize
شکسته	ʃekˈasteː
الگوی	olɡˈuje
شکافی	ʃekˈɑfi
زمانِ	zamˈɑne
تقریباً	taq1rˈiban
خنده‌ی	xˈandeːjˈeː
بلافاصله	belɑfˈɑselˌeː
لحظه‌های	lˈahzeːhˈɑje
خاموش	xˈɑmuːʃ
فرو	fˈoru
صدایش	sedˈɑːjaʃ
معمولاً	maʔmˈuːlan
همهمه‌ی	hamhˈameːjˈeː
بوده‌اند	bˈuːdeːˈand
بامزه‌ترین‌ها	bɑmˈazeːtˈarinhˈɑ
سیاره‌ی	sajjˈɑreːjˈeː
موجودات	moːdʒˈuːdɑt
فرزانه‌ترین	farzˈɑneːtˈarin
ادراکی‌اند	eːdrˈɑkiˈand
مهارتِ	mˌahɑrˈate
بیانِ	bajˈɑne
ژرفا	ʒarfˈɑ
توانِ	tˈavɑnˌe
شکاف	ʃˈekɑf
کمدی	komˈodi
بینش	bˈineʃ
فرزانگی	fˌarzɑnˈeɡi
یکی	jˈeki
ادراک	ˈeːdrɑk
باشد	bˈɑʃad
پرورده	parvˈardeː
دو	dˈo
فرق	fˈarq1
ببیند	bebˈinad
زیرِ	zˈire
زیبایی‌ی	zibˈɑiːjˈeː
بخندد	bexˈandad
پوچیِ	puːtʃˈie
بی‌شوخی	biʃˈuːxi
جدیِ	dʒeddˈie
جوینده‌ی	dʒujˈandeːjˈeː
عمل	ˈamal
بخندید	bexˈandid
نهادند	nˈahˈɑdand
معماریِ	mˌeʔmɑrˈie
می‌گوییم	miɡˈuːjiːm
موجوداتی	mˌoːdʒuːdˈɑti
کرده	kˈardeː
سرشتِ	serˈeʃte
وانمود	vɑːnˈemud
خدایی	xodˈɑiː
گم	ɡˈom
بعد	bˈaʔd
واقعیتی	vˈɑq1eʔˈiːjatˌi
کیهانیِ	kˌejhɑnˈie
کمدیِ	kˌomodˈie
نمی‌تواند	nˌemitavˈɑnad
ذهن	zˈehn
مقیاسی	mˌeq1ijˈɑsi
فرایندی	farɑjˈandi
کنترل	kˈontorˌol
داشتنِ	dˈɑʃtanˌe
ناامیدانه‌ی	nˌɑomidˈɑneːjˈeː
تلاش‌های	talˈɑʃhˈɑje
غریبه	q1arˈibeː
جدی	dʒˈeddi
تمرین‌کننده‌ی	tˈamrinkonˈandeːjˈeː
شاید	ʃˈɑjad
سهولتی	sˌohuːlˈati
روشنی	roːʃˈani
دانستن	dɑnˈestan
پیِ	pˈeje
هست	hˈast
کارِ	kˈɑre
کیفیتی	kˌejfiːjˈati
بی‌بهره	bibˈahreː
منضبط	monzˈabet
تلاشِ	talˈɑʃe
آزادی	ˈɑzˈɑdi
حسی	hˈesi
بازیگوشی	bˌɑziɡˈuʃi
سبک‌بالی	sˈabokbˈɑli
سبکی	sabˈoki
کارکردی	kɑrkˈardi
پاک	pˈɑk
مجرای	madʒrˈɑje
راستینِ	rɑstˈine
شگفتیِ	ʃˌeɡeftˈie
تازگی	tˈɑzeɡˌi
پاک‌شده	pˈɑkʃˈodeː
اندیشه‌ی	andˈiʃeːjˈeː
بازیافت‌شده‌ی	bˈɑzjɑftʃˈodeːjˈeː
مجرا	madʒrˈɑ
پربارترین‌اند	porbˈɑrtarˌinˈand
اغلب	ˈaːq1lab
آفرینشگرانه‌ی	ˌɑːfarˌineʃɡarˈɑneːjˈeː
بازیگوشانه‌ترین	bˌɑziɡuʃˈɑnetˈarin
بامزه‌ترین	bɑmˈazeːtˈarin
نمی‌دهد	nˌemidˈahad
اجازه‌اش	edʒˈɑːzeːˈaʃ
کنترل‌گر	kˈontorˌolɡˈar
جنسی	dʒˈensi
بی‌پالایش	bipɑlˈɑjeʃ
گفتن	ɡˈoftan
شایسته‌ی	ʃɑjˈesteːjˈeː
نسبت	nˈesbat
گفته	ɡˈofteː
می‌آفریند»	miˌɑːfarˈinad
هستم	hˈastam
کسی	kˈasi
«من	mˈan
می‌نشیند	mineʃˈinad
مستقیم	mostˈaq1im
سرگرمیِ	sˌarɡarmˈie
منسجمِ	mˌonsadʒˈeme
شادیِ	ʃˈɑdiˌe
قلبی	q1ˈalbi
بدنی	badˈani
سنگین	sˈanɡin
جدیتِ	dʒˌeddijˈate
جمله	dʒˈomleː
برابر	barˈɑbar
می‌شناسد	miʃenˈɑsad
همانندها	hˌamɑːnˈandhɑ
نزدیک‌ترین	nˈazdiktˈarin
می‌افزاید	miafzˈɑjad
بازی	bˈɑzi
واقعیت	vˈɑq1eʔˈiːjat
غافل	q1ˈɑfel
معنویِ	mˌaʔnavˈie
عملِ	amˈale
لذتی	lezzˈati
لذت	lˈezzat
کنارِ	kenˈɑːre
اهمیتِ	ˌahammiːjˈate
طراحان	tarrˈɑhɑn
عبارت‌ها	ebˈɑrathˈɑ
مجموعه‌ای	mˌadʒmuːʔˈeːˈiː
موسیقی	muːsˈiq1i
درباره‌ی	darbˈɑreːjˈeː
کافی	kˈɑfi
باند	bˈɑnd
می‌خورد	mixˈord
پرداخته‌ایم	pardˈɑxteːˈiːm
تاکنون	tɑkˈonun
ژرف‌ترین	ʒˈarftˈarin
وجود	vˈodʒuːd
درون	dˈarun
فرایندِ	farɑjˈande
دادیم	dˈɑdim
سازمان	sˈɑzemˌɑn
ایستای	iːstˈɑje
موج‌های	mˈoːdʒhˈɑje
گرفتیم	ɡerˈeftim
خامِ	xˈɑme
شکل	ʃˈekl
ساختن	sˈɑxtan
می‌مانْد	mimˈɑnd
آهنگ‌سازی	ˈɑːhanɡsˈɑzi
فرایند	farˈɑjand
زمان	zamˈɑn
ریتمیکِ	ritmˈike
چرخه‌های	tʃˈarxeːhˈɑje
بُعدی	bˈoʔdi
باندهای	bɑndhˈɑje
می‌نوشتیم	minevˈeʃtim
سمفونی	samfˈoni
داشتیم	dˈɑʃtim
پیچیده	pitʃˈideː
ترکیبِ	tarkˈibe
مضمون‌هایی‌اند	mˈazmunhˈɑiːˈand
برمی‌گردانند	bˈarmiɡardˈɑnand
برهم‌کنش‌شان	bˈarhamkˈoneʃʃˈɑn
قانون‌هایی	q1ˈɑnuːnhˈɑiː
ذره‌ها	zˈarreːhˈɑ
نیروها	nirˈuːhɑ
اجزای	ˈaːdʒzˈɑje
هماهنگ	hamˈɑːhanɡ
اصولی	osˈuli
دیگری	dˈiɡarˌi
کند	kˈonad
مدلش	modˈelaʃ
کنونیِ	kˌonuːnˈie
ابعادی	ˈaːbʔˈɑdi
نشانی	neʃˈɑni
موسیقیِ	mˌuːsiq1ˈie
نظریه‌ی	nˈazarˌijejˈeː
ملودی	melˈodi
خام	xˈɑm
صدای	sˈedɑjˌeː
انسانی	ensˈɑni
نوازنده‌ای	nˌavɑzˈandeˈiː
اجرا	ˈeːdʒrɑ
کوچک	kˈuːtʃak
نسخه‌ای	nˈosxeːˈiː
ساختار	sˈɑxtˈɑr
ریتم	rˈitm
هارمونی	hɑrmˈoni
پیروی	pejrˈavi
یکسان	jeksˈɑn
گرداننده	ɡˌardɑnˈande
نوازنده	nˌavɑzˈande
شگفتی	ʃeɡˈefti
پیش‌بینی‌پذیری	pˈiʃbˈiːniːpazˈiri
بازیِ	bɑzˈie
تنوع	tanˈavvoʔ
تکرار	tˈekrɑr
گشایش	ɡoʃˈɑjeʃ
کشش	kˈeʃeʃ
زیباتر	zibˈɑtar
بازگردد	bɑzɡˈardad
غنایی	q1anˈɑiː
مضمونی	mazmˈuni
صدا	sedˈɑː
رسانه‌ی	rasˈɑneːjˈeː
معماری‌اند	meʔmˈɑriˈand
اصولِ	osˈule
این‌ها	iːnhˈɑ
برمی‌انگیزد	bˈarmianɡˈizad
اندازه	ˈaːndˈɑzeː
دلیلی	dalˈili
کوانتومی	kˌuɑntˈomi
هماهنگِ	hˌamɑːhˈanɡe
همان‌طور	hamˈɑntˈoːr
موسیقایی	mˌuːsiq1ˈɑiː
هماهنگیِ	hˌamɑhanɡˈie
راست	rˈɑst
ادراک‌شده	ˈeːdrɑkʃˈodeː
انسجام	ˌensedʒˈɑm
هم‌طنینی	hˈamtanˈini
ساز	sˈɑz
فعالانه‌ی	fˌaːʔɑlˈɑneːjˈeː
آفریدنِ	ˈɑfridˌane
نواختنِ	navˈɑxtanˌe
دسترس	dˈastras
همآفرینی	hamˌɑːfarˈini
شکل‌های	ʃˈeklhˈɑje
مستقیم‌ترین	mostˈaq1imtˈarin
گفتیم	ɡˈoftim
پیشین	pˈiʃin
پیامِ	pajˈɑme
پذیرندگی	pˌazirandˈeɡi
زیباشناختی	zibˈɑʃenˌɑxti
پژواکِ	peʒvˈɑke
هماهنگی	hˌamɑhˈanɡi
نسبت‌های	nˈesbathˈɑje
اطلاعاتِ	ˌeːttelɑʔˈɑte
راه	rˈɑh
شنوندگانی	ʃˌenavˌandeɡˈɑni
استخوان	ostˈoxɑn
پوست	pˈuːst
زیست‌فوتونی	zˈistfotˈoni
می‌گیرند	miɡˈirand
حقیقتِ	hˌaq1iq1ˈate
پیامی	pajˈɑmi
نیستند	nˈistand
جدا	dʒˈodɑ
معنوی	maʔnˈavi
بیداریِ	bˈidɑrˌie
تجربه‌هایی	tadʒrˈobehˈɑiː
قطعه‌های	q1atʔˈeːhˈɑje
برخی	bˈarxi
مبتنی	mobtˈani
ارتباطیِ	ˌertebˈɑtiˌe
آوردنِ	ˈɑvardˌane
کاملاً	kˈɑmelˌan
دوست‌داشتنی	dˈuːstdˈɑʃtanˌi
بزرگ	bozˈorɡ
حضور	hˈozuːr
سرشارِ	sarʃˈɑre
اشک	ˈaʃk
گرما	ɡarmˈɑ
می‌پذیرد	mipazˈirad
رسانده	resˈɑnde
عشقِ	ˈeːʃq1e
حضوری	hozˈuːri
گفته‌ایم	ɡˈofteːˈiːm
امروز	emrˈuz
داریم	dˈɑrim
باور	bˈɑvar
فهمی	fˈahmi
می‌سازید	misˈɑzid
موسیقی‌ای	muːsˈiq1iˈiː
می‌نویسید	minevˈisid
واژه‌هایی	vˈɑʒeːhˈɑiː
می‌آفرینید	miˌɑːfarˈinid
هنری	honˈari
می‌کنید	mikˈonid
برگزار	bˈarɡozˌɑr
حضورِ	hozˈuːre
گفت‌وگوهایی	ɡˈoftvˌaɡuːhˈɑiː
می‌دهید	midˈahid
رابطه‌هایی	rˈɑbetˌeːhˈɑiː
بنا	bˈanɑː
کسب‌وکارهایی	kˈasbvakˈɑrhˈɑiː
آمده	ɑːmˈadeː
پاره	pˈɑreː
بدل	bˈadal
می‌نگردش	minˈaɡardˌeʃ
ماندگاری	mɑndɡˈɑri
پُرمایه	pormˈɑje
نهادیم	nˈahˈɑdim
دادنِ	dɑːdˈane
هولوگرافیکی	hˌoloɡˌerɑfˈiki
ذخیره	zaxˈireː
به‌عنوانِ	beːonvˈɑne
هنرِ	honˈare
شوند	ʃˈavand
سویش	sˈuːjaʃ
میل	mˈeːjl
ببینندش	bebiːnˈandaʃ
خیال	xiˈɑl
می‌توانند	mitˈavɑnˌand
آینده	ɑjˈandeː
جهانی	dʒahˈɑni
اجازه‌ی	edʒˈɑːzeːjˈeː
یابند	jˈɑːband
هم‌ترازیِ	hˈamtarˈɑziˌe
سازوکارِ	sˌɑːzokˈɑre
شاعر	ʃˈɑʔer
حقیقتی	hˌaq1iq1ˈati
زیبایی	zibˈɑiː
کدی	kˈodi
نوشته	nevˈeʃteː
شعری	ʃˈeʔri
نوشتنش	nˌeveʃtˈanaʃ
الگویی	olɡˈuiː
آهنگی	ɑːhˈanɡi
بخواند	bexˈɑnad
ترکیب	tˈarkib
طنینِ	tanˈine
بسامدی‌اش	bˌasɑːmˈadiˈaʃ
تازگیِ	tˈɑzeɡˌie
هم‌ادراکی	hˈameːdrˈɑki
گفت‌وگویی	ɡˈoftvaɡˈuːiː
غنی	q1ˈani
امکان‌هایی	ˈemkɑnhˈɑiː
می‌گذارد	miɡozˈɑrad
نو	nˈoː
نبودند	nˈabuːdˌand
گفت‌وگو	ɡˈoftvˈaɡuː
می‌افزایید	miˈaːfzˈɑiːd
ممکن	mˈomken
مجموعه‌ی	mˌadʒmuːʔˈeːjˈeː
جلدی	dʒˈeldi
آگاهانه	ˌɑːɡɑhˈɑneː
برمی‌گزینید	bˈarmiɡˈozinˌid
گنجینه‌ی	ɡandʒˈineːjˈeː
پیام‌های	pˈajɑmhˈɑje
کتابخانه‌ای	kˌetɑbxˈɑneˈiː
رشد	rˈoʃd
به‌خاطرِ	beːxˈɑterˌe
مهم	mˈohem
انسجامی	ˌensedʒˈɑmi
کیفیت	kejfˈiːjat
کنار	kenˈɑːr
راهِ	rˈɑhe
می‌آفرینم	miˌɑːfarˈinam
آنم	ˈɑnam
فوتونیِ	fˌotonˈie
محیطِ	mohˈite
چگالیِ	tʃˌeɡɑlˈie
همه‌چیزهای	hˈameːtʃizhˈɑje
افزوده‌ای	ˈaːfzuːdˌeːˈiː
ببیندش	bˌebinˈadaʃ
سال	sˈɑl
هزار	hˈezɑr
درآورد	darˈɑːvard
حس‌شده	hˈesʃˈodeː
برمی‌کشد	bˈarmikˈeʃad
تمدن	tamˈaddon
سهمی	sˈahmi
شخصی	ʃˈaxsi
سپرده‌ای	sˈepordˌeːˈiː
روزانه	ruːzˈɑneː
یادداشتِ	jɑddˈɑʃte
آهنگ	ˈɑːhanɡ
متوازن	mˌotevˈɑzen
ستدِ	setˈade
کسب‌وکاری	kˈasbvakˈɑri
می‌خواند	mixˈɑnd
بسامدش	bˌasɑːmˈadaʃ
کارآفرینِ	kˌɑrɑːfarˈine
دانش	dˈɑneʃ
انتقالِ	ˌenteq1ˈɑle
معلمی	mˌoʔallˈemi
محتوا	mohtˈavɑ
آکاشیک	ˈɑkˈɑʃik
گزارش	ɡˈozɑrˌeʃ
می‌سپارد	misepˈɑrad
نمی‌داشت	nˌemidˈɑʃt
فرزندش	farzˈandaʃ
تعامل	taʔˈɑmol
والدی	vɑlˈedi
مادری	mɑdˈari
پدر	pˈedar
فرزندپروریِ	fˌarzandpˌarvarˈie
رابطه‌ای	rˈɑbetˌeːˈiː
هولوگرافیکِ	hˌoloɡˌerɑfˈike
حیرت‌انگیز	hˈejratˈaːnɡiz
جایگاهِ	dʒɑjɡˈɑhe
نسل‌های	nˈaslhˈɑje
سهمِ	sˈahme
مجموعِ	mˌadʒmuːʔˈe
می‌سپارند	misepˈɑrand
آگاهِ	ɑːɡˈɑhe
لنگرِ	lanɡˈare
بازتنظیم‌شده	bɑztˈanzimʃˈodeː
بدنِ	badˈane
کامل‌شده	kˈɑmelʃˈodeː
پلِ	pˈole
تاریخِ	tˈɑrixˌe
واقعیتِ	vˈɑq1eʔˈiːjatˌe
نویسندگانِ	nˌevisˌandeɡˈɑne
پُرکارترین	porkˈɑrtarˌin
عوامل	avˈɑmel
گسترش	ɡostˈareʃ
ماندگارند	mɑndɡˈɑrand
جهان‌هایی	dʒˈahɑnhˈɑiː
نشست	neʃˈast
دید	dˈid
جهان‌ها	dʒˈahɑnhˈɑ
خیالِ	xiˈɑle
کد	kˈod
ندای	nedˈɑje
یافت	jˈɑft
میلی	mˈeːjli
ساختند	sˈɑxtand
بودند	bˈuːdand
دریافته	darjˈɑfteː
دستِ	dˈaste
افزوده	ˈaːfzuːdˌeː
غنی‌بخش	q1ˈanibˈaxʃ
آفرینشی	ˌɑːfarinˈeʃi
واقعی	vˈɑq1eʔˈi
می‌رویم	mirˈavim
سومِ	sˈevvomˌe
دورِ	dˈuːre
سوم	sˈevvom
میراث	mirˈɑs
سازوکار	sɑːzˈokɑr
خدمت	xˈedmat
قوس	q1ˈoːs
اعلام	eʔlˈɑm
هدف	hˈadaf
نام‌گذاری	nˈɑmɡozˈɑri
قانون	q1ˈɑnuːn
موج	mˈoːdʒ
اثرِ	aːsˈare
شناخته	ʃenˈɑxteː
رسمیت	rasmˈiːjat
هدفِ	hadˈafe
والاترین	vˈɑlˈɑtarˌin
ماندگاریِ	mɑndɡˈɑriˌe
عبارت	ebˈɑrat
دوازده	dˈavɑzdˌah
بگویید	beɡˈuːiːd
کوکِ	kˈuːke
سرشت	sˈereʃt
هویت	hovˈijjat
دور	dˈuːr
سه	sˈeː
چگونه	tʃeɡˈuneː
انباشته	anbˈɑʃteː
اعلامِ	eʔlˈɑme
گرم	ɡˈarm
فقرات	faq1ˈarɑt
ستون	sˈotuːn
خم	xˈam
بوده‌ام	bˈuːdeːˈam
آرامم	ˈɑrˈɑmam
همه‌چیز	hˈameːtʃˈiz
پسِ	pˈase
برود	berˈavad
کجا	kˈodʒɑ
می‌داند	midˈɑnad
سکونم	sokˈuːnam
می‌کنم	mikˈonam
آزادانه	ˈɑzˈɑdɑnˌeː
همان‌قدر	hamˈɑnq1ˈadr
اینجاست	ˈindʒɑst
جهانِ	dʒahˈɑne
هویتِ	hˌovijjˈate
نیرومندتر	nˌiruːmˈandtar
صدایی	sedˈɑi
آمده‌اند	ɑːmˈadeːˈand
هستند	hˈastand
آفریننده‌هایش	ˌɑːfarinˈandehˈɑjaʃ
برمی‌آورد	bˈarmiˈɑvard
ببینیم	bebˈiːnim
می‌توانیم	mitˈavɑnˌim
ببریم	bebˈarim
نام	nˈɑm
لایه‌های	lˈɑjehˈɑje
هم‌آواهاست	hˈamˈɑvˈɑhˈɑst
هماهنگ‌ها	hamˈɑːhanɡhˈɑ
پرورشِ	pˌarvarˈeʃe
پیچیده‌تر	pitʃˈideːtˈar
می‌رسند	mirˈasand
پدیدار	padˈidɑr
ماه	mˈɑh
شش	ʃˈeʃ
غنی‌تر	q1ˈanitˈar
احساسِ	ehsˈɑːse
فاصله	fˈɑselˌeː
لایه‌ای	lˈɑjeˈiː
رسیدن	resˈidan
می‌پروراند	miparvˈarɑnd
توانایی‌های	tˌavɑnˈɑiːhˈɑje
پیچیدگی	pˌitʃidˈeɡi
موجودِ	moːdʒˈuːde
شیوه‌ای	ʃˈiveːˈiː
بگیرند	beɡˈirand
نمی‌توانستند	nˌemitˈavɑnˌestand
عبارت‌های	ebˈɑrathˈɑje
دارند	dˈɑrand
اطلاعاتی	ˌeːttelɑʔˈɑti
هم‌آواها	hˈamˈɑvˈɑhɑ
تجربی	tadʒrˈobi
داده‌ی	dˈɑdeːjˈeː
گریسته	ɡerˈisteː
خندیده	xandˈideː
گذشته	ɡozˈaʃteː
صفر	sˈefr
گنجینه	ɡandʒˈineː
اعلامیه	eʔlˈɑmijˌe
بافته	bˈɑfteː
انباشته‌ی	anbˈɑʃteːjˈeː
سهیم	sˈahim
ساختنش	sˈɑxtanˌaʃ
بایگانی‌ای	bɑjɡˌɑniˈiː
سفر	sˈafar
ببینند	bebˈiːnand
وزنِ	vˈazne
واژه‌ها	vˈɑʒeːhˈɑ
آنِ	ˈɑne
بیداری	bidˈɑri
دراز	dˈerɑz
عمرِ	ˈomre
باقیِ	bˈɑq1iˌe
بازمی‌تاباند	bˈɑzemˌitˈɑbˈɑnd
بعدی‌شان	bˈaʔdiʃˈɑn
شاهکارِ	ʃˈɑhkɑrˌe
زندگی‌های	zˈendeɡˌihˈɑje
کنشی	konˈeʃi
پرپیامدترین	porpˌajɑmadtˈarin
مقدس‌ترین	moq1ˈaddastˈarin
بیافرینید	biˈɑfarˌinid
پایانِ	pˈɑjɑnˌe
دارم	dˈɑram
دوستش	dˈustaʃ
منظره‌ای	manzˈareːˈiː
پیام	pˈajɑm
انگار	ˈenɡɑr
آشکارا	ˈɑʃkˈɑrˈɑ
هیجان‌انگیز	hajˈadʒɑnˈaːnɡiz
چقدر	tʃˈeq1adr
چگال‌تر	tʃˈeɡɑltˈar
ماند	mˈɑnd
دلم	dˈelam
داوری‌ای	dɑːvˈariˈiː
تن‌گیری‌ها	tˈanɡˈirihˈɑ
کنونی‌مان	konˈuːnimˈɑn
جهتِ	dʒahˈate
بدانیم	bedˈɑnim
تأییدی	taʔjˈidi
بودیم	bˈuːdim
شنیده	ʃenˈideː
یگانگی	jˌeɡɑnˈeɡi
چیزهایی	tʃizhˈɑiː
نمی‌دانم	nˌemidˈɑːnam
باشد؟»	bˈɑʃad?
خودم	xˈodam
نکند	nakˈonad
«هی	hˈeːj
فکر	fˈekr
مرا	marˈɑ
شرایط	ʃarˈɑjet
مانع‌ها	mˈɑneʔhˈɑ
درد‌ها	dˈardhˈɑ
بردند	bˈordand
هیجان‌زده‌ام	hajˈadʒɑnzˈadeːˈam
نبود	nˈabuːd
گفتم	ɡˈoftam
برگردید	barɡˈardid
باری	bˈɑri
کردم	kˈardam
گفتم.»	ɡˈoftam.
شدم	ʃˈodam
رویارو	rujˈɑruː
فقط	fˈaq1at
پخش	pˈaxʃ
فهرست	fˈehrest
مورد	mˈoːred
می‌خندیدند	mixandˈidand
بامزه	bɑmˈazeː
می‌گویم	miɡˈuːjam
بارها	bˈɑrhɑ
همچنان	hamtʃenˈɑn
رسید	rˈesid
می‌گویند	miɡˈujand
شوخ‌طبعیِ	ʃˈuːxtabʔˈie
روشن‌ترین	rˈoːʃantˈarin
می‌کردند	mikˈardand
می‌دادند	midˈɑdand
می‌کردم	mikˈardam
داشتم	dˈɑʃtam
بگیرم	beɡˈiram
قاه‌قاهِ	q1ˈɑhq1ˈɑhe
لبخند	lˈabxand
جلوی	dʒolˈoje
نمی‌توانستم	nˌemitˈavɑnˌestam
کوچکِ	kuːtʃˈake
نسخه‌ی	nˈosxeːjˈeː
نشدنی	nˈaʃodˌani
قطعه‌ها	q1atʔˈeːhˈɑ
مرکزی	markˈazi
مکاشفه‌ی	mˌokɑʃˈefeːjˈeː
شعر	ʃˈeʔr
برسانیم	bˌeresˈɑnim
پایان	pˈɑjɑn
اینجا	ˈindʒɑ
عبارت‌هایی	ebˈɑrathˈɑiː
گفتنِ	ɡaftˈane
بیایید	biˈɑiːd
