evening	ˈiːvnɪŋ
settle	sˈɛtəl
slowly	slˈəʊli
shoulders	ʃˈəʊldəz
like	lˈaɪk
warm	wˈɔːm
blanket	blˈaŋkɪt
Notice	nˈəʊtɪs
softens	sˈɒfənz
grip	ɡɹˈɪp
Nothing	nˈɒθɪŋ
nowhere	nˈəʊweə
there	ðˈɛə
anything	ˈɛnɪθˌɪŋ
left	lˈɛft
fix	fˈɪks
lantern	lˈɑːntən
attention	ɐtˈɛnʃən
dims	dˈɪmz
gentler	dʒˈɛntlə
rises	ɹˈaɪzɪz
muscle	mˈʌsəl
unclench	ʌnklˈɛntʃ
invited	ɪnvˈaɪtɪd
kindly	kˈaɪndli
Rest	ɹˈɛst
reward	ɹɪwˈɔːd
earn	ˈɜːn
Imagine	ɪmˈadʒɪn
lake	lˈeɪk
reflection	ɹɪflˈɛkʃən
moon	mˈuːn
thoughts	θˈɔːts
drift	dɹˈɪft
past	pˈɑːst
clouds	klˈaʊdz
watch	wˈɒtʃ
dissolve	dɪzˈɒlv
Beneath	bˈɛnəθ
worry	wˈʌɹi
steady	stˈɛdi
patient	pˈeɪʃənt
hums	hˈʌmz
softly	sˈɒftli
welcoming	wˈɛlkʌmɪŋ
tired	tˈaɪəd
cell	sˈɛl
Allow	ˈaləʊ
limbs	lˈɪmz
sink	sˈɪŋk
mattress	mˈatɹəs
little	lˈɪtəl
melts	mˈɛlts
older	ˈəʊldə
doubts	dˈaʊts
Silence	sˈaɪləns
gentle	dʒˈɛntəl
unhurried	ʌnhˈʌɹɪd
friend	fɹˈɛnd
gathering	ɡˈaðəɹɪŋ
spreading	spɹˈɛdɪŋ
outward	ˈaʊtwəd
ripples	ɹˈɪpəlz
Tomorrow	təmˈɒɹəʊ
tonight	tənˈaɪt
keep	kˈiːp
slow	slˈəʊ
vigil	vˈɪdʒɪl
ancient	ˈeɪnʃənt
mending	mˈɛndɪŋ
hours	ˈaʊəz
wash	wˈɒʃ
day's	dˈeɪz
small	smˈɔːl
disappointments	dˌɪsɐpˈɔɪntmənts
soft	sˈɒft
tide	tˈaɪd
further	fˈɜːðə
shore	ʃˈɔː
There	ðˈɛə
spaciousness	spˈeɪʃəsnəs
no	nˈəʊ
disturb	dɪstˈɜːb
Dreams	dɹˈiːmz
gather	ɡˈaðə
edge	ˈɛdʒ
kind	kˈaɪnd
Trust	tɹˈʌst
darkness	dˈɑːknəs
cradles	kɹˈeɪdəlz
seeds	sˈiːdz
morning	mˈɔːnɪŋ
Breathe	bɹˈiːð
breathe	bɹˈiːð
fades	fˈeɪdz
gently	dʒˈɛntli
calm	kˈɑːm
