Deixe	dˈeɪʃɪ
noite	nˈoɪtʃɪ
pousar	pˈoʊzaɾ
devagar	dˌevaɡˈaɾ
ombros	ˈo̃nbɾʊs
cobertor	kˌobˈeɾtˈoɾ
morno	mˈoɾnʊ
Perceba	pˌeɾsˈebɐ
respiração	xˌespiɾasˈɐ̃ʊ̃
suaviza	swˌavˈizɐ
amarras	ˌamaɾɐs
Nada	nˈadɐ
exigido	ˌeziʒˈidʊ
nada	nˈadɐ
consertar	kˌo̃nseɾtˈaɾ
lanterna	lˈɐ̃tˈɛɾnɐ
atenção	ˌate̃nsˈɐ̃ʊ̃
diminui	dʒˌiminˈuɪ
gentil	ʒˈe̃ntʃˈiʊ
nasce	nˈasɪ
músculo	mˌuskulʊ
relaxar	xˌelˌaksˈaɾ
convidado	kˌo̃nvidˈadʊ
carinho	kˌaɾˈiɲʊ
prêmio	pɾˌemˈiʲʊ
conquista	kˌo̃ŋkˈistɐ
Imagine	ˌimˌaʒˈinɪ
lago	laɡʊ
tranquilo	tɾˈɐ̃kwˈilʊ
guardando	ɡwˌaɾdˈɐ̃ndʊ
reflexo	xˌˌeflˈɛksʊ
lua	lˈuɐ
nenhum	nˈeɲˈu̃m
pensamentos	pˌe̃nsˈɐmˈe̃ntʊs
passam	pasˈɐ̃ʊ̃
nuvens	nʊveɪ̃s
apenas	ˌapenɐs
observa	ˌobsˈɛɾvɐ
dissolverem	dʒˌesˈoʊvˈeɾeɪ̃
Debaixo	dˌebˈaɪʃʊ
preocupação	pɾˌeokʊpasˈɐ̃ʊ̃
constante	kˌo̃nstˈɐ̃tʃɪ
paciente	pˈasjˈe̃ntʃɪ
sussurra	sˌusˈuɾɐ
suavemente	swˌavˈimˈe̃ntʃɪ
acolhendo	ˌakˈoʎˈe̃ndʊ
célula	sˈɛlulɐ
cansada	kˈɐ̃sˈadɐ
Permita	pˌeɾmˈitɐ
braços	bɾasʊs
pernas	pˈɛɾnɐs
afunde	ˌafˌu̃ndʒɪ
colchão	kˈoʊʃˈɐ̃ʊ̃
pouco	pˈoʊkʊ
desfaz	dʒisfˈaɪs
escuridão	ˌeskʊɾˈidˈɐ̃ʊ̃
Você	vosˈe
sustentado	sˌuste̃ntˈadʊ
antigo	ˈɐ̃tʃˈiɡʊ
dúvidas	dʊvˈidɐs
silêncio	sˈilˈe̃nsjʊ
manso	mˈɐ̃sʊ
pressa	pɾˈɛsɐ
velho	vˈeʎʊ
amigo	ˌɐmˈiɡʊ
Sinta	sˈi̃ntɐ
reunindo	xˌeˈunˈi̃ndʊ
atrás	ˌatɾˈaɪs
espalhando	ˌespaʎˈɐ̃ndʊ
amanhã	ˌɐmˈɐɲˈɐ̃
encontrará	ˌe̃ŋkˌo̃ntɾˈaɾˈa
caminho	kˌɐmˈiɲʊ
basta	bˈastɐ
existir	ˌezistʃˈiɾ
vigília	vˌiʒˈiljɐ
lenta	lˈe̃ntɐ
adormece	adˈoɾmˈɛsɪ
conhece	ko̃ɲˈɛsɪ
curar	kuɾˈaɾ
horas	ˈɔɾɐs
silenciosas	sˌilˌe̃nsjˈɔzɐs
lavar	lˈavˈaɾ
pequenas	pekenɐs
decepções	dˌesˈepsˈo̃ɪ̃s
maré	mˈaɾˈɛ
suave	swˈavɪ
leva	lˈɛvɐ
longe	lˈo̃nʒɪ
margem	mˈaɾʒeɪ̃
Existe	ˌezˈistʃɪ
amplidão	ˌɐ̃plidˈɐ̃ʊ̃
perturbar	pˌeɾtuɾbˈaɾ
sonhos	so̃ɲʊs
reúnem	xˌeʊneɪ̃
beira	bˈeɪɾɐ
pacientes	pasjˈe̃ntʃɪs
bondosos	bˈo̃ndˈozʊs
Confie	kˈo̃nfɪ
pois	pˈoɪs
embala	ˌe̃mbˈalɐ
sementes	sˈemˈe̃ntʃɪs
manhã	mˈɐɲˈɐ̃
Respire	xˌespˈiɾɪ
deixe	dˈeɪʃɪ
respire	xˌespˈiɾɪ
apaga	ˌapˌaɡɐ
suavidade	swˌavidˈadʒɪ
calma	kˈaʊmɐ
