Biarkan	biˈarkan
turun	tˈurun
perlahan	pərlˈahan
bahumu	bahˈumu
selimut	səlˈimut
hangat	hˈaŋat
napasmu	napˈasmu
melembut	məlˈɛmbut
Tidak	tˈidak
dituntut	ditˈuntut
darimu	darˈimu
perlu	pˈɛrlu
diperbaiki	dˌipərbˈaɪki
Lentera	ləntˈɛra
perhatian	pərhatˈian
terbit	tˈɛrbit
mengendur	məŋˈɛndur
diundang	diˈundaŋ
ramah	rˈamah
Istirahat	ˌistirˈahat
hadiah	hadˈiah
diraih	dˈiraɪh
melainkan	məlˈaɪnkan
Bayangkan	bajˈaŋkan
danau	dˈanaʊ
bayangan	bajˈaŋan
Pikiranmu	pˌikirˈanmu
melayang	məlˈajaŋ
awan	ˈawan
menyaksikannya	məɲˌaksikˈanɲa
larut	lˈarut
kecemasan	kətʃəmˈasan
mantap	mˈantap
sabar	sˈabar
berdengung	bərdˈɛŋuŋ
pelan	pˈɛlan
menyambut	məɲˈambut
sel	sˈɛl
lelah	lˈɛlah
berat	bˈɛrat
lengan	lˈɛŋan
kakimu	kakˈimu
tenggelam	təŋɡˈɛlam
kasur	kˈasur
Pada	pˈada
sedikit	sədˈikit
meleleh	məlˈɛləh
dipeluk	dipˈɛluk
keraguanmu	kərˌaɡuˈanmu
Sunyi	sˈuɲi
tergesa	tərɡˈɛsa
sahabat	sahˈabat
kehangatan	kəhaŋˈatan
berkumpul	bərkˈumpul
belakang	bəlˈakaŋ
hatimu	hatˈimu
menyebar	məɲˈɛbar
Esok	ˈɛsok
menemukan	mənəmˈukan
jalannya	dʒalˈanɲa
cukuplah	tʃukˈuplah
Bintang-bintang	bˌintaŋ-bˈintaŋ
jaganya	dʒaɡˈaɲa
lambat	lˈambat
terlelap	tərlˈɛlap
Tubuhmu	tubˈuhmu
kuno	kˈuno
menyembuhkan	məɲəmbˈuhkan
jam-jam	dʒˈamdʒam
membasuh	məmbˈasuh
kekecewaan	kəkˌɛtʃəwˈaan
kecil	kˈɛtʃil
Ombak	ˈombak
membawamu	məmbawˈamu
menjauh	mˈɛndʒaʊh
tepi	tˈɛpi
keluasan	kəluˈasan
diganggu	diɡˈaŋɡu
Mimpi	mˈimpi
baik	bˈaɪk
Percayalah	pərtʃajˈalah
kegelapan	kəɡəlˈapan
sebab	sˈɛbab
mengayun	məŋˈajun
benih-benih	bənˈih-bənih
pagi	pˈaɡi
Hirup	hˈirup
biarkan	biˈarkan
menghirupmu	məŋhirˈupmu
memudar	məmˈudar
ketenangan	kətənˈaŋan
