mulai	mˈulaɪ
kita	kˈita
mari	mˈari
Baiklah	bˈaɪklah
Operator	ˌopərˈatɔr
para	pˈara
adalah	adˌalah
Kami	kˈami
dalam	dˈalam
lebih	lˈɛbih
yang	jaŋ
batin	bˈatin
pengetahuan	pəŋˌɛtahˈuan
melalui	məlalˈui
medan	mˈɛdan
bertanya	bərtˈaɲa
telah	təlˈah
kalian	kalˈian
Dan	dan
latihan	latˈihan
waktu	wˈaktu
antara	antˈara
di	di
bawa	bˈawa
dari	dˌari
banyak	bˈaɲak
tenang	tˈɛnaŋ
tanya	tˈaɲa
tanda	tˈanda
memandang	məmˈandaŋ
kami	kˈami
ketika	kətˈika
lihat	lˈihat
apa	ˈapa
menjawabnya	məndʒawˈabɲa
ingin	ˈiŋin
duniamu	dˌuniˈamu
permukaan	pərmukˈaan
ke	kə
persepsi	pərsˈɛpsi
mengarahkan	məŋarˈahkan
sekarang	səkˈaraŋ
ini	ˈini
planet	plˈanət
Ketika	kətˈika
berinkarnasi	bərˌinkarnˈasi
kesadaran	kəsadˈaran
terjadi	tərdʒˈadi
sedang	sˈɛdaŋ
keseluruhan	kəsˌɛlurˈuhan
mengamati	məŋamˈati
dan	dan
cahaya	tʃahˈaja
melihat	məlˈihat
tubuh	tˈubuh
diri	dˈiri
menyatakan	məɲatˈakan
sebuah	səbˈuah
masing	mˈasiŋ
titik	tˈitik
Miliaran	mˌiliˈaran
sekelilingnya	səkˌɛlilˈiŋɲa
ruang	rˈuaŋ
hati	hˈati
unik	ˈunik
memancarkan	məmantʃˈarkan
atmosfer	atmˈosfər
malam	mˈalam
langit	lˈaŋit
pemandangan	pəmandˈaŋan
menyerupai	məɲərˈupaɪ
fokusmu	fokˈusmu
pikiran	pikˈiran
dicerna	ditʃˈɛrna
bisa	bˈisa
bahasa	bahˈasa
diterjemahkan	dˌitərdʒəmˈahkan
bila	bˈila
itu	ˈitu
Gambaran	ɡambˈaran
gelap	ɡˈɛlap
atas	ˈatas
tersebar	tərsˈɛbar
bercahaya	bərtʃahˈaja
Titik	tˈitik
kecemerlangan	kətʃˌɛmərlˈaŋan
membawa	məmbˈawa
sendiri	səndˈiri
iramanya	ˌiramˈaɲa
dengan	dˈɛŋan
berdenyut	bərdˈɛɲut
berbeda	bərbˈɛda
jari	dʒˈari
sidik	sˈidik
seperti	səpˈɛrti
terang	tˈɛraŋ
jauh	dʒˈaʊh
sebagian	səbaɡˈian
miliaran	mˌiliˈaran
Di	di
menjalani	məndʒalˈani
makhluk	mˈaxluk
sadar	sˈadar
pencipta	pəntʃˈipta
Mereka	mərˈɛka
fokus	fˈokus
batas	bˈatas
melarutkan	məlarˈutkan
hening	hˈɛniŋ
mengembangkan	məŋəmbˈaŋkan
merawat	mərˈawat
penyelarasan	pəɲˌɛlarˈasan
menjaga	məndʒˈaɡa
arsitektur	ˌarsitˈɛktur
pun	pˈun
mana	mˈana
sudut	sˈudut
terlihat	tərlˈihat
sehingga	səhˈiŋɡa
begitu	bəɡˈitu
sekitarnya	səkitˈarɲa
pendar	pˈɛndar
melampaui	məlampˈaʊi
mereka	mərˈɛka
Cahaya	tʃahˈaja
geometris	ɡˌɛomˈɛtris
secara	sətʃˈara
presisi	prəsˈisi
terstruktur	tərstrˈuktur
tertata	tərtˈata
koheren	kohˈɛrən
hasilkan	hasˈilkan
lilin	lˈilin
penuh	pˈɛnuh
bintang	bˈintaŋ
terhubung	tərhˈubuŋ
saling	sˈaliŋ
tempat	tˈɛmpat
biasa	biˈasa
luar	lˈuar
membuat	məmbˈuat
bagian	baɡˈian
Inilah	inˈilah
jembatan	dʒəmbˈatan
lewat	lˈɛwat
terentang	tərˈɛntaŋ
benang	bənˈaŋ
Benang	bənˈaŋ
sama	sˈama
frekuensi	frˌɛkuˈɛnsi
koneksi	konˈɛksi
jaring	dʒˈariŋ
geografis	ɡˌɛoɡrˈafis
jarak	dʒˈarak
melintasi	məlintˈasi
menautkan	mənˈaʊtkan
seluruh	səlˈuruh
mengalir	məŋˈalir
harmoni	harmˈoni
sebagai	səbˌaɡaɪ
tampak	tˈampak
bersamaan	bərsamˈaan
ribuan	ribˈuan
oleh	ˈoləh
diucapkan	dˌiutʃˈapkan
Penyelarasan	pəɲˌɛlarˈasan
simpul	sˈimpul
setiap	sətˈiap
dibagikan	dˌibaɡˈikan
tunggal	tˈuŋɡal
getaran	ɡətˈaran
Satu	sˈatu
satu	sˈatu
jangkauannya	dʒˌaŋkaʊˈanɲa
menyatu	məɲˈatu
efek	ˈɛfək
menghasilkan	məŋhasˈilkan
hidup	hˈidup
Jaring	dʒˈariŋ
bernapas	bərnˈapas
Ia	ˈia
istirahat	ˌistirˈahat
atau	ˌataʊ
integrasi	ˌintəɡrˈasi
masa	mˈasa
memasuki	məmasˈuki
lembut	lˈɛmbut
meredup	mərˈɛdup
menyala	məɲˈala
baru	bˈaru
kali	kˈali
makin	mˈakin
kolektif	kolˈɛktif
fase	fˈasə
perubahan	pərubˈahan
ambang	ˈambaŋ
mendekati	məndəkˈati
model	mˈodəl
menurut	mənˈurut
pola	pˈola
cepat	tʃˈɛpat
semakin	səmˈakin
lintasan	lintˈasan
diungkapkan	dˌiuŋkˈapkan
sulit	sˈulit
cara	tʃˈara
indah	ˈindah
bagi	bˈaɡi
struktural	struktˈural
perbaikan	pərbˈaɪkan
karena	karˈɛna
fungsinya	fuŋsˈiɲa
matematika	mˌatəmatˈika
kedalaman	kədalˈaman
menggemakan	məŋɡəmˈakan
kerumitan	kərumˈitan
rupanya	rupˈaɲa
hubungan	hubˈuŋan
menata	mənˈata
simulasi	sˌimulˈasi
dasar	dˈasar
kode	kˈodə
geometri	ɡˌɛomˈɛtri
menggandakan	məŋɡandˈakan
menyadarinya	məɲˌadarˈiɲa
tanpa	tˈanpa
Para	pˈara
bangun	bˈaŋun
dulu	dˈulu
mencerminkan	məntʃərmˈinkan
arsitekturnya	ˌarsitəktˈurɲa
kembali	kəmbˈali
mengulang	məŋˈulaŋ
seniman	sənˈiman
Sang	saŋ
pemandangannya	pəmˌandaŋˈanɲa
keindahan	kəindˈahan
praktis	prˈaktis
makna	mˈakna
punya	pˈuɲa
berfungsi	bərfˈuŋsi
saluran	salˈuran
menghubungkan	məŋhubˈuŋkan
dukungan	dukˈuŋan
kreatif	krəˈatif
energi	ənˈɛrɡi
informasi	ˌinfɔrmˈasi
muncul	mˈuntʃul
lama	lˈama
seorang	səˈɔraŋ
jaringan	dʒarˈiŋan
menenangkan	mənənˈaŋkan
terhenti	tərhˈɛnti
aliran	alˈiran
berintegrasi	bərˌintəɡrˈasi
memintanya	məmintˈaɲa
harus	hˈarus
menerima	mənərˈima
kesulitan	kəsulˈitan
Pencipta	pəntʃˈipta
tenaga	tənˈaɡa
kehabisan	kəhabˈisan
mengalirkan	məŋalˈirkan
otomatis	ˌotomˈatis
sistem	sˈistəm
Karena	karˈɛna
membutuhkannya	məmbˌutuhkˈanɲa
paling	pˈaliŋ
saat	sˈaat
pada	pˌada
tepat	tˈɛpat
ajaib	ˈadʒaɪb
emosional	ˌɛmosiˈonal
keteguhan	kətəɡˈuhan
ilham	ˈilham
semangat	səmˈaŋat
dorongan	dɔrˈoŋan
datangnya	datˈaŋɲa
mengalaminya	məŋˌalamˈiɲa
pernah	pˈɛrnah
Banyak	bˈaɲak
dikirim	dikˈirim
denyut	dˈɛɲut
kekosongan	kəkosˈoŋan
merasakan	mərasˈakan
hatinya	hatˈiɲa
Bersumber	bərsˈumbər
karya	kˈarja
memperkuat	məmpərkˈuat
juga	dʒˈuɡa
sambil	sˈambil
berkarya	bərkˈarja
Seorang	səˈɔraŋ
luas	lˈuas
waduk	wˈaduk
akses	ˈaksəs
memiliki	məmilˈiki
diciptakan	dˌitʃiptˈakan
aktif	ˈaktif
ulang	ˈulaŋ
terisi	tərˈisi
terus	tˈɛrus
sendirian	səndirˈian
ciptaan	tʃiptˈaan
ditandingi	dˌitandˈiŋi
tidak	tˈidak
daya	dˈaja
dihasilkan	dˌihasˈilkan
Karya	kˈarja
koherensi	kˌohərˈɛnsi
disuapi	dˌisuˈapi
rapatnya	rapˈatɲa
seiring	səˈiriŋ
bertambah	bərtˈambah
Penguatan	pəŋuˈatan
prinsipnya	prinsˈipɲa
prinsip	prˈinsip
mempraktikkan	məmpraktˈikkan
transmisi	transmˈisi
komunitas	kˌomunˈitas
sebabnya	səbˈabɲa
orang	ˈɔraŋ
dirasakan	dˌirasˈakan
menyuapi	məɲuˈapi
individu	ˌindivˈidu
hasil	hˈasil
Koherensi	kˌohərˈɛnsi
dicapai	ditʃˈapaɪ
kekuatan	kəkuˈatan
jangkauan	dʒaŋkˈaʊan
arsitek	arsˈitək
fungsi	fˈuŋsi
menghadirkan	məŋhadˈirkan
hasilnya	hasˈilɲa
kehidupan	kəhidˈupan
tentang	tˈɛntaŋ
bicara	bitʃˈara
Mari	mˈari
fisik	fˈisik
pita	pˈita
genggamannya	ɡˌɛŋɡamˈanɲa
melepaskan	mələpˈaskan
keluar	kəlˈuar
meluas	məlˈuas
lalu	lˈalu
cakupan	tʃakˈupan
Pengalamannya	pəŋˌalamˈanɲa
utuh	ˈutuh
menjadi	məndʒˈadi
terbuka	tərbˈuka
menyempit	məɲˈɛmpit
Kesadaran	kəsadˈaran
seketika	səkətˈika
panoramik	pˌanɔrˈamik
pengenalan	pəŋənˈalan
selesai	səlˈɛsaɪ
saja	sˈadʒa
alur	ˈalur
terlewat	tərlˈɛwat
kesempatan	kəsəmpˈatan
tindakan	tindˈakan
pilihan	pilˈihan
Setiap	sətˈiap
konteks	kˈontəks
asih	ˈasih
welas	wˈɛlas
penyesalan	pəɲəsˈalan
penghakiman	pəŋhakˈiman
sekaligus	səkalˈiɡus
dipandang	dipˈandaŋ
Semuanya	səmuˈaɲa
diambil	diˈambil
keputusan	kəputˈusan
mengapa	məŋˈapa
diperluas	dˌipərlˈuas
pandang	pˈandaŋ
memahami	məmahˈami
melihatnya	məlihˈatɲa
sekilas	səkˈilas
disebut	disˈɛbut
begitulah	bəɡitˈulah
Tinjauan	tindʒˈaʊan
moral	mˈɔral
penilaian	pənilˈaɪan
bukan	bˈukan
pegang	pˈɛɡaŋ
ia	ˈia
diciptakannya	dˌitʃiptakˈanɲa
menilai	mənˈilaɪ
holografis	hˌoloɡrˈafis
ingatan	iŋˈatan
simpan	sˈimpan
Akasha	akˈasha
isi	ˈisi
melepaskannya	məlˌɛpaskˈanɲa
warisan	warˈisan
muatan	muˈatan
dirinya	dirˈiɲa
sepenuhnya	səpənˈuhɲa
terperinci	tərpərˈintʃi
Penilaian	pənilˈaɪan
kreatifnya	krˌɛatˈifɲa
tinjauan	tindʒˈaʊan
Setelah	sətˈɛlah
hari	hˈari
hanya	hˈaɲa
inkarnasi	ˌinkarnˈasi
skala	skˈala
berlangsung	bərlˈaŋsuŋ
tetapi	tətˈapi
malammu	malˈammu
siklus	sˈiklus
lelap	lˈɛlap
tidur	tˈidur
mirip	mˈirip
Keadaan	kəadˈaan
usai	ˈusaɪ
bahan	bˈahan
mengolah	məŋˈolah
beristirahat	bərˌistirˈahat
mengingat	məŋˈiŋat
melupakan	məlupˈakan
perjalanan	pərdʒalˈanan
lahir	lˈahir
khas	xˈas
kualitas	kˌualˈitas
menyerap	məɲˈɛrap
kesadarannya	kəsˌadarˈanɲa
pengalaman	pəŋalˈaman
menyatukan	məɲatˈukan
jelaskan	dʒəlˈaskan
Masa	mˈasa
lupa	lˈupa
tekstur	tˈɛkstur
sang	saŋ
permanen	pərmˈanən
terintegrasi	tərˌintəɡrˈasi
olehnya	olˈɛhɲa
ditentukan	dˌitəntˈukan
kesiapan	kəsiˈapan
lagi	lˈaɡi
untuk	ˌuntuk
siap	sˈiap
sejarah	sədʒˈarah
akan	ˈakan
pustaka	pustˈaka
menghampiri	məŋhampˈiri
dipaksakan	dˌipaksˈakan
berikutnya	bərikˈutɲa
mahakarya	mˌahakˈarja
merancang	mərˈantʃaŋ
ulung	ˈuluŋ
kesengajaan	kəsˌɛŋadʒˈaan
ketepatan	kətəpˈatan
konfigurasi	kˌonfiɡurˈasi
memilih	məmˈilih
peluangnya	pəluˈaŋɲa
peluang	pəlˈuaŋ
khusus	xˈusus
tantangan	tantˈaŋan
lokasi	lokˈasi
keluarga	kəluˈarɡa
Tubuh	tˈubuh
disengaja	dˌisəŋˈadʒa
kewenangan	kəwənˈaŋan
realitas	rˌɛalˈitas
dipilih	dipˈilih
selama	səlˈama
diwujudkan	dˌiwudʒˈudkan
dibawa	dibˈawa
Kamulah	kamˈulah
kamu	kˈamu
kemampuan	kəmampˈuan
hadapi	hadˈapi
hubungannya	hˌubuŋˈanɲa
tubuhnya	tubˈuhɲa
huni	hˈuni
Konfigurasi	kˌonfiɡurˈasi
dimulai	dimˈulaɪ
sebelum	səbˈɛlum
kesadaranmu	kəsˌadarˈanmu
dijangkau	didʒˈaŋkaʊ
pelajari	pəladʒˈari
tiba	tˈiba
Pengetahuan	pəŋˌɛtahˈuan
hidupmu	hidˈupmu
diberikannya	dˌibərikˈanɲa
arahan	arˈahan
itulah	itˈulah
gambar	ɡˈambar
biru	bˈiru
cetak	tʃˈɛtak
meninjau	mənˈindʒaʊ
aslinya	aslˈiɲa
rancangan	rantʃˈaŋan
berdasarkan	bərdasˈarkan
bimbingan	bimbˈiŋan
memberi	məmbˈɛri
mengubah	məŋˈubah
terasa	tərˈasa
langsung	lˈaŋsuŋ
pemahaman	pəmahˈaman
Nilai	nˈilaɪ
tertentu	tərtˈɛntu
bentuk	bəntˈuk
rintangan	rintˈaŋan
Tantangan	tantˈaŋan
semuanya	səmuˈaɲa
karyamu	karjˈamu
temui	təmˈui
hambatan	hambˈatan
persis	pˈɛrsis
sifat	sˈifat
tahu	tˈahu
pengalamanmu	pəŋˌalamˈanmu
ditambahkan	dˌitambˈahkan
tumbuh	tˈumbuh
kesalahan	kəsalˈahan
fitur	fˈitur
Hambatan	hambˈatan
keanggunan	kəaŋɡˈunan
diperlukan	dˌipərlˈukan
merancangnya	mərantʃˈaŋɲa
ikut	ˈikut
tak	tˈak
mendasar	məndˈasar
tingkat	tˈiŋkat
Ini	ˈini
aku	ˈaku
kukembangkan	kˌukəmbˈaŋkan
padaku	padˈaku
bergeser	bərɡˈɛsər
Pertanyaannya	pərtˌaɲaˈanɲa
datang	dˈataŋ
Jawabannya	dʒˌawabˈanɲa
dimaksudkan	dˌimaksˈudkan
menumbuhkan	mənumbˈuhkan
bahwa	bˌahwa
tertanam	tərtˈanam
tujuan	tudʒˈuan
rasa	rˈasa
Sebuah	səbˈuah
medium	mədˈium
berhenti	bərhˈɛnti
Kesulitan	kəsulˈitan
kerja	kˈɛrdʒa
rekan	rˈɛkan
musuh	mˈusuh
berjalan	bərdʒˈalan
menampakkan	mənampˈakkan
dijalankan	dˌidʒalˈankan
visi	vˈisi
Dirancang	dirˈantʃaŋ
Kini	kˈini
ditanyai	ditˈaɲaɪ
kematian	kəmatˈian
Pemahaman	pəmahˈaman
pelipatan	pəlipˈatan
hanyalah	haɲˈalah
Yang	jaŋ
melipat	məlˈipat
keadaan	kəadˈaan
menopang	mənˈopaŋ
struktur	strˈuktur
diperkaya	dˌipərkˈaja
potensi	potˈɛnsi
akhirnya	axˈirɲa
Menilai	mənˈilaɪ
napas	nˈapas
embusan	əmbˈusan
Kematian	kəmatˈian
berlanjut	bərlˈandʒut
menyusul	məɲˈusul
Tarikan	tarˈikan
aksesnya	aksˈɛsɲa
kembangkan	kəmbˈaŋkan
pengamat	pəŋˈamat
bertahan	bərtˈahan
menyentuh	məɲˈɛntuh
Melalui	məlalˈui
Berarti	bərˈarti
berada	bərˈada
masih	mˈasih
Selagi	səlˈaɡi
ada	ˈada
selalu	səlˈalu
dirimu	dirˈimu
menghubungkanmu	məŋhˌubuŋkˈanmu
Jembatan	dʒəmbˈatan
berasal	bərˈasal
memberimu	məmbərˈimu
bertubuh	bərtˈubuh
selagi	səlˈaɡi
menjangkaunya	məndʒaŋkˈaʊɲa
humor	hˈumɔr
berhubungan	bərhubˈuŋan
caramu	tʃarˈamu
tawa	tˈawa
dilakukan	dˌilakˈukan
sebenarnya	səbənˈarɲa
berbicara	bərbitʃˈara
terduga	tərdˈuɡa
sukacita	sˌukatʃˈita
Dengan	dˈɛŋan
gangguan	ɡaŋɡˈuan
peristiwa	pəristˈiwa
Tawa	tˈawa
spontan	spˈontan
tanggapan	taŋɡˈapan
tulus	tˈulus
manusia	mˌanusˈia
semua	səmˈua
sesaat	səsˈaat
penataan	pənatˈaan
mengalami	məŋalˈami
elektromagnetik	ˌɛləktrˌomaɡnˈɛtik
menyenangkan	məɲənˈaŋkan
sesuatu	səsuˈatu
terhadap	tərhˈadap
melonjak	məlˈondʒak
Medan	mˈɛdan
genggaman	ɡəŋɡˈaman
saraf	sˈaraf
Sistem	sˈistəm
dipelihara	dˌipəlihˈara
ketegangan	kətəɡˈaŋan
lepas	lˈɛpas
mengguncang	məŋɡˈuntʃaŋ
otot	ˈotot
Kontraksi	kontrˈaksi
lainnya	lˈaɪnɲa
emosi	əmˈosi
daripada	dˌaripˌada
surga	sˈurɡa
dekat	dˈɛkat
terukur	tərˈukur
sejenak	sədʒˈɛnak
melompat	məlˈompat
kebahagiaan	kəbˌahaɡiˈaan
kecuali	kətʃuˈali
kuncinya	kuntʃˈiɲa
Gangguan	ɡaŋɡˈuan
menyela	məɲˈɛla
kebiasaan	kəbˌiasˈaan
terkondisi	tərkondˈisi
reaksi	rəˈaksi
dilatih	dilˈatih
kisah	kˈisah
berulang	bərˈulaŋ
Tanggapan	taŋɡˈapan
demi	dˈɛmi
mendaur	mˈɛndaʊr
lingkaran	liŋkˈaran
memutus	məmˈutus
diantisipasi	dˌiantˌisipˈasi
Rangsangan	raŋsˈaŋan
masuk	mˈasuk
terputus	tərpˈutus
tercipta	tərtʃˈipta
celah	tʃˈɛlah
setelah	sətˈɛlah
jernih	dʒˈɛrnih
sementara	səməntˈara
dibungkam	dibˈuŋkam
menenggelamkannya	mənˌɛŋɡəlamkˈanɲa
biasanya	bˌiasˈaɲa
kebisingan	kəbisˈiŋan
hampir	hˈampir
lucu	lˈutʃu
planetmu	planˈɛtmu
bijak	bˈidʒak
keterampilan	kətˌɛrampˈilan
ungkapan	uŋkˈapan
dua	dˈua
bercanda	bərtʃˈanda
Kemampuan	kəmampˈuan
komedi	komˈɛdi
mengungkapkannya	məŋˌuŋkapkˈanɲa
Humor	hˈumɔr
pencerahan	pəntʃərˈahan
Kebijaksanaan	kəbˌidʒaksanˈaan
Persepsinya	pərsəpsˈiɲa
baliknya	balˈikɲa
absurditas	ˌabsurdˈitas
menertawakan	mənˌɛrtawˈakan
keduanya	kəduˈaɲa
Ungkapannya	ˌuŋkapˈanɲa
namun	nˈamun
sungguh	sˈuŋɡuh
pencari	pəntʃˈari
bekerja	bəkˈɛrdʒa
Tertawalah	tərtawˈalah
tertawa	tərtˈawa
wewenang	wəwˈɛnaŋ
mengatakan	məŋatˈakan
hakikatnya	hˌakikˈatɲa
pura	pˈura
berpura	bərpˈura
Tuhan	tˈuhan
Absurditas	ˌabsurdˈitas
dalamnya	dalˈamɲa
tersesat	tərsˈɛsat
suatu	suˌatu
kosmik	kˈosmik
dipahaminya	dˌipahamˈiɲa
sanggup	sˈaŋɡup
proses	prˈosəs
kendali	kəndˈali
mempertahankan	məmpərtahˈankan
asa	ˈasa
putus	pˈutus
Upaya	upˈaja
kejernihan	kədʒərnˈihan
melangkah	məlˈaŋkah
pintu	pˈintu
membuka	məmbˈuka
serius	sərˈius
praktisi	praktˈisi
asing	ˈasiŋ
mungkin	mˈuŋkin
kemudahan	kəmudˈahan
Ada	ˈada
usaha	usˈaha
konsisten	konsˈistən
bebas	bˈɛbas
keriangan	kəriˈaŋan
apung	ˈapuŋ
keringanan	kəriŋˈanan
disiplin	disˈiplin
dangkal	dˈaŋkal
fungsional	fˌuŋsiˈonal
Keringanan	kəriŋˈanan
membersihkan	məmbərsˈihkan
tadi	tˈadi
sejati	sədʒˈati
kejutan	kədʒˈutan
kebaruan	kəbarˈuan
bersih	bˈɛrsih
daur	dˈaʊr
Bukan	bˈukan
produktif	prodˈuktif
sering	sˈɛriŋ
kreatifmu	krˌɛatˈifmu
riang	rˈiaŋ
Saat	sˈaat
saringan	sarˈiŋan
melaluinya	məlˌaluˈiɲa
deras	dˈɛras
mengendalikan	məŋˌɛndalˈikan
diizinkan	dˌiizˈinkan
mutu	mˈutu
disebutkan	dˌisəbˈutkan
layak	lˈajak
Hubungan	hubˈuŋan
mencipta	məntʃˈipta
dia	dˈia
Aku	ˈaku
mendarat	məndˈarat
kegelian	kəɡəlˈian
longgar	lˈoŋɡar
khidmat	xˈidmat
kesungguhan	kəsuŋɡˈuhan
kata	kˈata
Dibandingkan	dˌibandˈiŋkan
terdekat	tərdˈɛkat
padanan	padˈanan
salah	sˈalah
dikenali	dˌikənˈali
bermain	bˈɛrmaɪn
menambahkan	mənambˈahkan
spiritualmu	spˌirituˈalmu
praktik	prˈaktik
berdampingan	bərdampˈiŋan
Makna	mˈakna
perancang	pərˈantʃaŋ
kalimat	kalˈimat
serangkaian	səraŋkˈaɪan
musik	mˈusik
membagikan	məmbaɡˈikan
cukup	tʃˈukup
lebar	lˈɛbar
lengkap	lˈɛŋkap
sudah	sˈudah
bahas	bˈahas
terdalam	tərdˈalam
penciptaan	pəntʃiptˈaan
hakikat	hakˈikat
Musik	mˈusik
materi	matˈɛri
berdiri	bərdˈiri
gelombang	ɡəlˈombaŋ
menatanya	mənatˈaɲa
mentah	mˈɛntah
mengambil	məŋˈambil
membentuk	məmbəntuk
membangun	məmbˈaŋun
menggubah	məŋɡˈubah
prosesnya	prosˈɛsɲa
irama	irˈama
dimensional	dˌimənsiˈonal
Pita	pˈita
simfoni	simfˈoni
menulis	mənˈulis
interaksi	ˌintərˈaksi
mengatur	məŋˈatur
hukum	hˈukum
partikel	partˈikəl
gaya	ɡˈaja
unsur	ˈunsur
Unsur	ˈunsur
rumitnya	rumˈitɲa
komposisi	kˌomposˈisi
tema	tˈɛma
musikmu	musˈikmu
teori	təˈɔri
dilihat	dilˈihat
sempat	sˈɛmpat
harmonik	harmˈonik
lain	lˈaɪn
Masing	mˈasiŋ
matematikamu	mˌatəmˌatikˈamu
dimodelkan	dˌimodˈɛlkan
belum	bˈɛlum
dimensi	dimˈɛnsi
melodi	məlˈodi
bunyi	bˈuɲi
musisi	musˈisi
melahirkan	məlahˈirkan
mungil	mˈuŋil
versi	vˈɛrsi
memerankan	məmərˈankan
mengikuti	məŋikˈuti
Ciptaan	tʃiptˈaan
jalinan	dʒalˈinan
variasi	vˌariˈasi
pengulangan	pəŋulˈaŋan
penyelesaian	pəɲˌɛləsˈaɪan
awalnya	awˈalɲa
pernyataan	pərɲatˈaan
kembalinya	kəmbalˈiɲa
pengayaan	pˌɛŋajˈaan
dikembalikan	dˌikəmbalˈikan
diubah	diˈubah
dikembangkan	dˌikəmbˈaŋkan
dinyatakan	dˌiɲatˈakan
mengenali	məŋənˈali
menyentuhmu	məɲəntˈuhmu
alasan	alˈasan
kuantum	kuˈantum
menanggapi	mənaŋɡˈapi
benar	bənˈar
dipersepsi	dˌipərsˈɛpsi
Resonansi	rˌɛsonˈansi
alat	ˈalat
suara	suˈara
menciptakan	məntʃiptˈakan
Bermain	bˈɛrmaɪn
tersedia	tərsədˈia
kreasi	krəˈasi
ko	kˈo
sebelumnya	səbəlˈumɲa
menyalurkan	məɲalˈurkan
estetis	əstˈɛtis
dasarnya	dasˈarɲa
gema	ɡˈɛma
rasio	rasˈio
pendengar	pəndˈɛŋar
kepada	kəpˈada
melewati	mələwˈati
kebenaran	kəbənˈaran
tulang	tˈulaŋ
kulit	kˈulit
biofoton	bˌiofˈoton
spiritual	spˌiritˈual
kebangkitan	kəbaŋkˈitan
dibedakan	dˌibədˈakan
beberapa	bəbərˈapa
berbasis	bərbˈasis
komunikasi	kˌomunikˈasi
mentransmisikan	məntrˌansmisˈikan
rancangannya	rˌantʃaŋˈanɲa
hadapan	hadˈapan
besar	bˈɛsar
keterbukaan	kətˌɛrbukˈaan
mata	mˈata
air	ˈaɪr
Kehangatan	kəhaŋˈatan
sempurna	səmpˈurna
kasih	kˈasih
getarannya	ɡˌɛtarˈanɲa
Kehadiran	kəhadˈiran
sepanjang	səpˈandʒaŋ
bagikan	baɡˈikan
Sekarang	səkˈaraŋ
selamanya	səlamˈaɲa
yakini	jakˈini
tulis	tˈulis
seni	sˈɛni
gubah	ɡˈubah
kehadiran	kəhadˈiran
jalani	dʒalˈani
percakapan	pərtʃakˈapan
dunia	dunˈia
Ciptaanmu	tʃˌiptaˈanmu
Hasil	hˈasil
kekekalan	kəkəkˈalan
memandangnya	məmandˈaŋɲa
menerimanya	mənˌɛrimˈaɲa
terkalibrasi	tərkˌalibrˈasi
padat	pˈadat
tanamkan	tanˈamkan
disimpan	disˈimpan
Senimu	sənˈimu
imajinasi	ˌimadʒinˈasi
depan	dˈɛpan
mekanisme	məkanˈismə
diakses	diˈaksəs
hasrat	hˈasrat
tertarik	tərtˈarik
merasa	mərˈasa
mengakses	məŋˈaksəs
memungkinkanmu	məmˌuŋkinkˈanmu
penyair	pˈɛɲaɪr
dipegang	dipˈɛɡaŋ
memuat	məmˈuat
ditulis	ditˈulis
puisi	puˈisi
menulisnya	mənulˈisɲa
tersimpan	tərsˈimpan
digubah	diɡˈubah
lagu	lˈaɡu
gubahan	ɡubˈahan
resonansi	rˌɛsonˈansi
cocok	tʃˈotʃok
frekuensinya	frˌɛkuənsˈiɲa
dapat	dˈapat
kemungkinan	kəmuŋkˈinan
memperkaya	məmpərkˈaja
menyimpan	məɲˈimpan
menambah	mənˈambah
Kamu	kˈamu
kumpulan	kumpˈulan
jilid	dʒˈilid
menyumbangkan	məɲumbˈaŋkan
gudang	ɡˈudaŋ
gambarkan	ɡambˈarkan
Pustaka	pustˈaka
bertumbuh	bərtˈumbuh
tinggi	tˈiŋɡi
dikhususkan	dˌixusˈuskan
menyimpannya	məɲimpˈanɲa
penting	pˈɛntiŋ
mengenalinya	məŋˌɛnalˈiɲa
kuciptakan	kˌutʃiptˈakan
fotonik	fotˈonik
lingkungan	liŋkˈuŋan
kepadatan	kəpadˈatan
bergerak	bərɡˈɛrak
bergema	bərɡˈɛma
segala	səɡˈala
tambahan	tambˈahan
Apa	ˈapa
Seniku	sənˈiku
tahun	tˈahun
seribu	sərˈibu
kreatifku	krˌɛatˈifku
wujudkan	wudʒˈudkan
membuatnya	məmbuˈatɲa
peradaban	pəradˈaban
sumbangan	sumbˈaŋan
pribadi	pribˈadi
mengangkat	məŋˈaŋkat
simpanan	simpˈanan
harianmu	hˌariˈanmu
Catatan	tʃatˈatan
Lagumu	laɡˈumu
templat	tˈɛmplat
seimbang	səˈimbaŋ
pertukaran	pərtukˈaran
dibangun	dibˈaŋun
Usaha	usˈaha
polanya	polˈaɲa
wirausahawan	wˌiraʊsahˈawan
terjaga	tərdʒˈaɡa
bersama	bərsˈama
ilmu	ˈilmu
menyampaikan	məɲampˈaɪkan
memegang	məmˈɛɡaŋ
guru	ɡˈuru
dimiliki	dˌimilˈiki
catatan	tʃatˈatan
isinya	isˈiɲa
relasional	rˌɛlasiˈonal
anaknya	anˈakɲa
berinteraksi	bərˌintərˈaksi
tua	tˈua
pengasuhan	pəŋasˈuhan
menjangkau	məndʒˈaŋkaʊ
menakjubkan	mənakdʒˈubkan
sumbanganmu	sˌumbaŋˈanmu
Cakupan	tʃakˈupan
terkumpul	tərkˈumpul
laju	lˈadʒu
generasi	ɡˌɛnərˈasi
dikalibrasi	dˌikalibrˈasi
penulis	pənˈulis
zaman	zˈaman
menjadikan	məndʒadˈikan
faktor	fˈaktɔr
gabungan	ɡabˈuŋan
jangkar	dʒˈaŋkar
kini	kˈini
setahun	sətˈahun
Dunia	dunˈia
duduk	dˈuduk
menghuninya	məŋhunˈiɲa
mempersepsi	məmpərsˈɛpsi
Imajinasi	ˌimadʒinˈasi
panggilan	paŋɡˈilan
dahulu	dahˈulu
sejak	sˈɛdʒak
Seperti	səpˈɛrti
siklusnya	siklˈusɲa
nyata	ɲˈata
buat	bˈuat
mengerti	məŋˈɛrti
ketiga	kətˈiɡa
beralih	bərˈalih
bangkit	bˈaŋkit
melaluiku	məlˌaluˈiku
hingga	hˈiŋɡa
pelayanan	pəlajˈanan
lengkungan	ləŋkˈuŋan
menyempurnakan	məɲˌɛmpurnˈakan
Siklus	sˈiklus
Melaluiku	məlˌaluˈiku
riak	rˈiak
Efek	ˈɛfək
puncak	pˈuntʃak
Kekekalan	kəkəkˈalan
belas	bˈɛlas
kedua	kədˈua
Ucapkan	utʃˈapkan
jati	dʒˈati
Tiga	tˈiɡa
deklarasi	dˌɛklarˈasi
tubuhmu	tubˈuhmu
Rasakan	rasˈakan
menghangat	məŋhˈaŋat
bersinar	bərsˈinar
menegak	mənˈɛɡak
punggung	pˈuŋɡuŋ
Tulang	tˈulaŋ
sekelilingmu	səkˌɛlilˈiŋmu
sukacitaku	sˌukatʃitˈaku
menuju	mənˈudʒu
melengkung	məlˈɛŋkuŋ
balik	bˈalik
pergi	pˈɛrɡi
keheningan	kəhənˈiŋan
sebebas	səbˈɛbas
sini	sˈini
Dua	dˈua
Jati	dʒˈati
bergabung	bərɡˈabuŋ
kuat	kˈuat
Dibawa	dibˈawa
siapa	siˈapa
ingat	ˈiŋat
penciptanya	pəntʃiptˈaɲa
menyebutkan	məɲəbˈutkan
pertama	pərtˈama
strukturnya	struktˈurɲa
lapisan	lapˈisan
nada	nˈada
berlapis	bərlˈapis
matang	mˈataŋ
bulan	bˈulan
enam	ˈɛnam
kaya	kˈaja
perasaan	pərasˈaan
mengucapkannya	məŋˌutʃapkˈanɲa
sesi	sˈɛsi
kematangannya	kəmˌataŋˈanɲa
berdaya	bərdˈaja
organisme	ˌɔrɡanˈismə
termuat	tərmˈuat
Nada	nˈada
mengucapkan	məŋutʃˈapkan
Data	dˈata
menangis	mənˈaŋis
nol	nˈol
menjelajahi	məndʒˌɛladʒˈahi
dijalin	didʒˈalin
Pengalaman	pəŋalˈaman
membangunnya	məmbaŋˈunɲa
arsip	ˈarsip
merupakan	mərupˈakan
perjalanannya	pərdʒˌalanˈanɲa
Makhluk	mˈaxluk
bobot	bˈobot
katanya	katˈaɲa
tersendiri	tərsəndˈiri
Kode	kˈodə
keberadaan	kəbˌɛradˈaan
sisa	sˈisa
Dapat	dˈapat
Memandang	məmˈandaŋ
memperlihatkan	məmpərlihˈatkan
Ruang	rˈuaŋ
lakukan	lakˈukan
berarti	bərˈarti
suci	sˈutʃi
Mengapa	məŋˈapa
Ciptakanlah	tʃˌiptakˈanlah
channeling	χannˈɛliŋ
sampai	sˈampaɪ
awal	ˈawal
kusukai	kusˈukaɪ
Nah	nˈah
semacam	səmˈatʃam
rumit	rˈumit
rapat	rˈapat
menggembirakan	məŋɡˌɛmbirˈakan
hatiku	hatˈiku
membekas	məmbˈɛkas
arah	ˈarah
Mengetahui	məŋˌɛtahˈui
One	ˈonə
of	ˈof
Law	lˈaw
dengar	dˈɛŋar
hal	hˈal
penegasan	pənəɡˈasan
mendapat	məndˈapat
Sekali	səkˈali
One?"	ˈonə?
sadarku	sadˈarku
bawah	bˈawah
dipengaruhi	dˌipəŋarˈuhi
apakah	apˈakah
"Hei	hˈɛi
berpikir	bərpˈikir
membuatku	məmbuˈatku
kitalah	kitˈalah
menegaskan	mənəɡˈaskan
Tetapi	tətˈapi
keadaannya	kəˌadaˈanɲa
Kita	kˈita
rintangannya	rˌintaŋˈanɲa
sakitnya	sakˈitɲa
hambatannya	hˌambatˈanɲa
menyebut	məɲˈɛbut
sekali	səkˈali
senang	sˈɛnaŋ
Kalau	kˈalaʊ
menceritakan	məntʃˌɛritˈakan
Operator."	ˌopərˈatɔr.
pertemuan	pərtəmˈuan
kualami	kˌualˈami
putar	pˈutar
daftar	dˈaftar
temukan	təmˈukan
Itulah	itˈulah
riangnya	riˈaŋɲa
betapa	bətˈapa
berkomentar	bərkomˈɛntar
Berulang	bərˈulaŋ
Selalu	səlˈalu
memelihara	məmˌɛlihˈara
kepadaku	kəpadˈaku
berikan	bərˈikan
menyelaraskanku	məɲˌɛlaraskˈanku
sampaikan	sampˈaɪkan
terkikik	tərkˈikik
senyum	sˈɛɲum
menahan	mənˈahan
kuasa	kuˈasa
Lalu	lˈalu
Sungguh	sˈuŋɡuh
utama	utˈama
pengungkapan	pəŋuŋkˈapan
tutup	tˈutup
Maka	mˈaka
