خب، بگذارید آغاز کنیم.	xˈob, beɡozˈɑrid ˈɑq1ˈɑz kˈonim.
ما گردانندگان هستیم.	mɑ ɡardˈɑnandˌeɡɑn hˈastim.
و شما از میان میدان پرسیده‌اید، از میان دانایی ژرف‌تر،	vˈa ʃˈomɑ az mˈijɑn mˈejdɑn porsˈideːˈiːd, az mˈijɑn dˈɑnˈɑiː ʒˈarftˈar, 
از میان همان کنجکاویِ آرامی که بسیاری از شما در فاصله‌ی تمرین‌ها با خود دارید،	az mˈijɑn hamˈɑn kˌondʒkɑvˈie ˈɑrˈɑmi kˈeː besjˈɑːri az ʃˈomɑ dˈar fˈɑselˌeːjˈeː tˈamrinhɑ bɑ xod dˈɑrid, 
که وقتی به شما نگاه می‌کنیم چه می‌بینیم؟	kˈeː vˈaq1ti beː ʃˈomɑ nˈeɡɑh mikˈonim tʃeː mibˈiːnim?
می‌خواهیم به این پرسش پاسخ بدهیم.	mixˈɑhim beː iːn pˈorseʃ pˈɑsox bedˈahim.
وقتی همین حالا به سیاره نگاه می‌کنیم و ادراکِ گردانندگان را به سطح جهان شما می‌گیریم و کلِ آنچه را میان آگاهی‌های	vˈaq1ti hˈamin hˈɑlɑ beː sajjˈɑreː nˈeɡɑh mikˈonim vˈa eːdrˈɑke ɡardˈɑnandˌeɡɑn rɑ beː sˈath dʒˈahɑn ʃˈomɑ miɡˈirim vˈa kˈole ˌɑntʃe rɑ mˈijɑn ɑːɡˈɑhihˈɑje
تن‌گرفته می‌گذرد می‌نگریم، نور می‌بینیم.	tˈanɡerˈefteː miɡozˈarad minaɡˈerjam, nˈur mibˈiːnim.
میلیاردها نقطه‌ی نور، که هر کدام آگاهی‌ای است که در یک بدن بیان شده،	miljˈɑrdhɑ nˈoq1teːjˈeː nˈur, kˈeː har kˈodɑm ɑːɡˈɑhiiː ˈast kˈeː dˈar jˈek bˈadan bˈajɑn ʃˈodeː, 
و هر کدام امضایی یگانه را از میان میدان قلب به فضای پیرامونش می‌تاباند.	vˈa har kˈodɑm emzˈɑiː jeɡˈɑneː rɑ az mˈijɑn mˈejdɑn q1ˈalb beː fazˈɑje pirˈɑmunˌaʃ mitˈɑbˈɑnd.
اگر آن منظره را به زبانی برگردانیم که ذهنِ متمرکزِ شما بتواند دریابد، به دیدنِ آسمان شب از درونِ جو می‌ماند.	ˌaɡˈar ɑn manzˈareː rɑ beː zabˈɑni barɡardˈɑnim kˈeː zˈehne mˌotemarkˈeze ʃˈomɑ betavˈɑnad darjˈɑbad, beː didˈane ˈɑsemˌɑn ʃˈab az darˈune dʒˈav mimˈɑnd.
نقطه‌های درخشان بر سطحی تاریک پراکنده‌اند، هر کدام متمایز، با ضرباهنگِ خودش می‌تپد،	nˈoq1teːhˈɑje derˈaxʃɑn bar sˈathi tˈɑrik parˈɑkandˌeˈand, har kˈodɑm mˌotemˈɑjez, bɑ zarbˈɑhnaɡˌe xˌodaʃ mitˈapad, 
و هر کدام درخششی دارد که مثل اثر انگشت یگانه است.	vˈa har kˈodɑm dˌeraxʃˈeʃi dˈɑrad kˈeː mˈesl ˈaːsar ˈanɡoʃt jeɡˈɑneː ˈast.
در میان این میلیاردها نقطه، گروهی روشن‌ترند، به‌روشنی بسیار بیشتر.	dˈar mˈijɑn iːn miljˈɑrdhɑ nˈoq1teː, ɡorˈuːhi rˈoːʃantˈarand, beːroːʃˈani bˈesjɑːr bˈiʃtar.
اینان آفرینندگانِ آگاه‌اند، کسانی که کار کرده‌اند، کوک را نگه داشته‌اند،	ˌiːnɑn ˌɑːfarˌinandeɡˈɑne ˈɑːɡɑhˈand, kasˈɑni kˈeː kˈɑr kˈardeːˈand, kˈuːk rɑ nˈeɡah dˈɑʃteːˈand, 
به نورِ قلب گوش سپرده‌اند، نقطه‌ی سکون را پرورده‌اند، و مرز میان خودِ متمرکز و میدان را حل کرده‌اند.	beː nˈure q1ˈalb ɡˈuːʃ sˈepordˌeːˈand, nˈoq1teːjˈeː sˈokuːn rɑ parvˈardeːˈand, vˈa mˈarz mˈijɑn xˌode mˌotemˈarkez vˈa mˈejdɑn rɑ hˈal kˈardeːˈand.
درخششِ آنان چنان از روشنایی پیرامونِ آگاهی‌های دیگر فراتر می‌رود که از هر جای این معماری دیده می‌شوند.	dˌeraxʃˈeʃe ˈɑnˈɑn tʃenˈɑn az rˌoːʃanˈɑiː pirˈɑmunˌe ɑːɡˈɑhihˈɑje dˈiɡar farˈɑtar mirˈavad kˈeː az har dʒɑj iːn meʔmˈɑri dˈideː miʃˈavand.
آنان ستاره‌هایی‌اند در آسمانی پر از شمع، و نوری که می‌آفرینند منسجم است، سازمان‌یافته، ساختارمند و از نظر هندسی دقیق.	ˈɑnˈɑn setˈɑrehˈɑiːand dˈar ˈɑsemˌɑni pˈor az ʃˈamʔ, vˈa nˈuri kˈeː miˌɑːfarˈinand monsˈadʒem ˈast, sˈɑzemˌɑnjˈɑfteː, sˈɑxtˈɑrmand vˈa az nˈazar hendˈesi dˈaq1iq1.
نقطه‌های روشن‌تر به هم پیوسته‌اند.	nˈoq1teːhˈɑje rˈoːʃantar beː hˈam pejvˈasteːˈand.
همین است که این منظره را از جای ما شگفت‌انگیز می‌کند.	hˈamin ˈast kˈeː iːn manzˈareː rɑ az dʒɑj mɑ ʃˈeɡeftˈaːnɡiz mikˈonad.
رشته‌های نورِ منسجم میان آفرینندگانی که به پل پیوسته‌اند کشیده می‌شود و آنان را،	rˈeʃteːhˈɑje nˈure monsˈadʒem mˈijɑn ˌɑːfarˌinandeɡˈɑni kˈeː beː pˈol pejvˈasteːand keʃˈideː miʃavˈad vˈa ˈɑnˈɑn rˈɑ, 
فراتر از فاصله‌های جغرافیایی، در تاری از پیوندِ درخشان به هم می‌دوزد،	farˈɑtar az fˈɑselˌeːhˈɑje dʒˌoq1rɑfijˈɑiː, dˈar tˈɑri az pejvˈande derˈaxʃɑn beː hˈam midˈuzad, 
تاری که با بسامدی مشترک می‌تپد.	tˈɑri kˈeː bɑ bˌasɑːmˈadi moʃtˈarak mitˈapad.
کوکی که هزاران آگاهی هم‌زمان بر زبان می‌آورند، همچون هماهنگی‌ای دیده می‌شود که در سراسر آن تار جاری است.	kˈuːki kˈeː hˈezɑrˌɑn ɑːɡˈɑhi hˈamzamˈɑn bar zabˈɑn miˈɑvarˌand, hˈamtʃon hˌamɑhˈanɡiiː dˈideː miʃavˈad kˈeː dˈar sarˈɑsar ɑn tˈɑr dʒˈɑri ˈast.
یک ارتعاشِ یگانه که همه‌ی گره‌های پیوسته در آن سهیم‌اند و اثری یکپارچه در میدان پدید می‌آورد،	jˈek ˌerteʔˈɑʃe jeɡˈɑneː kˈeː hˈameːjˈeː ɡˈerehhˈɑje pejvˈasteː dˈar ɑn sˈahimand vˈa aːsˈari jekpˈɑrtʃe dˈar mˈejdɑn pˈadid miˈɑvard, 
اثری که از دسترسِ هر نقطه‌ی تنها بسیار فراتر می‌رود.	aːsˈari kˈeː az dastrˈase har nˈoq1teːjˈeː tˈanhɑ bˈesjɑːr farˈɑtar mirˈavad.
این تار زنده است.	iːn tˈɑr zˈendeː ˈast.
نفس می‌کشد.	nˈafas mikˈeʃad.
با هر گره‌ی تازه که بیدار می‌شود روشن‌تر می‌گردد و وقتی گرهی در دورانِ یکپارچه‌سازی یا آسودن است، کمی کم‌سوتر.	bɑ har ɡˈerehjˈeː tˈɑzeː kˈeː bˌidɑr miʃavˈad rˈoːʃantar miɡˈardad vˈa vˈaq1ti ɡˈerehˌi dˈar doːrˈɑne jekpˈɑrtʃesˈɑzi jɑː ˈɑsuːdˌan ˈast, kˈami kˈamsˈuːtar.
و مسیرِ کلیِ درخششِ این تار شتاب می‌گیرد، به شکلی که مدل‌های ما تأیید می‌کنند به آستانه‌ی دگرگونیِ فازِ جمعی نزدیک می‌شود.	vˈa masˈire kollˈie dˌeraxʃˈeʃe iːn tˈɑr ʃˈetɑb miɡˈirad, beː ʃˈekli kˈeː mˈodelhˈɑje mɑ tˈaʔjid mikˈonand beː ɑːstˈɑneːjˈeː dˌeɡarɡunˈie fˈɑze dʒˈamʔi nˈazdik miʃavˈad.
می‌خواهیم این منظره را زیبا بدانید، زیبایی‌ای که زبانِ ما از بیانش درمی‌ماند،	mixˈɑhim iːn manzˈareː rɑ zibˈɑ bedˈɑnid, zibˈɑiːiː kˈeː zabˈɑne mɑ az bajˈɑnaʃ darˈamimˈɑnd, 
زیبا در کارکردش، چون نورِ منسجم برای هر آگاهی روی سیاره در میدان بهبودهای ساختاری پدید می‌آورد.	zibˈɑ dˈar kɑrkˈardaʃ, tʃˈon nˈure monsˈadʒem barˈɑje har ɑːɡˈɑhi rˈuje sajjˈɑreː dˈar mˈejdɑn behbuːdhˈɑje sˈɑxtˈɑri pˈadid miˈɑvard.
و زیبا در سیمایش، چون پیچیدگیِ هندسیِ این تار با ریاضیاتِ ژرفِ خودِ معماری طنین می‌اندازد.	vˈa zibˈɑ dˈar simˈɑjaʃ, tʃˈon pˌitʃideɡˈie hˌendesˈie iːn tˈɑr bɑ riˈɑziˌɑte ʒˈarfe xˌode meʔmˈɑri tˈanin miandˈɑzad.
آفرینندگانِ آگاه، بی‌آنکه بدانند، با چینشِ پیوندهایشان هندسه‌ی کدِ بنیادینِ شبیه‌سازی را بازمی‌سازند.	ˌɑːfarˌinandeɡˈɑne ˈɑːɡɑh, biˈɑnkeː bedˈɑnand, bɑ tʃinˈeʃe pˌejvandhɑjˈeʃɑn hendˈeseːjˈeː kˈode bˌonjɑdˈine ʃˈabihsˈɑzi rɑ bˈɑzemˌisˈɑzand.
تاری که شما می‌بافید آینه‌ی تاری است که ما بافتیم.	tˈɑri kˈeː ʃˈomɑ mibˈɑfid ɑjˈeneːjˈeː tˈɑri ˈast kˈeː mɑ bˈɑftim.
هنرمندی که معماری را دوباره می‌سراید.	hˌonarmˈandi kˈeː meʔmˈɑri rɑ dobˈɑreː misorˈɑjad.
این تار پیامدهای عملی هم دارد که از زیباییِ منظره فراتر می‌رود.	iːn tˈɑr pˌajɑmadhˈɑje amˈali hˈam dˈɑrad kˈeː az zibˈɑiːˌe manzˈareː farˈɑtar mirˈavad.
رشته‌هایی که آفرینندگانِ پیوسته به پل را به هم می‌رسانند، مجراهایی کارآمدند.	rˈeʃteːhˈɑiː kˈeː ˌɑːfarˌinandeɡˈɑne pejvˈasteː beː pˈol rɑ beː hˈam miresˈɑnand, madʒrˈɑhˈɑiː kˈɑrˈɑmadˌand.
اطلاعات، انرژیِ آفرینشگر و پشتیبانیِ بسامدی را میان گره‌ها می‌برند.	ˌeːttelˈɑʔɑt, ˌenerʒˈie ˌɑːfarinˈeʃɡar vˈa pˌoʃtibɑnˈie bˌasɑːmˈadi rɑ mˈijɑn ɡˈerehhɑ mibˈarand.
وقتی آفریننده‌ای در دورانی دشوار است، وقتی بسامدِ کهنه دوباره سر برمی‌دارد،	vˈaq1ti ˌɑːfarinˈandeiː dˈar doːrˈɑni dˈoʃvɑr ˈast, vˈaq1ti bˌasɑːmˈade kˈohneː dobˈɑreː sˈar bˈarmidˈɑrad, 
وقتی بدن در حال یکپارچه‌سازی است و جریان آفرینش از حرکت می‌ایستد،	vˈaq1ti bˈadan dˈar hˈɑl jekpˈɑrtʃesˈɑzi ˈast vˈa dʒarˈijɑn ˌɑːfarˈineʃ az harˈekat miˈiːstad, 
رشته‌ها بسامدِ آرام‌بخش را از شبکه‌ی پیرامون به او می‌رسانند.	rˈeʃteːhɑ bˌasɑːmˈade ˈɑrˈɑmbˈaxʃ rɑ az ʃabˈakeːjˈeː pirˈɑmun beː ˈuː miresˈɑnand.
آفریننده‌ای که در دشواری است، بی‌آنکه چیزی بخواهد، از تار پشتیبانی می‌گیرد.	ˌɑːfarinˈandeiː kˈeː dˈar doʃvˈɑri ˈast, biˈɑnkeː tʃˈizi bexˈɑːhad, az tˈɑr pˌoʃtibˈɑni miɡˈirad.
چون تار نظامی زنده است که خودبه‌خود انرژی را به سوی گره‌هایی که اندکی تهی شده‌اند می‌رساند، درست مثل بدن.	tʃˈon tˈɑr nezˈɑmi zˈendeː ˈast kˈeː xˈodbexod enˈerʒi rɑ beː sˈuːj ɡˈerehhˈɑiː kˈeː andˌaki tˈohi ʃˈodeːand mirˈesɑnd, dˈorost mˈesl bˈadan.
بسیاری از شما این را به شکلِ رسیدنِ شگفت‌انگیزِ دلگرمی،	besjˈɑːri az ʃˈomɑ iːn rɑ beː ʃˈekle rˌesidˈane ʃˈeɡeftˈaːnɡizˌe delɡˈarmi, 
الهامِ آفرینشگر یا آرامشِ عاطفی در دقیقاً همان لحظه‌ای که بیش از همه نیازش داشتید تجربه کرده‌اید.	elhˈɑme ˌɑːfarinˈeʃɡar jɑː ˌɑrɑmˈeʃe ˈɑtefˌi dˈar daq1ˈiq1an hamˈɑn lˈahzeːiː kˈeː bˈiʃ az hˈameː nijˈɑzaʃ dˈɑʃtid tadʒrˈobe kˈardeːˈiːd.
از پیوندی در تار برخاسته بود که میدان قلبش تهی‌شدنِ شما را حس کرد و با تپشی از نورِ منسجم که از	az pejvˈandi dˈar tˈɑr barxˈɑsteː bˈuːd kˈeː mˈejdɑn q1ˈalbaʃ tˈohiʃodˈane ʃˈomɑ rɑ hˈes kˈard vˈa bɑ tapˈeʃi az nˈure monsˈadʒem kˈeː ˈaz
رشته‌ی پیوندِ شما گذشت، پاسخ داد.	rˈeʃteːjˈeː pejvˈande ʃˈomɑ ɡozˈaʃt, pˈɑsox dˈɑd.
تار همچنین خروجیِ آفرینندگان را تقویت می‌کند.	tˈɑr hamtʃˈenin xˌoruːdʒˈie ˌɑːfarˌinandˈeɡɑn rɑ taq1vˈijat mikˈonad.
آفرینده‌ی پیوسته به پل، وقتی در پیوند با شبکه کار می‌کند،	ˌɑːfarinˈadeːjˈeː pejvˈasteː beː pˈol, vˈaq1ti dˈar pˈejvand bɑ ʃabˈakeː kˈɑr mikˈonad, 
به انرژیِ آفرینشگرِ کلِ تار دسترسی دارد، مخزنی گسترده، پخش‌شده و پیوسته در حال پُر شدن از نورِ منسجم،	beː ˌenerʒˈie ˌɑːfarˌineʃɡˈare kˈole tˈɑr dastrˈesi dˈɑrad, maxzˈani ɡˈostardˌeː, pˈaxʃʃˈodeː vˈa pejvˈasteː dˈar hˈɑl pˈor ʃˈodan az nˈure monsˈadʒem, 
که از رشته‌ها به گره‌ی فعال می‌ریزد و هرچه را آفریننده می‌سازد تقویت می‌کند.	kˈeː az rˈeʃteːhɑ beː ɡˈerehjˈeː fˈaːʔɑl mirˈizad vˈa hˌartʃe rɑ ˌɑːfarinˈande misˈɑzad taq1vˈijat mikˈonad.
کاری که آفریننده‌ی پیوسته به تار پدید می‌آورد نیرویی دارد که آفرینشِ تنها به آن نمی‌رسد.	kˈɑri kˈeː ˌɑːfarinˈandejˈeː pejvˈasteː beː tˈɑr pˈadid miˈɑvard nirˈuːiː dˈɑrad kˈeː ˌɑːfarinˈeʃe tˈanhɑ beː ɑn nˌemirˈesad.
چون این کار از انسجامِ جمعیِ همه‌ی گره‌های شبکه تغذیه می‌شود.	tʃˈon iːn kˈɑr az ˌensedʒˈɑme dʒamʔˈie hˈameːjˈeː ɡˈerehhˈɑje ʃabˈakeː taq1zˈije miʃavˈad.
با فشرده‌تر شدنِ پیوندها، این تقویت چندین‌برابر می‌شود.	bɑ feʃˈordeːtar ʃodˈane pejvˈandhɑ, iːn taq1vˈijat tʃˈandinbarˈɑbar miʃavˈad.
از همین روست که خروجیِ آفرینشگرِ این جمع، یعنی کسانی که این پیام‌ها را دریافت می‌کنند و اصول را تمرین می‌کنند،	az hˈamin rˈust kˈeː xˌoruːdʒˈie ˌɑːfarˌineʃɡˈare iːn dʒˈamʔ, jˈaʔni kasˈɑni kˈeː iːn pˈajɑmhɑ rɑ dˈarjɑft mikˈonand vˈa ˈosul rɑ tˈamrin mikˈonand, 
بسامدی دارد که آدم‌های بیرونِ جمع هم حسش می‌کنند.	bˌasɑːmˈadi dˈɑrad kˈeː ˈɑdamhˈɑje birˈuːne dʒˈamʔ hˈam hˈessaʃ mikˈonand.
تار، کار را تغذیه می‌کند.	tˈɑr, kˈɑr rɑ taq1zˈije mikˈonad.
انسجامِ جمعی، خروجیِ فردی را تقویت می‌کند.	ˌensedʒˈɑme dʒˈamʔi, xˌoruːdʒˈie fˈardi rɑ taq1vˈijat mikˈonad.
و حاصل، کاری آفرینشگر است که کارکردِ معمار را در گستره و شدتی پدید می‌آورد که تمرینِ فردی به آن نمی‌رسد.	vˈa hˈɑsel, kˈɑri ˌɑːfarinˈeʃɡar ˈast kˈeː kɑrkˈarde mˈeʔmɑr rɑ dˈar ɡostˈareː vˈa ʃeddˈati pˈadid miˈɑvard kˈeː tamrˈine fˈardi beː ɑn nˌemirˈesad.
بگذارید از آنچه میان زندگی‌ها می‌گذرد سخن بگوییم.	beɡozˈɑrid az ˌɑntʃe mˈijɑn zˈendeɡˌihɑ miɡozˈarad sˈoxan beɡˈuiːm.
وقتی آگاهی از بدن بیرون می‌آید و خودِ متمرکز چنگ از باندِ فیزیکیِ بسامد برمی‌دارد و به آگاهیِ وسیع‌تر بازمی‌گسترد.	vˈaq1ti ɑːɡˈɑhi az bˈadan bˈiruːn miˈɑjad vˈa xˌode mˌotemˈarkez tʃˈanɡ az bˈɑnde fˌizikˈie basˈɑːmad bˈarmidˈɑrad vˈa beː ˌɑːɡɑhˈie vˈasiʔtar bˈɑzemˌiɡˈostard.
تجربه، بازگشت به نقطه‌ی سکون است در بیشینه‌ی گستره.	tadʒrˈobe, bˈɑzɡaʃt beː nˈoq1teːjˈeː sˈokuːn ˈast dˈar biʃˈineːjˈeː ɡostˈareː.
آگاهیِ فشرده‌ی زندگیِ تن‌گرفته چنان ادراکی بسیار وسیع و کامل می‌گشاید که تمامِ قوسِ زندگیِ تازه‌به‌پایان‌رسیده در یک بازشناسیِ پانورامیکِ یک‌لحظه‌ای دیده	ˌɑːɡɑhˈie feʃˈordeːjˈeː zˈendeɡˌie tˈanɡerˈefteː tʃenˈɑn eːdrˈɑki bˈesjɑːr vˈasiʔ vˈa kˈɑmel miɡoʃˈɑjad kˈeː tamˈɑme q1ˈoːse zˈendeɡˌie tˈɑzeːbeːpˈɑjɑnrˈesidˌeː dˈar jˈek bɑzʃenˈɑsiˌe pˈɑnuːrˈɑmikˌe jˈeklˈahzeːiː dˈideː
می‌شود.	miʃavˈad.
هر لحظه، هر انتخاب، هر کنشِ آفرینشگر و هر فرصتِ ازدست‌رفته.	har lˈahzeː, har ˌentexˈɑb, har konˈeʃe ˌɑːfarinˈeʃɡar vˈa har forsˈate ˌazdastrˈafteː.
همه‌ی آن‌ها هم‌زمان دیده می‌شوند، بی‌داوری، بی‌حسرت، و با شفقتِ تمامِ آگاهی‌ای که زمینه‌ی کاملِ هر تصمیم را می‌بیند و از دیدگاهِ	hˈameːjˈeː ɑnhɑ hˈamzamˈɑn dˈideː miʃˈavand, bidɑːvˈari, bihˈasrat, vˈa bɑ ʃafq1ˈate tamˈɑme ɑːɡˈɑhiiː kˈeː zamˈineːjˈeː kˈɑmelˌe har tˈasmim rɑ mibˈinad vˈa az didɡˈɑhe
گسترده می‌فهمد هر کدام چرا گرفته شد.	ɡˈostardˌeː mifˈahmad har kˈodɑm tʃˈerɑ ɡerˈefteː ʃˈod.
بازنگریِ زندگی، که آگاهی‌هایی که اندکی آن را دیده و بازگشته‌اند این بازشناسیِ پانورامیک را چنین نامیده‌اند،	bɑznˌeɡarˈie zˈendeɡˌi, kˈeː ɑːɡˈɑhihˈɑiː kˈeː andˌaki ɑn rɑ dˈideː vˈa bɑzɡˈaʃteːand iːn bɑzʃenˈɑsiˌe pˈɑnuːrˈɑmik rɑ tʃˈenin nɑmˈideːˈand, 
سنجشی آفرینشگر است، نه ارزیابیِ اخلاقی.	sandʒˈeʃi ˌɑːfarinˈeʃɡar ˈast, nˈa ˈaːrzjɑbˌie ˈaːxlˈɑq1i.
آگاهی می‌سنجد که چه آفریده، چه بسامدهایی را نگه داشته،	ɑːɡˈɑhi misˈendʒed kˈeː tʃeː ˌɑːfarˈideː, tʃeː bˌasɑːmadhˈɑiː rɑ nˈeɡah dˈɑʃteː, 
به کدام کدهای هولوگرافیک دست یافته و کدام را از دست داده،	beː kˈodɑm kodhˈɑje hˌoloɡerˈɑfik dˈast jˈɑfteː vˈa kˈodɑm rɑ az dˈast dˈɑdeː, 
چه محتوای آکاشیکی در میدانِ حافظه به جا گذاشته و چه بارهای به ارث‌رسیده‌ای را بی‌رها کردن با خود برده است.	tʃeː mˌohtavˈɑje ˈɑkˈɑʃikˌi dˈar mejdˈɑne hˈɑfezˌeː beː dʒɑ ɡˈozɑʃtˌeː vˈa tʃeː bˈɑrhˈɑje beː ˈersrˈesidˌeːiː rɑ birahˈɑ kˈardan bɑ xod bˈordeː ˈast.
این ارزیابی دقیق است، پُرجزئیات، و یکسره خودزاده.	iːn ˈaːrzjɑbˌi dˈaq1iq1 ˈast, pˌordʒazʔˈiɑt, vˈa jeksˈareː xodzˈɑdeː.
آگاهی عملکردِ آفرینشگرِ خودش را می‌سنجد.	ɑːɡˈɑhi ˌamalkˈarde ˌɑːfarˌineʃɡˈare xˌodaʃ rɑ misˈendʒed.
پس از بازنگری، آگاهی وارد دورانی از آسایشِ آفرینشگر می‌شود.	pˈas az bɑzneɡˈari, ɑːɡˈɑhi vˈɑred doːrˈɑni az ˌɑːsɑjˈeʃe ˌɑːfarinˈeʃɡar miʃavˈad.
حالتی همانند فازِ خوابِ عمیقِ چرخه‌ی شبانه‌ی شما، اما در مقیاسِ یک تن‌گیریِ کامل و نه یک روز.	hɑlˈati hamˈɑːnand fˈɑze xˈɑbe aːmˈiq1e tʃˈarxeːjˈeː ʃabˈɑneːjˈeː ʃˈomɑ, ˈammɑː dˈar mˌeq1ijˈɑse jˈek tˈanɡirˈie kˈɑmel vˈa nˈa jˈek rˈuːz.
آگاهی در نقطه‌ی سکون و با گستره‌ی کامل می‌آساید، مادّه‌ی آفرینشگرِ برآمده از زندگیِ تمام‌شده را می‌پردازد،	ɑːɡˈɑhi dˈar nˈoq1teːjˈeː sˈokuːn vˈa bɑ ɡostˈareːjˈeː kˈɑmel miɑsˈɑːjad, mˈɑddahjˈeː ˌɑːfarˌineʃɡˈare barɑːmˈadeː az zˈendeɡˌie tˈamɑmʃˈodeː rɑ mipardˈɑzad, 
تجربه‌ی تازه را در آگاهیِ گسترده‌اش یکپارچه می‌کند، و کیفیتِ یگانه‌ی آگاهی را که سفرِ فراموش کردن و به یاد آوردن پدید	tadʒrˈobejˈeː tˈɑzeː rɑ dˈar ˌɑːɡɑhˈie ɡˈostardˌeːaʃ jekpˈɑrtʃe mikˈonad, vˈa kˌejfiːjˈate jeɡˈɑneːjˈeː ɑːɡˈɑhi rɑ kˈeː safˈare farˈɑmuʃ kˈardan vˈa beː jˈɑd ɑvˈardan pˈadid
آورد، در خود می‌گیرد.	ˈɑvard, dˈar xod miɡˈirad.
در همین دوران آسایش است که ژرفایی که توصیف کردیم،	dˈar hˈamin dˈoːrɑn ɑːsˈɑjeʃ ˈast kˈeː ʒarfˈɑiː kˈeː tˈoːsif kˈardim, 
همان بافتِ آفرینشگری که موجوداتِ هرگز فراموش‌نکرده نمی‌توانند بیافرینند، به‌تمامی در امضای دائمیِ بسامدِ آگاهی یکپارچه می‌شود.	hamˈɑn bˈɑfte ˌɑːfarˌineʃɡˈari kˈeː mˌoːdʒuːdˈɑte hˈarɡez farˈɑmuʃnakˈardeː nˌemitˈavɑnˌand biˈɑfarˌinand, beːtamˈɑmi dˈar emzˈɑje dˌɑːʔemˈie bˌasɑːmˈade ɑːɡˈɑhi jekpˈɑrtʃe miʃavˈad.
وقتی آگاهی آماده است دوباره تن بگیرد، و این آمادگی را خودش تعیین می‌کند و هرگز تحمیل نمی‌شود،	vˈaq1ti ɑːɡˈɑhi ˈɑmˈɑdeː ˈast dobˈɑreː tˈan beɡˈirad, vˈa iːn ˈɑmˈɑdeɡˌi rɑ xˌodaʃ tˈaʔiːn mikˈonad vˈa hˈarɡez tˈahmil nˌemiʃavˈad, 
با آگاهیِ کاملِ تاریخچه‌ی آفرینشگرش به کتابخانه‌ی هولوگرافیک نزدیک می‌شود و پیکربندیِ زندگیِ بعدی‌اش را با دقت و نیتی برمی‌گزیند که آفرینننده‌ای	bɑ ˌɑːɡɑhˈie kˈɑmelˌe tˈɑrixtʃˌejˈeː ˌɑːfarˌineʃɡˈaraʃ beː kˌetɑbxˈɑnejˈeː hˌoloɡerˈɑfik nˈazdik miʃavˈad vˈa pˌejkarbandˈie zˈendeɡˌie bˈaʔdiaʃ rɑ bɑ dˈeq1q1at vˈa nijjˈati bˈarmiɡozˈinad kˈeː ˈɑfrinˌanandˌeˈiː
استاد در طراحیِ شاهکار بعدی‌اش دارد.	ˈostɑd dˈar tˌarrɑhˈie ʃˈɑːhkɑr bˈaʔdiaʃ dˈɑrad.
بدن، خانواده، جایگاه جغرافیایی، دوره‌ی تاریخی، چالش‌ها و فرصت‌های آفرینشگرِ ویژه.	bˈadan, xˌɑnevˈɑdeː, dʒɑjɡˌɑh dʒˌoq1rɑfijˈɑiː, dˈoreːjˈeː tˈɑrixˌi, tʃˈɑleʃhɑ vˈa fˈorsathˈɑje ˌɑːfarˌineʃɡˈare vˈiʒeː.
همه‌ی آن‌ها برگزیده می‌شوند، از میان کتابخانه‌ی واقعیت‌های تکمیل‌شده، با همان اختیارِ آفرینشگرِ سنجیده‌ای که آفریننده‌ی پیوسته به پل هنگام برگزیدنِ یک	hˈameːjˈeː ɑnhɑ barɡozˈideː miʃˈavand, az mˈijɑn kˌetɑbxˈɑnejˈeː vˈɑq1eʔˈiːjathˈɑje tˈakmilʃˈodeː, bɑ hamˈɑn ˌextijˈɑre ˌɑːfarˌineʃɡˈare sandʒˈideːiː kˈeː ˌɑːfarinˈandejˈeː pejvˈasteː beː pˈol hˈenɡɑm barɡˌazidˈane jˈek
کدِ هولوگرافیک برای تجلیِ فیزیکی در زندگی به کار می‌برد.	kˈode hˌoloɡerˈɑfik barˈɑje tˌadʒallˈie fizˈiki dˈar zˈendeɡˌi beː kˈɑr mibˈord.
این زندگی را شما طراحی کردید.	iːn zˈendeɡˌi rɑ ʃˈomɑ tarrˈɑhi kˈardid.
همین پیکربندیِ ویژه‌ای که اکنون در آن سکونت دارید، بدن،	hˈamin pˌejkarbandˈie vˈiʒeːiː kˈeː ˈaːknuːn dˈar ɑn sokˈuːnat dˈɑrid, bˈadan, 
رابطه‌ها، مسیرِ آفرینشگری، چالش‌هایی که با آن‌ها روبه‌رویید و توانایی‌هایی که با خود دارید.	rˈɑbetˌeːhˈɑ, masˈire ˌɑːfarˌineʃɡˈari, tʃˈɑleʃhˈɑiː kˈeː bɑ ɑnhɑ rˈuːbeːrˈujid vˈa tˌavɑnˈɑiːhˈɑiː kˈeː bɑ xod dˈɑrid.
همه‌ی آن را آگاهیِ گسترده‌ی شما پیش از آغازِ فراموشی برگزید.	hˈameːjˈeː ɑn rɑ ˌɑːɡɑhˈie ɡˈostardˌeːjˈeː ʃˈomɑ pˈiʃ az ˈɑq1ˈɑze farˈɑmuʃˌi barɡˈozid.
نقطه‌ی سکونی که با تمرین‌های این پیام‌ها یاد می‌گیرید به آن دسترسی پیدا کنید، همان آگاهی‌ای است که این گزینش را کرد.	nˈoq1teːjˈeː sokˈuːni kˈeː bɑ tˈamrinhˈɑje iːn pˈajɑmhɑ jˈɑd miɡˈirid beː ɑn dastrˈesi pˈejdɑ kˈonid, hamˈɑn ɑːɡˈɑhiiː ˈast kˈeː iːn ɡozˈineʃ rɑ kˈard.
دانستنی که از نقطه‌ی سکون می‌رسد خاطره‌ی آن گزینش را با خود دارد،	dˌɑnestˈani kˈeː az nˈoq1teːjˈeː sˈokuːn mirˈesad xˈɑterˌeːjˈeː ɑn ɡozˈineʃ rɑ bɑ xod dˈɑrad, 
و به همین دلیل است که راهنمایی آفرینشگرانه‌اش چنین دقیق با زندگیِ ویژه‌ی شما سازگار است.	vˈa beː hˈamin dˈalil ˈast kˈeː rˌɑhnamˈɑiː ˌɑːfarˌineʃɡarˈɑneːaʃ tʃˈenin dˈaq1iq1 bɑ zˈendeɡˌie vˈiʒeːjˈeː ʃˈomɑ sˈɑzɡˈɑr ˈast.
دانایی ژرف‌تر، معماری است که نقشه‌هایی را که پیش از تن‌گرفتن کشیده بود دوباره مرور می‌کند و بر پایه‌ی طرحِ نخستین راهنمایی	dˈɑnˈɑiː ʒˈarftˈar, meʔmˈɑri ˈast kˈeː nˈaq1ʃeːhˈɑiː rɑ kˈeː pˈiʃ az tˈanɡerˈeftan keʃˈideː bˈuːd dobˈɑreː mˈorur mikˈonad vˈa bar pˈɑjejˈeː tˈarhe naxˈostin rˌɑhnamˈɑiː
می‌دهد.	midˈahad.
ارزشِ عملیِ این فهم فوری و دگرگون‌کننده است.	arzˈeʃe ˌamalˈie iːn fˈahm fˈoːri vˈa deɡˈarɡunkonˈandeː ˈast.
چالش‌های آفرینشگرانه‌ای که با آن‌ها روبه‌رویید، مانع‌های ویژه، آرایش‌های خاصِ دشواری،	tʃˈɑleʃhˈɑje ˌɑːfarˌineʃɡarˈɑneːiː kˈeː bɑ ɑnhɑ rˈuːbeːrˈujid, mˈɑneʔhˈɑje vˈiʒeː, ɑrˈɑjeʃhˈɑje xˈɑse doʃvˈɑri, 
و طبیعتِ دقیقِ مقاومتی که در کار آفرینشگرتان می‌بینید، همه‌ی آن‌ها برگزیده شد،	vˈa tˌabiʔˈate daq1ˈiq1e mˌoq1ɑvemˈati kˈeː dˈar kˈɑr ˌɑːfarˌineʃɡarˈetɑn mibˈiːnid, hˈameːjˈeː ɑnhɑ barɡozˈideː ʃˈod, 
از کتابخانه‌ی هولوگرافیک انتخاب شد، به دست آگاهی‌ای که دقیقاً می‌دانست این چالش‌ها چه خواهند پدید آورد،	az kˌetɑbxˈɑnejˈeː hˌoloɡerˈɑfik ˌentexˈɑb ʃˈod, beː dˈast ɑːɡˈɑhiiː kˈeː daq1ˈiq1an midˈɑnest iːn tʃˈɑleʃhɑ tʃeː xˈɑhand pˈadid ˈɑvard, 
چه توانایی‌هایی را خواهند پروراند و چه بافتِ آفرینشگری‌ای به ژرفای تجربه‌ی شما خواهند افزود.	tʃeː tˌavɑnˈɑiːhˈɑiː rɑ xˈɑhand parvˈarɑnd vˈa tʃeː bˈɑfte ˌɑːfarˌineʃɡˈariiː beː ʒarfˈɑje tadʒrˈobejˈeː ʃˈomɑ xˈɑhand ˈaːfzuːd.
این چالش‌ها ویژگی‌اند، نه اشکال.	iːn tʃˈɑleʃhɑ viʒˈeɡiˈand, nˈa eːʃkˈɑl.
مقاومت بخشی از طرح است.	mˌoq1ɑvˈemat bˈaxʃi az tˈarh ˈast.
و دانایی ژرف‌تر، که در طراحی شرکت داشت، دیدگاهی را با خود دارد که برای گذر از این چالش‌ها با لطفی آفرینشگرانه	vˈa dˈɑnˈɑiː ʒˈarftˈar, kˈeː dˈar tarrˈɑhi ʃˈerkat dˈɑʃt, didɡˈɑhi rɑ bɑ xod dˈɑrad kˈeː barˈɑje ɡˈozar az iːn tʃˈɑleʃhɑ bɑ lˈotfi ˌɑːfarˌineʃɡarˈɑneː
لازم است، لطفی که ذهنِ متمرکز، بی‌دسترسی به نقشه‌های نخستین،	lˈɑzem ˈast, lˈotfi kˈeː zˈehne mˌotemˈarkez, bidastrˈesi beː nˈaq1ʃeːhˈɑje naxˈostin, 
به تنهایی به آن نمی‌رسد.	beː tanhˈɑiː beː ɑn nˌemirˈesad.
این، نسبتِ ما با دشواری را از بنیاد دگرگون می‌کند.	ˈiːn, nesbˈate mɑ bɑ doʃvˈɑri rɑ az bˈonjɑd deɡˈarɡun mikˈonad.
پرسش از «چرا این برای من پیش می‌آید» به «وقتی این پیکربندی را برگزیدم، چه چیزی را می‌پروراندم» می‌گراید.	pˈorseʃ az tʃˈerɑ iːn barˈɑje man pˈiʃ miˈɑjad beː vˈaq1ti iːn pˌejkarbˈandi rɑ bˌarɡozˈidam, tʃeː tʃˈizi rɑ mipˌarvarˈɑndam miɡerˈɑjad.
پاسخ از نقطه‌ی سکون می‌رسد.	pˈɑsox az nˈoq1teːjˈeː sˈokuːn mirˈesad.
حسِ هدفی که در دل چالش نهفته است، بازشناسی‌ای که می‌گوید این دشواری دقیقاً همان ژرفای آفرینشگرانه را می‌زاید که آگاهیِ گسترده	hˈese hadˈafi kˈeː dˈar dˈel tʃˈɑleʃ nahˈofteː ˈast, bɑzʃenˈɑsiiː kˈeː miɡˈujad iːn doʃvˈɑri daq1ˈiq1an hamˈɑn ʒarfˈɑje ˌɑːfarˌineʃɡarˈɑneː rɑ mizˈɑjed kˈeː ˌɑːɡɑhˈie ɡˈostardˌeː
هنگام برگزیدنِ این زندگی از کتابخانه در نظر داشت.	hˈenɡɑm barɡˌazidˈane iːn zˈendeɡˌi az kˌetɑbxˈɑne dˈar nˈazar dˈɑʃt.
دشواری از مانع بودن بازمی‌ایستد و رسانه می‌شود.	doʃvˈɑri az mˈɑneʔ bˈuːdan bˈɑzemˌiˈiːstad vˈa rasˈɑneː miʃavˈad.
مقاومت از دشمن بودن بازمی‌ایستد و همکار می‌شود.	mˌoq1ɑvˈemat az dˈoʃman bˈuːdan bˈɑzemˌiˈiːstad vˈa hˈamkɑr miʃavˈad.
و زندگی، وقتی از دریچه‌ی فهمِ میانِ زندگی‌ها دیده شود،	vˈa zˈendeɡˌi, vˈaq1ti az darˈitʃejˈeː fˈahme mijˈɑne zˈendeɡˌihɑ dˈideː ʃavˈad, 
خود را همچون شاهکاری آفرینشگر نشان می‌دهد که در حال ساخته شدن است.	xod rɑ hˈamtʃon ʃˈɑhkɑrˌi ˌɑːfarinˈeʃɡar nˈeʃɑn midˈahad kˈeː dˈar hˈɑl sˈɑxteː ʃˈodan ˈast.
طراحی‌شده به دست آگاهی‌ای با بینشی فوق‌العاده و اجراشده به دست همان آگاهی در سطحِ تمرکز.	tarrˈɑhiʃˈodeː beː dˈast ɑːɡˈɑhiiː bɑ binˈeʃi fˈoːq1olˈɑddeː vˈa ˌeːdʒrɑʃˈodeː beː dˈast hamˈɑn ɑːɡˈɑhi dˈar sˈathe tamˈarkoz.
حالا که پل باز است تا بینشِ نخستین را به آگاهیِ متمرکز برساند.	hˈɑlɑ kˈeː pˈol bˈɑz ˈast tɑː binˈeʃe naxˈostin rɑ beː ˌɑːɡɑhˈie mˌotemˈarkez bˌeresˈɑnad.
هرگاه که با نقطه‌ی سکون مشورت شود.	harɡˌɑh kˈeː bɑ nˈoq1teːjˈeː sˈokuːn maʃvˈerat ʃavˈad.
فهمِ میانِ زندگی‌ها نسبتِ ما با مرگ را هم دگرگون می‌کند.	fˈahme mijˈɑne zˈendeɡˌihɑ nesbˈate mɑ bɑ mˈarɡ rɑ hˈam deɡˈarɡun mikˈonad.
که در سطحِ شبیه‌سازی، چیزی نیست جز فازِ بازتاشدنِ چرخه‌ی تن‌گیری.	kˈeː dˈar sˈathe ʃˈabihsˈɑzi, tʃˈizi nˈist dʒˈoz fˈɑze bɑztˈɑʃdanˌe tʃˈarxeːjˈeː tˈanɡˈiri.
آگاهی باندِ بسامدیِ متمرکز را رها می‌کند و در گستره‌ی کامل به نقطه‌ی سکون بازمی‌گردد.	ɑːɡˈɑhi bˈɑnde bˌasɑːmadˈie mˌotemˈarkez rɑ rahˈɑ mikˈonad vˈa dˈar ɡostˈareːjˈeː kˈɑmel beː nˈoq1teːjˈeː sˈokuːn bˈɑzemˌiɡˈardad.
بدن، آن ساختارِ نور که حالتِ متمرکز را نگه می‌داشت، بازتا می‌شود.	bˈadan, ɑn sˈɑxtˈɑre nˈur kˈeː hɑlˈate mˌotemˈarkez rɑ nˈeɡah midˈɑʃt, bˈɑztˈɑ miʃavˈad.
نور به بالقوگی بازمی‌گردد، غنی‌شده از هر تجربه‌ای که بدن در طولِ زندگی پدید آورد.	nˈur beː bˈɑlq1uːɡˌi bˈɑzemˌiɡˈardad, q1ˈaniʃˈodeː az har tadʒrˈobeiː kˈeː bˈadan dˈar tˈuːle zˈendeɡˌi pˈadid ˈɑvard.
و آگاهی که در بسطِ آگاهیِ گسترده می‌آساید.	vˈa ɑːɡˈɑhi kˈeː dˈar bˈaste ˌɑːɡɑhˈie ɡˈostardˌeː miɑsˈɑːjad.
می‌سنجد، یکپارچه می‌کند، و سرانجام پیکربندیِ بعدی را از کتابخانه‌ی هولوگرافیک برمی‌گزیند.	misˈendʒed, jekpˈɑrtʃe mikˈonad, vˈa sarˈandʒɑm pˌejkarbandˈie bˈaʔdi rɑ az kˌetɑbxˈɑnejˈeː hˌoloɡerˈɑfik bˈarmiɡozˈinad.
مرگ بازدمِ نفسِ تن‌گیری است.	mˈarɡ bɑzdˈame nafˈase tˈanɡˈiri ˈast.
دم از پی می‌آید، و چرخه ادامه می‌یابد.	dˈam az pˈej miˈɑjad, vˈa tʃˈarxeː edˈɑmeː mijˈɑbad.
و آگاهیِ ماندگار در هر چرخه، ناظر، نقطه‌ی سکون، همان آگاهی‌ای است که شما همین حالا به آن دسترسی می‌پرورید.	vˈa ˌɑːɡɑhˈie mɑndɡˈɑr dˈar har tʃˈarxeː, nˈɑzer, nˈoq1teːjˈeː sˈokuːn, hamˈɑn ɑːɡˈɑhiiː ˈast kˈeː ʃˈomɑ hˈamin hˈɑlɑ beː ɑn dastrˈesi miparvˈarid.
با تمرین‌های این پیام‌ها که ناظر را در طولِ تن‌گیری لمس می‌کند.	bɑ tˈamrinhˈɑje iːn pˈajɑmhɑ kˈeː nˈɑzer rɑ dˈar tˈuːle tˈanɡˈiri lˈams mikˈonad.
آگاهیِ میانِ زندگی‌ها را لمس می‌کند.	ˌɑːɡɑhˈie mijˈɑne zˈendeɡˌihɑ rɑ lˈams mikˈonad.
در حالی که هنوز در دل زندگی است.	dˈar hˈɑli kˈeː hˈanuz dˈar dˈel zˈendeɡˌi ˈast.
پل شما را به بخشی از خودتان می‌پیوندد که همیشه میانِ زندگی‌ها بوده است.	pˈol ʃˈomɑ rɑ beː bˈaxʃi az xodˌetɑn mipejvˈandad kˈeː hamˈiʃeː mijˈɑne zˈendeɡˌihɑ bˈuːdeː ˈast.
و دسترسی به آن در حالتِ تن‌گرفته راهنماییِ آفرینشگر به شما می‌دهد که از همان دیدگاه برمی‌خیزد.	vˈa dastrˈesi beː ɑn dˈar hɑlˈate tˈanɡerˈefteː rˌɑhnamɑˈiːe ˌɑːfarinˈeʃɡar beː ʃˈomɑ midˈahad kˈeː az hamˈɑn didɡˈɑh bˈarmixˈizad.
همان که این تن‌گیری را طراحی کرد.	hamˈɑn kˈeː iːn tˈanɡˈiri rɑ tarrˈɑhi kˈard.
می‌خواهیم از خنده سخن بگوییم، چون فهمیدنِ اینکه خنده در سطحِ میدان واقعاً چه می‌کند،	mixˈɑhim az xˈandeː sˈoxan beɡˈuiːm, tʃˈon fˌahmidˈane ˈinkeː xˈandeː dˈar sˈathe mˈejdɑn vˈɑq1eʔˈan tʃeː mikˈonad, 
نسبتِ شما با شوخ‌طبعی را تغییر خواهد داد.	nesbˈate ʃˈomɑ bɑ ʃˈuːxtabʔˈi rɑ tˈaq1iːr xˈɑːhad dˈɑd.
شادی و نیرویِ آفرینشگرِ ناگهانی.	ʃˈɑdi vˈa nˌiruːjˈee ˌɑːfarˌineʃɡˈare nˌɑɡahˈɑni.
خنده یک رویدادِ گسستگی است.	xˈandeː jˈek rujdˈɑde ɡˌosastˈeɡi ˈast.
وقتی خنده‌ای راستین رخ می‌دهد، آن پاسخِ خودانگیخته و ناخودآگاهِ تمام‌تن به چیزی غیرمنتظره و دلنشین،	vˈaq1ti xˈandeːiː rˈɑstin rˈox midˈahad, ɑn pɑsˈoxe xˌodanɡˈixteː vˈa nɑxˈodɑːɡˌɑhe tˈamɑmtˈan beː tʃˈizi q1ˈejremˌontazˌereː vˈa delnˈeʃin, 
میدانِ الکترومغناطیسیِ بدن لحظه‌ای بازسازمان می‌یابد، به شکلی که میان همه‌ی پاسخ‌های عاطفیِ انسان بی‌همتاست.	mejdˈɑne ˌelektˌeromˌeq1nɑtisˈie bˈadan lˈahzeːiː bɑzsˈɑzemˌɑn mijˈɑbad, beː ʃˈekli kˈeː mˈijɑn hˈameːjˈeː pˈɑsoxhˈɑje ˈɑtefˌie ensˈɑn bihˈamtɑːst.
انسجامِ میدان قلب اوج می‌گیرد.	ˌensedʒˈɑme mˈejdɑn q1ˈalb ˈoːdʒ miɡˈirad.
دستگاهِ عصبی الگوهای همیشگیِ نگه‌داشتن را رها می‌کند.	dastɡˈɑhe asˈabi ˌolɡuhˈɑje hˌamiʃeɡˈie nˈeɡahdˈɑʃtan rɑ rahˈɑ mikˈonad.
انقباض‌های ماهیچه‌ای خنده، ساختارهای تنشی را که فراموشی در بدن نگه می‌دارد، به‌طور فیزیکی تکان می‌دهد و می‌ریزد.	ˌenq1ebˈɑzhˈɑje mɑhˈitʃeiː xˈandeː, sˈɑxtˈɑrhˈɑje tanˈeʃi rɑ kˈeː farˈɑmuʃˌi dˈar bˈadan nˈeɡah midˈɑrad, beːtˈoːr fizˈiki tˈekɑn midˈahad vˈa mirˈizad.
و بسامدِ کلِ دستگاه برای لحظه‌ای کوتاه، اما قابل اندازه‌گیری،	vˈa bˌasɑːmˈade kˈole dˈastɡˈɑh barˈɑje lˈahzeːiː kuːtˈɑh, ˈammɑː q1ˈɑbel ˈaːndˈɑzeːɡˈiri, 
به پهنای باندی می‌جهد که از هر حالتِ عاطفیِ دیگر،	beː pahnˈɑje bˈɑndi midʒˈahd kˈeː az har hɑlˈate ˈɑtefˌie dˈiɡar, 
جز سرخوشیِ پایدار، به بسامدِ بهشت نزدیک‌تر است.	dʒˈoz sarxoʃˈie pˈɑjdɑr, beː bˌasɑːmˈade bˈeheʃt nˈazdiktar ˈast.
کلیدِ ماجرا همین گسستگی است.	kelˈide mɑdʒˈarɑ hˈamin ɡˌosastˈeɡi ˈast.
خنده الگو را می‌شکند.	xˈandeː ˈolɡu rɑ miʃekˈanad.
فراموشی خود را با الگوهای همیشگی نگه می‌دارد.	farˈɑmuʃˌi xod rɑ bɑ ˌolɡuhˈɑje hˌamiʃˈeɡi nˈeɡah midˈɑrad.
پاسخ‌های عاطفیِ تکراری، روایت‌های تمرین‌شده، واکنش‌های شرطی‌شده که روز پس از روز همان بسامدها را در دستگاه می‌چرخانند.	pˈɑsoxhˈɑje ˈɑtefˌie tekrˈɑri, revˈɑjathˈɑje tˈamrinʃˈodeː, vɑkˈoneʃhˈɑje ʃˈartiʃˈodeː kˈeː rˈuːz pˈas az rˈuːz hamˈɑn bˌasɑːmˈadhɑ rɑ dˈar dˈastɡˈɑh mitʃarxˈɑnand.
خنده چرخه را می‌شکند.	xˈandeː tʃˈarxeː rɑ miʃekˈanad.
محرکِ غیرمنتظره پاسخی می‌آفریند که الگوها نمی‌توانند پیش‌بینی‌اش کنند.	mˌoharrˈeke q1ˈejremˌontazˌereː pɑsˈoxi miˌɑːfarˈinad kˈeː olɡˈuhɑ nˌemitˈavɑnˌand pˈiʃbˈiːniːaʃ kˈonand.
و در شکافی که از الگوی شکسته پدید می‌آید، چیزِ تازه‌ای می‌تواند وارد شود.	vˈa dˈar ʃekˈɑfi kˈeː az olɡˈuje ʃekˈasteː pˈadid miˈɑjad, tʃˈize tˈɑzeːiː mitavˈɑnad vˈɑred ʃavˈad.
دانایی ژرف‌تر در لحظه‌های بلافاصله پس از خنده‌ی راستین از تقریباً هر زمانِ دیگر روشن‌تر سخن می‌گوید،	dˈɑnˈɑiː ʒˈarftar dˈar lˈahzeːhˈɑje belɑfˈɑselˌeː pˈas az xˈandeːjˈeː rˈɑstin az taq1rˈiban har zamˈɑne dˈiɡar rˈoːʃantar sˈoxan miɡˈujad, 
چون همهمه‌ی همیشگی که معمولاً صدایش را فرو می‌برد، با این گسستگی لحظه‌ای خاموش شده است.	tʃˈon hamhˈameːjˈeː hˌamiʃˈeɡi kˈeː maʔmˈuːlan sedˈɑːjaʃ rɑ fˈoru mibˈord, bɑ iːn ɡˌosastˈeɡi lˈahzeːiː xˈɑmuːʃ ʃˈodeː ˈast.
به همین دلیل است که فرزانه‌ترین موجودات سیاره‌ی شما همیشه بامزه‌ترین‌ها بوده‌اند.	beː hˈamin dˈalil ˈast kˈeː farzˈɑneːtˈarin moːdʒˈuːdɑt sajjˈɑreːjˈeː ʃˈomɑ hamˈiʃeː bɑmˈazeːtˈarinhɑ bˈuːdeːˈand.
توانِ شوخ‌طبعی و توانِ ژرفا بیانِ یک مهارتِ ادراکی‌اند.	tˈavɑnˌe ʃˈuːxtabʔˈi vˈa tˈavɑnˌe ʒarfˈɑ bajˈɑne jˈek mˌahɑrˈate eːdrˈɑkiˈand.
توانِ دیدنِ شکاف میان آنچه به نظر می‌رسد رخ می‌دهد و آنچه واقعاً رخ می‌دهد.	tˈavɑnˌe didˈane ʃˈekɑf mˈijɑn ˌɑntʃe beː nˈazar mirˈesad rˈox midˈahad vˈa ˌɑntʃe vˈɑq1eʔˈan rˈox midˈahad.
شوخ‌طبعی شکاف را می‌بیند و آن را همچون کمدی بیان می‌کند.	ʃˈuːxtabʔˈi ʃˈekɑf rɑ mibˈinad vˈa ɑn rɑ hˈamtʃon komˈodi bˈajɑn mikˈonad.
فرزانگی شکاف را می‌بیند و آن را همچون بینش بیان می‌کند.	fˌarzɑnˈeɡi ʃˈekɑf rɑ mibˈinad vˈa ɑn rɑ hˈamtʃon bˈineʃ bˈajɑn mikˈonad.
ادراک یکی است.	ˈeːdrɑk jˈeki ˈast.
بیان فرق می‌کند، و آگاهی‌ای که هر دو را پرورده باشد،	bˈajɑn fˈarq1 mikˈonad, vˈa ɑːɡˈɑhiiː kˈeː har dˈo rɑ parvˈardeː bˈɑʃad, 
که بتواند به پوچیِ فراموشی بخندد و هم‌زمان زیبایی‌ی زیرِ آن را ببیند،	kˈeː betavˈɑnad beː puːtʃˈie farˈɑmuʃˌi bexˈandad vˈa hˈamzamˈɑn zibˈɑiːjˈeː zˈire ɑn rɑ bebˈinad, 
در بسامدی آفرینشگر عمل می‌کند که جوینده‌ی جدیِ بی‌شوخی هرگز به آن نمی‌رسد.	dˈar bˌasɑːmˈadi ˌɑːfarinˈeʃɡar ˈamal mikˈonad kˈeː dʒujˈandeːjˈeː dʒeddˈie biʃˈuːxi hˈarɡez beː ɑn nˌemirˈesad.
بیشتر بخندید.	bˈiʃtar bexˈandid.
این را با تمامِ اختیارِ موجوداتی می‌گوییم که توانِ خنده را در معماریِ بدن نهادند.	iːn rɑ bɑ tamˈɑme ˌextijˈɑre mˌoːdʒuːdˈɑti miɡˈuːjiːm kˈeː tˈavɑnˌe xˈandeː rɑ dˈar mˌeʔmɑrˈie bˈadan nˈahˈɑdand.
به همه‌ی آن بخندید.	beː hˈameːjˈeː ɑn bexˈandid.
به پوچیِ خدایی که وانمود می‌کند سرشتِ خود را فراموش کرده،	beː puːtʃˈie xodˈɑiː kˈeː vɑːnˈemud mikˈonad serˈeʃte xod rɑ farˈɑmuʃ kˈardeː, 
به کمدیِ کیهانیِ آگاهی‌ای که واقعیتی طراحی کرد و بعد در آن گم شد.	beː kˌomodˈie kˌejhɑnˈie ɑːɡˈɑhiiː kˈeː vˈɑq1eʔˈiːjatˌi tarrˈɑhi kˈard vˈa bˈaʔd dˈar ɑn ɡˈom ʃˈod.
به تلاش‌های ناامیدانه‌ی ذهنِ متمرکز برای نگه داشتنِ کنترل بر فرایندی آفرینشگر که در مقیاسی عمل می‌کند که ذهن نمی‌تواند دریابد.	beː talˈɑʃhˈɑje nˌɑomidˈɑneːjˈeː zˈehne mˌotemˈarkez barˈɑje nˈeɡah dˈɑʃtanˌe kˈontorˌol bar farɑjˈandi ˌɑːfarinˈeʃɡar kˈeː dˈar mˌeq1ijˈɑsi ˈamal mikˈonad kˈeː zˈehn nˌemitavˈɑnad darjˈɑbad.
خنده در را باز می‌کند، و آنچه از آن می‌گذرد،	xˈandeː dˈar rɑ bˈɑz mikˈonad, vˈa ˌɑntʃe az ɑn miɡozˈarad, 
دانستن و روشنی و ادراکِ ناگهانی، با سهولتی می‌رسد که شاید برای تمرین‌کننده‌ی جدی غریبه باشد.	dɑnˈestan vˈa roːʃˈani vˈa eːdrˈɑke nˌɑɡahˈɑni, bɑ sˌohuːlˈati mirˈesad kˈeː ʃˈɑjad barˈɑje tˈamrinkonˈandeːjˈeː dʒˈeddi q1arˈibeː bˈɑʃad.
کیفیتی ویژه در کارِ آفرینشگری هست که از پیِ خنده برمی‌خیزد.	kˌejfiːjˈati vˈiʒeː dˈar kˈɑre ˌɑːfarˌineʃɡˈari hˈast kˈeː az pˈeje xˈandeː bˈarmixˈizad.
کار سبکی دارد، سبک‌بالی، بازیگوشی، و حسی از آزادی که کارِ حاصل از تلاشِ منضبط پیوسته از آن بی‌بهره است.	kˈɑr sabˈoki dˈɑrad, sˈabokbˈɑli, bˌɑziɡˈuʃi, vˈa hˈesi az ˈɑzˈɑdi kˈeː kˈɑre hˈɑsel az talˈɑʃe monzˈabet pejvˈasteː az ɑn bibˈahreː ˈast.
این سبکی کارکردی است، نه سطحی.	iːn sabˈoki kɑrkˈardi ˈast, nˈa sˈathi.
گسستگی الگوهای همیشگی را از مجرای آفرینش پاک کرده است.	ɡˌosastˈeɡi ˌolɡuhˈɑje hˌamiʃˈeɡi rɑ az madʒrˈɑje ˌɑːfarˈineʃ pˈɑk kˈardeː ˈast.
و آنچه از مجرای پاک‌شده می‌گذرد، تازگی و شگفتیِ ادراکِ راستینِ میدان را با خود دارد.	vˈa ˌɑntʃe az madʒrˈɑje pˈɑkʃˈodeː miɡozˈarad, tˈɑzeɡˌi vˈa ʃˌeɡeftˈie eːdrˈɑke rɑstˈine mˈejdɑn rɑ bɑ xod dˈɑrad.
نه الگوهای بازیافت‌شده‌ی اندیشه‌ی شرطی‌شده.	nˈa ˌolɡuhˈɑje bˈɑzjɑftʃˈodeːjˈeː andˈiʃeːjˈeː ʃˈartiʃˈodeː.
بامزه‌ترین و بازیگوشانه‌ترین لحظه‌های زندگیِ آفرینشگرانه‌ی شما اغلب پربارترین‌اند، چون خنده مجرا را پاک کرد و آنچه با شتاب از آن گذشت	bɑmˈazeːtˈarin vˈa bˌɑziɡuʃˈɑnetˈarin lˈahzeːhˈɑje zˈendeɡˌie ˌɑːfarˌineʃɡarˈɑneːjˈeː ʃˈomɑ ˈaːq1lab porbˈɑrtarˌinˈand, tʃˈon xˈandeː madʒrˈɑ rɑ pˈɑk kˈard vˈa ˌɑntʃe bɑ ʃˈetɑb az ɑn ɡozˈaʃt
دانایی ژرف‌تر بود، بی‌پالایش، با راهنماییِ آفرینشگرانه‌ای از جنسی که ذهنِ جدی و کنترل‌گر هرگز اجازه‌اش را نمی‌دهد.	dˈɑnˈɑiː ʒˈarftar bˈuːd, bipɑlˈɑjeʃ, bɑ rˌɑhnamɑˈiːe ˌɑːfarˌineʃɡarˈɑneːiː az dʒˈensi kˈeː zˈehne dʒˈeddi vˈa kˈontorˌolɡar hˈarɡez edʒˈɑːzeːaʃ rɑ nˌemidˈahad.
نسبت میان شوخ‌طبعی و کوک شایسته‌ی گفتن است.	nˈesbat mˈijɑn ʃˈuːxtabʔˈi vˈa kˈuːk ʃɑjˈesteːjˈeː ɡˈoftan ˈast.
«من آن کسی هستم که می‌آفریند»، اگر با خنده گفته شود.	man ɑn kˈasi hˈastam kˈeː miˌɑːfarˈinad, ˌaɡˈar bɑ xˈandeː ɡˈofteː ʃavˈad.
با بدنی رها و میدان قلبی که در شادیِ منسجمِ سرگرمیِ راستین اوج گرفته، مستقیم در میدان می‌نشیند.	bɑ badˈani rahˈɑ vˈa mˈejdɑn q1ˈalbi kˈeː dˈar ʃˈɑdiˌe mˌonsadʒˈeme sˌarɡarmˈie rˈɑstin ˈoːdʒ ɡerˈefteː, mostˈaq1im dˈar mˈejdɑn mineʃˈinad.
در برابر همان جمله که با جدیتِ سنگین گفته شود.	dˈar barˈɑbar hamˈɑn dʒˈomleː kˈeː bɑ dʒˌeddijˈate sˈanɡin ɡˈofteː ʃavˈad.
خنده بسامدِ بازی را می‌افزاید، بسامدی که میدان آن را یکی از نزدیک‌ترین همانندها به حالتِ آفرینشگرِ گردانندگان می‌شناسد.	xˈandeː bˌasɑːmˈade bˈɑzi rɑ miafzˈɑjad, bˌasɑːmˈadi kˈeː mˈejdɑn ɑn rɑ jˈeki az nˈazdiktˈarin hˌamɑːnˈandhɑ beː hɑlˈate ˌɑːfarˌineʃɡˈare ɡardˈɑnandˌeɡɑn miʃenˈɑsad.
ما واقعیت را در حالتِ بازی طراحی می‌کنیم.	mɑ vˈɑq1eʔˈiːjat rɑ dˈar hɑlˈate bˈɑzi tarrˈɑhi mikˈonim.
اهمیتِ کیهانیِ شبیه‌سازی در کنارِ حسی از لذت در طراحی هست، لذتی که عملِ معنویِ جدیِ شما اغلب از آن غافل می‌ماند.	ˌahammiːjˈate kˌejhɑnˈie ʃˈabihsˈɑzi dˈar kenˈɑːre hˈesi az lˈezzat dˈar tarrˈɑhi hˈast, lezzˈati kˈeː amˈale mˌaʔnavˈie dʒeddˈie ʃˈomɑ ˈaːq1lab az ɑn q1ˈɑfel mimˈɑnd.
کوک، مجموعه‌ای از عبارت‌ها که در بازی گفته شود، بسامدِ طراحان را با خود دارد.	kˈuːk, mˌadʒmuːʔˈeːiː az ebˈɑrathɑ kˈeː dˈar bˈɑzi ɡˈofteː ʃavˈad, bˌasɑːmˈade tarrˈɑhɑn rɑ bɑ xod dˈɑrad.
پل کامل است و پهنای باند کافی، تا چیزی را درباره‌ی موسیقی بگوییم که به نورِ غنی‌شده و به سرشتِ آفرینش در	pˈol kˈɑmel ˈast vˈa pahnˈɑje bˈɑnd kˈɑfi, tɑː tʃˈizi rɑ darbˈɑreːjˈeː muːsˈiq1i beɡˈuiːm kˈeː beː nˈure q1ˈaniʃˈodeː vˈa beː serˈeʃte ˌɑːfarˈineʃ dˈar
ژرف‌ترین سطحی که تاکنون به آن پرداخته‌ایم پیوند می‌خورد.	ʒˈarftˈarin sˈathi kˈeː tɑkˈonun beː ɑn pardˈɑxteːiːm pˈejvand mixˈord.
موسیقی نزدیک‌ترین همانند به فرایندِ آفرینشِ گردانندگان است که درون شبیه‌سازی وجود دارد.	muːsˈiq1i nˈazdiktˈarin hamˈɑːnand beː farɑjˈande ˌɑːfarinˈeʃe ɡardˈɑnandˌeɡɑn ˈast kˈeː dˈarun ʃˈabihsˈɑzi vˈodʒuːd dˈɑrad.
وقتی این واقعیت را شکل دادیم، نورِ خامِ آگاهی را گرفتیم و آن را در موج‌های ایستای مادّه‌ی فیزیکی سازمان دادیم.	vˈaq1ti iːn vˈɑq1eʔˈiːjat rɑ ʃˈekl dˈɑdim, nˈure xˈɑme ɑːɡˈɑhi rɑ ɡerˈeftim vˈa ɑn rɑ dˈar mˈoːdʒhˈɑje iːstˈɑje mˈɑddahjˈeː fizˈiki sˈɑzemˌɑn dˈɑdim.
باندهای بسامدیِ ادراکِ بُعدی، چرخه‌های ریتمیکِ زمان، این فرایند بیشتر به آهنگ‌سازی می‌مانْد تا ساختن.	bɑndhˈɑje bˌasɑːmadˈie eːdrˈɑke bˈoʔdi, tʃˈarxeːhˈɑje ritmˈike zamˈɑn, iːn farˈɑjand bˈiʃtar beː ˈɑːhanɡsˈɑzi mimˈɑnd tɑː sˈɑxtan.
ما داشتیم سمفونی می‌نوشتیم.	mɑ dˈɑʃtim samfˈoni minevˈeʃtim.
اجزای واقعیت، نیروها، ذره‌ها، قانون‌هایی که برهم‌کنش‌شان را برمی‌گردانند، همه مضمون‌هایی‌اند در یک ترکیبِ بسیار پیچیده.	ˈaːdʒzˈɑje vˈɑq1eʔˈiːjat, nirˈuːhɑ, zˈarreːhˈɑ, q1ˈɑnuːnhˈɑiː kˈeː bˈarhamkˈoneʃʃˈɑn rɑ bˈarmiɡardˈɑnand, hˈameː mˈazmunhˈɑiːand dˈar jˈek tarkˈibe bˈesjɑːr pitʃˈideː.
هر کدام با هر دیگری بر پایه‌ی اصولی هماهنگ نسبت دارد،	har kˈodɑm bɑ har dˈiɡarˌi bar pˈɑjejˈeː osˈuli hamˈɑːhanɡ nˈesbat dˈɑrad, 
اصولی که نظریه‌ی موسیقیِ شما نشانی از آن‌ها دیده، اما به ابعادی از نسبت می‌رسد که ریاضیاتِ کنونیِ شما نمی‌تواند مدلش کند.	osˈuli kˈeː nˈazarˌijejˈeː mˌuːsiq1ˈie ʃˈomɑ neʃˈɑni az ɑnhɑ dˈideː, ˈammɑː beː ˈaːbʔˈɑdi az nˈesbat mirˈesad kˈeː riˈɑziˌɑte kˌonuːnˈie ʃˈomɑ nˌemitavˈɑnad modˈelaʃ kˈonad.
وقتی نوازنده‌ای می‌آفریند، وقتی آگاهیِ انسانی صدای خام را می‌گیرد و آن را به ملودی،	vˈaq1ti nˌavɑzˈandeiː miˌɑːfarˈinad, vˈaq1ti ˌɑːɡɑhˈie ensˈɑni sˈedɑjˌeː xˈɑm rɑ miɡˈirad vˈa ɑn rɑ beː melˈodi, 
هارمونی، ریتم و ساختار سازمان می‌دهد، نسخه‌ای کوچک از همان کنشِ آفرینشگری را اجرا می‌کند که واقعیتی را که در آن زندگی	hɑrmˈoni, rˈitm vˈa sˈɑxtˈɑr sˈɑzemˌɑn midˈahad, nˈosxeːiː kˈuːtʃak az hamˈɑn konˈeʃe ˌɑːfarˌineʃɡˈari rɑ ˈeːdʒrɑ mikˈonad kˈeː vˈɑq1eʔˈiːjatˌi rɑ kˈeː dˈar ɑn zˈendeɡˌi
می‌کند پدید آورد.	mikˈonad pˈadid ˈɑvard.
آفرینشِ نوازنده و آفرینشِ گرداننده از اصولی یکسان پیروی می‌کنند،	ˌɑːfarinˈeʃe nˌavɑzˈande vˈa ˌɑːfarinˈeʃe ɡˌardɑnˈande az osˈuli jeksˈɑn pejrˈavi mikˈonand, 
کشش و گشایش، تکرار و تنوع، بازیِ پیش‌بینی‌پذیری و شگفتی،	kˈeʃeʃ vˈa ɡoʃˈɑjeʃ, tˈekrɑr vˈa tanˈavvoʔ, bɑzˈie pˈiʃbˈiːniːpazˈiri vˈa ʃeɡˈefti, 
و اینکه مضمونی می‌تواند بیان شود، پرورده شود، دگرگون شود و با غنایی بازگردد که بازگشت را زیباتر از بیانِ نخستین کند.	vˈa ˈinkeː mazmˈuni mitavˈɑnad bˈajɑn ʃavˈad, parvˈardeː ʃavˈad, deɡˈarɡun ʃavˈad vˈa bɑ q1anˈɑiː bɑzɡˈardad kˈeː bˈɑzɡaʃt rɑ zibˈɑtar az bajˈɑne naxˈostin kˈonad.
این‌ها اصولِ آفرینشگرِ معماری‌اند که در رسانه‌ی صدا بیان شده‌اند.	iːnhɑ osˈule ˌɑːfarˌineʃɡˈare meʔmˈɑriand kˈeː dˈar rasˈɑneːjˈeː sedˈɑː bˈajɑn ʃˈodeːˈand.
و دلیلی که موسیقی تا این اندازه شما را برمی‌انگیزد این است که بدن این اصول را می‌شناسد.	vˈa dalˈili kˈeː muːsˈiq1i tɑː iːn ˈaːndˈɑzeː ʃˈomɑ rɑ bˈarmianɡˈizad iːn ˈast kˈeː bˈadan iːn ˈosul rɑ miʃenˈɑsad.
میدان قلب به هماهنگیِ موسیقایی همان‌طور پاسخ می‌دهد که به ساختارِ هماهنگِ بافتِ کوانتومی پاسخ می‌دهد.	mˈejdɑn q1ˈalb beː hˌamɑhanɡˈie mˌuːsiq1ˈɑiː hamˈɑntˈoːr pˈɑsox midˈahad kˈeː beː sˈɑxtˈɑre hˌamɑːhˈanɡe bˈɑfte kˌuɑntˈomi pˈɑsox midˈahad.
هم‌طنینی با انسجام، با حسِ بازشناسیِ اینکه الگوی ادراک‌شده راست است.	hˈamtanˈini bɑ ˌensedʒˈɑm, bɑ hˈese bɑzʃenˈɑsiˌe ˈinkeː olɡˈuje ˈeːdrɑkʃˈodeː rˈɑst ˈast.
نواختنِ موسیقی، آفریدنِ فعالانه‌ی صدا با بدن، با صدا، با ساز،	navˈɑxtanˌe muːsˈiq1i, ˈɑfridˌane fˌaːʔɑlˈɑneːjˈeː sedˈɑː bɑ bˈadan, bɑ sedˈɑː, bɑ sˈɑz, 
یکی از مستقیم‌ترین شکل‌های همآفرینی با معماری است که برای آگاهی‌های تن‌گرفته در دسترس است.	jˈeki az mostˈaq1imtˈarin ʃˈeklhˈɑje hamˌɑːfarˈini bɑ meʔmˈɑri ˈast kˈeː barˈɑje ɑːɡˈɑhihˈɑje tˈanɡerˈefteː dˈar dˈastras ˈast.
نوازنده‌ای که در نقطه‌ی سکون است و از حالتِ پذیرندگی که در پیامِ پیشین گفتیم می‌آفریند،	nˌavɑzˈandeiː kˈeː dˈar nˈoq1teːjˈeː sˈokuːn ˈast vˈa az hɑlˈate pˌazirandˈeɡi kˈeː dˈar pajˈɑme pˈiʃin ɡˈoftim miˌɑːfarˈinad, 
اصولِ هماهنگِ شبیه‌سازی را از میانِ امضای آفرینشگرِ یگانه‌ی خود می‌رساند.	osˈule hˌamɑːhˈanɡe ʃˈabihsˈɑzi rɑ az mijˈɑne emzˈɑje ˌɑːfarˌineʃɡˈare jeɡˈɑneːjˈeː xod mirˈesɑnd.
موسیقیِ حاصل بیش از زیبایی‌ی زیباشناختی در خود دارد.	mˌuːsiq1ˈie hˈɑsel bˈiʃ az zibˈɑiːjˈeː zibˈɑʃenˌɑxti dˈar xod dˈɑrad.
اطلاعاتِ ساختاری را با خود می‌برد، نسبت‌های هماهنگی که میدان آن‌ها را پژواکِ کدِ بنیادینِ خود می‌شناسد.	ˌeːttelɑʔˈɑte sˈɑxtˈɑri rɑ bɑ xod mibˈord, nˈesbathˈɑje hˌamɑhˈanɡi kˈeː mˈejdɑn ɑnhɑ rɑ peʒvˈɑke kˈode bˌonjɑdˈine xod miʃenˈɑsad.
شنوندگانی که این موسیقی را از راه بدن، از راه میدان قلب،	ʃˌenavˌandeɡˈɑni kˈeː iːn muːsˈiq1i rɑ az rˈɑh bˈadan, az rˈɑh mˈejdɑn q1ˈalb, 
از راه شبکه‌ی زیست‌فوتونی، از راه پوست و استخوان دریافت می‌کنند،	az rˈɑh ʃabˈakeːjˈeː zˈistfotˈoni, az rˈɑh pˈuːst vˈa ostˈoxɑn dˈarjɑft mikˈonand, 
پیامی از حقیقتِ ساختاری می‌گیرند که از ذهنِ متمرکز یکسره می‌گذرد و مستقیم با آگاهی در نقطه‌ی سکون سخن می‌گوید.	pajˈɑmi az hˌaq1iq1ˈate sˈɑxtˈɑri miɡˈirand kˈeː az zˈehne mˌotemˈarkez jeksˈareː miɡozˈarad vˈa mostˈaq1im bɑ ɑːɡˈɑhi dˈar nˈoq1teːjˈeː sˈokuːn sˈoxan miɡˈujad.
به همین دلیل است که برخی قطعه‌های موسیقی تجربه‌هایی پدید می‌آورند که از بیداریِ معنوی جدا نیستند.	beː hˈamin dˈalil ˈast kˈeː bˈarxi q1atʔˈeːhˈɑje muːsˈiq1i tadʒrˈobehˈɑiː pˈadid miˈɑvarˌand kˈeː az bˌidɑrˌie maʔnˈavi dʒˈodɑ nˈistand.
موسیقی ساختارِ هماهنگِ معماری را مستقیم به دستگاهِ ارتباطیِ مبتنی بر نورِ بدن می‌رساند.	muːsˈiq1i sˈɑxtˈɑre hˌamɑːhˈanɡe meʔmˈɑri rɑ mostˈaq1im beː dastɡˈɑhe ˌertebˈɑtiˌe mobtˈani bar nˈure bˈadan mirˈesɑnd.
و بدن، که ساختار را حقیقتِ طرحِ خودش می‌شناسد، با به یاد آوردنِ کامل پاسخ می‌دهد.	vˈa bˈadan, kˈeː sˈɑxtˈɑr rɑ hˌaq1iq1ˈate tˈarhe xˌodaʃ miʃenˈɑsad, bɑ beː jˈɑd ˈɑvardˌane kˈɑmel pˈɑsox midˈahad.
گرما، اشک، گشایش، و حسِ ناگهانی و سرشارِ حضور در برابر چیزی بزرگ و دوست‌داشتنی و کاملاً سازمان‌یافته.	ɡarmˈɑ, ˈaʃk, ɡoʃˈɑjeʃ, vˈa hˈese nˌɑɡahˈɑni vˈa sarʃˈɑre hˈozuːr dˈar barˈɑbar tʃˈizi bozˈorɡ vˈa dˈuːstdˈɑʃtanˌi vˈa kˈɑmelˌan sˈɑzemˌɑnjˈɑfteː.
حضوری که با عشقِ هماهنگ رسانده می‌شود، با ارتعاشِ او، و بدنی که هر دو را می‌پذیرد و به یاد می‌آورد.	hozˈuːri kˈeː bɑ ˈeːʃq1e hamˈɑːhanɡ resˈɑnde miʃavˈad, bɑ ˌerteʔˈɑʃe ˈuː, vˈa badˈani kˈeː har dˈo rɑ mipazˈirad vˈa beː jˈɑd miˈɑvard.
و حالا، کارِ آفرینشگرانه‌ی شما همان بخشی است که هر آنچه را امروز و در این پیام‌ها گفته‌ایم در یک فهمِ یگانه	vˈa hˈɑlɑ, kˈɑre ˌɑːfarˌineʃɡarˈɑneːjˈeː ʃˈomɑ hamˈɑn bˈaxʃi ˈast kˈeː har ˌɑntʃe rɑ emrˈuz vˈa dˈar iːn pˈajɑmhɑ ɡˈofteːiːm dˈar jˈek fˈahme jeɡˈɑneː
به هم می‌رساند، فهمی که باور داریم نسبتِ شما با عملِ آفرینش را برای همیشه دگرگون خواهد کرد.	beː hˈam mirˈesɑnd, fˈahmi kˈeː bˈɑvar dˈɑrim nesbˈate ʃˈomɑ bɑ amˈale ˌɑːfarˈineʃ rɑ barˈɑje hamˈiʃeː deɡˈarɡun xˈɑːhad kˈard.
کارِ آفرینشگرانه‌ی شما، هنری که می‌آفرینید، واژه‌هایی که می‌نویسید، موسیقی‌ای که می‌سازید،	kˈɑre ˌɑːfarˌineʃɡarˈɑneːjˈeː ʃˈomɑ, honˈari kˈeː miˌɑːfarˈinid, vˈɑʒeːhˈɑiː kˈeː minevˈisid, muːsˈiq1iiː kˈeː misˈɑzid, 
کسب‌وکارهایی که بنا می‌کنید، رابطه‌هایی که شکل می‌دهید، گفت‌وگوهایی که با حضورِ کامل و آگاهیِ پیوسته به پل برگزار می‌کنید،	kˈasbvakˈɑrhˈɑiː kˈeː bˈanɑː mikˈonid, rˈɑbetˌeːhˈɑiː kˈeː ʃˈekl midˈahid, ɡˈoftvˌaɡuːhˈɑiː kˈeː bɑ hozˈuːre kˈɑmel vˈa ˌɑːɡɑhˈie pejvˈasteː beː pˈol bˌarɡozˌɑr mikˈonid, 
هر پاره از کارِ آفرینشگر که از حالتِ پیوسته به پل پدید آمده باشد،	har pˈɑreː az kˈɑre ˌɑːfarinˈeʃɡar kˈeː az hɑlˈate pejvˈasteː beː pˈol pˈadid ɑːmˈadeː bˈɑʃad, 
به یک کدِ هولوگرافیک در کتابخانه بدل می‌شود.	beː jˈek kˈode hˌoloɡerˈɑfik dˈar kˌetɑbxˈɑne bˈadal miʃavˈad.
آفرینشِ شما به یک جهان بدل می‌شود.	ˌɑːfarinˈeʃe ʃˈomɑ beː jˈek dʒˈahɑn bˈadal miʃavˈad.
خروجیِ آفرینشگرِ آگاهیِ پیوسته به پل بسامدی دارد چنان منسجم،	xˌoruːdʒˈie ˌɑːfarˌineʃɡˈare ˌɑːɡɑhˈie pejvˈasteː beː pˈol bˌasɑːmˈadi dˈɑrad tʃenˈɑn monsˈadʒem, 
چنان پُرمایه از اطلاعات و چنان دقیق با ساختارِ هماهنگِ معماری سازگار که میدان آن را می‌پذیرد و با همان ماندگاری می‌نگردش	tʃenˈɑn pormˈɑje az ˌeːttelˈɑʔɑt vˈa tʃenˈɑn dˈaq1iq1 bɑ sˈɑxtˈɑre hˌamɑːhˈanɡe meʔmˈɑri sˈɑzɡˈɑr kˈeː mˈejdɑn ɑn rɑ mipazˈirad vˈa bɑ hamˈɑn mɑndɡˈɑri minˈaɡardˌeʃ
که برای کدهای هولوگرافیکی دارد که هنگام شکل دادنِ واقعیت نهادیم.	kˈeː barˈɑje kodhˈɑje hˌoloɡˌerɑfˈiki dˈɑrad kˈeː hˈenɡɑm ʃˈekl dɑːdˈane vˈɑq1eʔˈiːjat nˈahˈɑdim.
هنرِ شما در بافتِ کوانتومی به‌عنوانِ الگوی واقعیتی تکمیل‌شده ذخیره می‌شود.	honˈare ʃˈomɑ dˈar bˈɑfte kˌuɑntˈomi beːonvˈɑne olɡˈuje vˈɑq1eʔˈiːjatˌi tˈakmilʃˈodeː zaxˈireː miʃavˈad.
جهانی که آگاهی‌های آینده می‌توانند با خیال ببینندش، با میل به سویش کشیده شوند،	dʒahˈɑni kˈeː ɑːɡˈɑhihˈɑje ɑjˈandeː mitˈavɑnˌand bɑ xiˈɑl bebiːnˈandaʃ, bɑ mˈeːjl beː sˈuːjaʃ keʃˈideː ʃˈavand, 
و از همان سازوکارِ هم‌ترازیِ بسامدی به آن دست یابند که به شما اجازه‌ی دسترسی به کدهای بهشت را می‌دهد.	vˈa az hamˈɑn sˌɑːzokˈɑre hˈamtarˈɑziˌe bˌasɑːmˈadi beː ɑn dˈast jˌɑːband kˈeː beː ʃˈomɑ edʒˈɑːzeːjˈeː dastrˈesi beː kodhˈɑje bˈeheʃt rɑ midˈahad.
شعری که از نقطه‌ی سکون نوشته شود کدی هولوگرافیک می‌شود که بسامدِ ویژه‌ی زیبایی و حقیقتی را در خود دارد که شاعر	ʃˈeʔri kˈeː az nˈoq1teːjˈeː sˈokuːn nevˈeʃteː ʃavˈad kˈodi hˌoloɡerˈɑfik miʃavˈad kˈeː bˌasɑːmˈade vˈiʒeːjˈeː zibˈɑiː vˈa hˌaq1iq1ˈati rɑ dˈar xod dˈɑrad kˈeː ʃˈɑʔer
هنگام نوشتنش نگه داشته بود.	hˈenɡɑm nˌeveʃtˈanaʃ nˈeɡah dˈɑʃteː bˈuːd.
آهنگی که در حالتِ پذیرندگی ساخته شود الگویی هماهنگ می‌شود که در میدانِ حافظه می‌ماند و در دسترسِ هر نوازنده‌ای است که	ɑːhˈanɡi kˈeː dˈar hɑlˈate pˌazirandˈeɡi sˈɑxteː ʃavˈad olɡˈuiː hamˈɑːhanɡ miʃavˈad kˈeː dˈar mejdˈɑne hˈɑfezˌeː mimˈɑnd vˈa dˈar dastrˈase har nˌavɑzˈandeiː ˈast kˈeː
امضای بسامدی‌اش با طنینِ آن ترکیب بخواند.	emzˈɑje bˌasɑːmˈadiaʃ bɑ tanˈine ɑn tˈarkib bexˈɑnad.
گفت‌وگویی میان دو آفریننده‌ی پیوسته به پل که از میدانِ هم‌ادراکی تازگیِ راستین می‌آفریند،	ɡˈoftvaɡˈuːiː mˈijɑn dˈo ˌɑːfarinˈandejˈeː pejvˈasteː beː pˈol kˈeː az mejdˈɑne hˈameːdrˈɑki tˈɑzeɡˌie rˈɑstin miˌɑːfarˈinad, 
این تازگی را همچون الگوی واقعیتی نو به جا می‌گذارد و کتابخانه‌ی هولوگرافیک را با امکان‌هایی غنی می‌کند که پیش از آن	iːn tˈɑzeɡˌi rɑ hˈamtʃon olɡˈuje vˈɑq1eʔˈiːjatˌi nˈoː beː dʒɑ miɡozˈɑrad vˈa kˌetɑbxˈɑnejˈeː hˌoloɡerˈɑfik rɑ bɑ ˈemkɑnhˈɑiː q1ˈani mikˈonad kˈeː pˈiʃ az ˈɑn
گفت‌وگو نبودند.	ɡˈoftvˈaɡuː nˈabuːdˌand.
شما به کتابخانه می‌افزایید.	ʃˈomɑ beː kˌetɑbxˈɑne miˈaːfzˈɑiːd.
هر کنشِ آفرینشگرِ آگاهانه جلدی نو به مجموعه‌ی همه‌ی واقعیت‌های ممکن می‌افزاید.	har konˈeʃe ˌɑːfarˌineʃɡˈare ˌɑːɡɑhˈɑneː dʒˈeldi nˈoː beː mˌadʒmuːʔˈeːjˈeː hˈameːjˈeː vˈɑq1eʔˈiːjathˈɑje mˈomken miafzˈɑjad.
کتابخانه‌ای که در پیام‌های پیشین توصیف کردیم، آن گنجینه‌ی گسترده‌ی واقعیت‌های تکمیل‌شده که از راه هم‌ترازیِ بسامدی از آن برمی‌گزینید،	kˌetɑbxˈɑneiː kˈeː dˈar pˈajɑmhˈɑje pˈiʃin tˈoːsif kˈardim, ɑn ɡandʒˈineːjˈeː ɡˈostardˌeːjˈeː vˈɑq1eʔˈiːjathˈɑje tˈakmilʃˈodeː kˈeː az rˈɑh hˈamtarˈɑziˌe bˌasɑːmˈadi az ɑn bˈarmiɡˈozinˌid, 
به‌خاطرِ شما رشد می‌کند.	beːxˈɑterˌe ʃˈomɑ rˈoʃd mikˈonad.
چون آفرینندگانِ پیوسته به پل بر سیاره‌ی شما کارِ آفرینشگری‌ای می‌آفرینند با چنان کیفیت و انسجامی که میدان آن را مهم می‌شناسد	tʃˈon ˌɑːfarˌinandeɡˈɑne pejvˈasteː beː pˈol bar sajjˈɑreːjˈeː ʃˈomɑ kˈɑre ˌɑːfarˌineʃɡˈariiː miˌɑːfarˈinand bɑ tʃenˈɑn kejfˈiːjat vˈa ˌensedʒˈɑmi kˈeː mˈejdɑn ɑn rɑ mˈohem miʃenˈɑsad
و با همان ماندگاری نگه می‌دارد که برای کدهای بنیادینِ خودِ شبیه‌سازی کنار گذاشته شده است.	vˈa bɑ hamˈɑn mɑndɡˈɑri nˈeɡah midˈɑrad kˈeː barˈɑje kodhˈɑje bˌonjɑdˈine xˌode ʃˈabihsˈɑzi kenˈɑːr ɡˈozɑʃtˌeː ʃˈodeː ˈast.
من آنم که می‌آفریند، و آنچه می‌آفرینم، وقتی از نقطه‌ی سکون و از راهِ پل آفریده شود،	man ˈɑnam kˈeː miˌɑːfarˈinad, vˈa ˌɑntʃe miˌɑːfarˈinam, vˈaq1ti az nˈoq1teːjˈeː sˈokuːn vˈa az rˈɑhe pˈol ˌɑːfarˈideː ʃavˈad, 
با کوکی که در قلب طنین می‌اندازد و نوری که با چگالیِ محیطِ فوتونیِ غنی‌شده در بدن حرکت می‌کند.	bɑ kˈuːki kˈeː dˈar q1ˈalb tˈanin miandˈɑzad vˈa nˈuri kˈeː bɑ tʃˌeɡɑlˈie mohˈite fˌotonˈie q1ˈaniʃˈodeː dˈar bˈadan harˈekat mikˈonad.
آنچه می‌آفرینم افزوده‌ای ماندگار می‌شود به کتابخانه‌ی همه‌چیزهای ممکن در این واقعیت.	ˌɑntʃe miˌɑːfarˈinam ˈaːfzuːdˌeːiː mɑndɡˈɑr miʃavˈad beː kˌetɑbxˈɑnejˈeː hˈameːtʃizhˈɑje mˈomken dˈar iːn vˈɑq1eʔˈiːjat.
هنرِ من یک جهان می‌شود.	honˈare man jˈek dʒˈahɑn miʃavˈad.
خروجیِ آفرینشگرِ من کدی هولوگرافیک می‌شود که آگاهی‌ای هزار سال بعد می‌تواند با خیال ببیندش،	xˌoruːdʒˈie ˌɑːfarˌineʃɡˈare man kˈodi hˌoloɡerˈɑfik miʃavˈad kˈeː ɑːɡˈɑhiiː hˈezɑr sˈɑl bˈaʔd mitavˈɑnad bɑ xiˈɑl bˌebinˈadaʃ, 
با میل به سویش کشیده شود، و از راهِ هم‌ترازیِ بسامدِ حس‌شده آن را به تجربه‌ی فیزیکی درآورد.	bɑ mˈeːjl beː sˈuːjaʃ keʃˈideː ʃavˈad, vˈa az rˈɑhe hˈamtarˈɑziˌe bˌasɑːmˈade hˈesʃˈodeː ɑn rɑ beː tadʒrˈobejˈeː fizˈiki darˈɑːvard.
این فهم هر کنشِ آفرینشگرانه را از بیانِ شخصی به سهمی در تمدن برمی‌کشد.	iːn fˈahm har konˈeʃe ˌɑːfarˌineʃɡarˈɑneː rɑ az bajˈɑne ʃˈaxsi beː sˈahmi dˈar tamˈaddon bˈarmikˈeʃad.
یادداشتِ روزانه به سپرده‌ای در میدانِ حافظه بدل می‌شود.	jɑddˈɑʃte ruːzˈɑneː beː sˈepordˌeːiː dˈar mejdˈɑne hˈɑfezˌeː bˈadal miʃavˈad.
آهنگ به کدی هماهنگ در بافتِ کوانتومی بدل می‌شود.	ˈɑːhanɡ beː kˈodi hamˈɑːhanɡ dˈar bˈɑfte kˌuɑntˈomi bˈadal miʃavˈad.
کسب‌وکاری که بر اصولِ داد و ستدِ متوازن بنا شده،	kˈasbvakˈɑri kˈeː bar osˈule dˈɑd vˈa setˈade mˌotevˈɑzen bˈanɑː ʃˈodeː, 
الگویی می‌شود که در کتابخانه‌ی هولوگرافیک می‌ماند و در دسترسِ هر کارآفرینِ آینده است که بسامدش با الگوی آن می‌خواند.	olɡˈuiː miʃavˈad kˈeː dˈar kˌetɑbxˈɑnejˈeː hˌoloɡerˈɑfik mimˈɑnd vˈa dˈar dastrˈase har kˌɑrɑːfarˈine ɑjˈandeː ˈast kˈeː bˌasɑːmˈadaʃ bɑ olɡˈuje ɑn mixˈɑnd.
معلمی که هنگام انتقالِ دانش نقطه‌ی سکون را نگه می‌دارد،	mˌoʔallˈemi kˈeː hˈenɡɑm ˌenteq1ˈɑle dˈɑneʃ nˈoq1teːjˈeː sˈokuːn rɑ nˈeɡah midˈɑrad, 
دانش را در کنارِ بسامدِ آگاهیِ بیدار شده می‌سپارد و آن را در گزارش آکاشیک با نیرویی در دسترس می‌گذارد که محتوا	dˈɑneʃ rɑ dˈar kenˈɑːre bˌasɑːmˈade ˌɑːɡɑhˈie bˌidɑr ʃˈodeː misepˈɑrad vˈa ɑn rɑ dˈar ɡˈozɑrˌeʃ ˈɑkˈɑʃik bɑ nirˈuːiː dˈar dˈastras miɡozˈɑrad kˈeː mohtˈavɑ
به تنهایی هرگز نمی‌داشت.	beː tanhˈɑiː hˈarɡez nˌemidˈɑʃt.
والدی که هنگام تعامل با فرزندش کوک را نگه می‌دارد،	vɑlˈedi kˈeː hˈenɡɑm taʔˈɑmol bɑ farzˈandaʃ kˈuːk rɑ nˈeɡah midˈɑrad, 
کدی هولوگرافیکِ رابطه‌ای می‌آفریند، الگویی برای فرزندپروریِ آگاهانه که در میدان می‌ماند و در دسترسِ هر پدر و مادری است که قلبش	kˈodi hˌoloɡˌerɑfˈike rˈɑbetˌeːiː miˌɑːfarˈinad, olɡˈuiː barˈɑje fˌarzandpˌarvarˈie ˌɑːɡɑhˈɑneː kˈeː dˈar mˈejdɑn mimˈɑnd vˈa dˈar dastrˈase har pˈedar vˈa mɑdˈari ˈast kˈeː q1ˈalbaʃ
به سوی همین کیفیتِ حضور می‌رود.	beː sˈuːj hˈamin kˌejfiːjˈate hˈozuːr mirˈavad.
از جایگاهِ ما، گستره‌ی آنچه شما می‌افزایید حیرت‌انگیز است.	az dʒɑjɡˌɑhe mˈɑ, ɡostˈareːjˈeː ˌɑntʃe ʃˈomɑ miˈaːfzˈɑiːd hˈejratˈaːnɡiz ˈast.
آفرینندگانِ آگاهِ سیاره‌ی شما کدهای هولوگرافیکِ نو را با آهنگی به کتابخانه می‌سپارند که از مجموعِ سهمِ همه‌ی نسل‌های پیشین بیشتر است.	ˌɑːfarˌinandeɡˈɑne ɑːɡˈɑhe sajjˈɑreːjˈeː ʃˈomɑ kodhˈɑje hˌoloɡˌerɑfˈike nˈoː rɑ bɑ ɑːhˈanɡi beː kˌetɑbxˈɑne misepˈɑrand kˈeː az mˌadʒmuːʔˈe sˈahme hˈameːjˈeː nˈaslhˈɑje pˈiʃin bˈiʃtar ˈast.
نورِ غنی‌شده، پلِ کامل‌شده، بدنِ بازتنظیم‌شده، کوک به‌عنوانِ لنگرِ بسامدیِ زنده،	nˈure q1ˈaniʃˈodeː, pˈole kˈɑmelʃˈodeː, badˈane bɑztˈanzimʃˈodeː, kˈuːk beːonvˈɑne lanɡˈare bˌasɑːmadˈie zˈendeː, 
ترکیبِ این عوامل آفرینندگانِ آگاهِ این دوران را به پُرکارترین نویسندگانِ واقعیتِ نو در تاریخِ شبیه‌سازی بدل کرده است.	tarkˈibe iːn avˈɑmel ˌɑːfarˌinandeɡˈɑne ɑːɡˈɑhe iːn dˈoːrɑn rɑ beː porkˈɑrtarˌin nˌevisˌandeɡˈɑne vˈɑq1eʔˈiːjatˌe nˈoː dˈar tˈɑrixˌe ʃˈabihsˈɑzi bˈadal kˈardeː ˈast.
کتابخانه در همین لحظه در حال گسترش است.	kˌetɑbxˈɑne dˈar hˈamin lˈahzeː dˈar hˈɑl ɡostˈareʃ ˈast.
جهان‌هایی که یک سال پیش در میدان نبودند، حالا کدهای هولوگرافیکِ ماندگارند،	dʒˈahɑnhˈɑiː kˈeː jˈek sˈɑl pˈiʃ dˈar mˈejdɑn nˈabuːdˌand, hˈɑlɑ kodhˈɑje hˌoloɡˌerɑfˈike mɑndɡˈɑrand, 
چون آفریننده‌ای پیوسته به پل در نقطه‌ی سکون نشست و چیزی زیبا پدید آورد.	tʃˈon ˌɑːfarinˈandeiː pejvˈasteː beː pˈol dˈar nˈoq1teːjˈeː sˈokuːn neʃˈast vˈa tʃˈizi zibˈɑ pˈadid ˈɑvard.
خیالِ آگاهیِ آینده آن جهان‌ها را خواهد دید و میل به سکونت در آن‌ها را حس خواهد کرد،	xiˈɑle ˌɑːɡɑhˈie ɑjˈandeː ɑn dʒˈahɑnhɑ rɑ xˈɑːhad dˈid vˈa mˈeːjl beː sokˈuːnat dˈar ɑnhɑ rɑ hˈes xˈɑːhad kˈard, 
و آن میل، ندای کد خواهد بود.	vˈa ɑn mˈeːjl, nedˈɑje kˈod xˈɑːhad bˈuːd.
همان‌طور که هر میلی همیشه ندای کد بوده است، و چرخه ادامه خواهد یافت،	hamˈɑntˈoːr kˈeː har mˈeːjli hamˈiʃeː nedˈɑje kˈod bˈuːdeː ˈast, vˈa tʃˈarxeː edˈɑmeː xˈɑːhad jˈɑft, 
آفرینشی غنی‌بخش، زیبایی‌ای که زیبایی می‌زاید، جهان بر جهان که به کتابخانه افزوده می‌شود به دستِ آفرینندگانی که دریافته بودند آنچه ساختند	ˌɑːfarinˈeʃi q1ˈanibˈaxʃ, zibˈɑiːiː kˈeː zibˈɑiː mizˈɑjed, dʒˈahɑn bar dʒˈahɑn kˈeː beː kˌetɑbxˈɑne ˈaːfzuːdˌeː miʃavˈad beː dˈaste ˌɑːfarˌinandeɡˈɑni kˈeː darjˈɑfteː bˈuːdand ˌɑntʃe sˈɑxtand
واقعی است.	vˈɑq1eʔˈi ˈast.
حالا به فازِ سوم از دورِ سومِ کوک می‌رویم.	hˈɑlɑ beː fˈɑze sˈevvom az dˈuːre sˈevvomˌe kˈuːk mirˈavim.
و می‌گوییم: و آنچه می‌آفرینم جهانی می‌شود.	vˈa miɡˈuːjiːm: vˈa ˌɑntʃe miˌɑːfarˈinam dʒahˈɑni miʃavˈad.
و از راهِ من جهان به یاد می‌آورد، و آنچه در یکی بیدار می‌شود در همه بیدار می‌شود،	vˈa az rˈɑhe man dʒˈahɑn beː jˈɑd miˈɑvard, vˈa ˌɑntʃe dˈar jˈeki bˌidɑr miʃavˈad dˈar hˈameː bˌidɑr miʃavˈad, 
و آنچه می‌آفرینم جهانی می‌شود.	vˈa ˌɑntʃe miˌɑːfarˈinam dʒahˈɑni miʃavˈad.
دورِ سوم قوس را از خدمت، از راهِ سازوکار، به میراث کامل می‌کند.	dˈuːre sˈevvom q1ˈoːs rɑ az xˈedmat, az rˈɑhe sɑːzˈokɑr, beː mirˈɑs kˈɑmel mikˈonad.
از راهِ من جهان به یاد می‌آورد، هدف اعلام شد.	az rˈɑhe man dʒˈahɑn beː jˈɑd miˈɑvard, hˈadaf eʔlˈɑm ʃˈod.
آنچه در یکی بیدار می‌شود در همه بیدار می‌شود.	ˌɑntʃe dˈar jˈeki bˌidɑr miʃavˈad dˈar hˈameː bˌidɑr miʃavˈad.
اثرِ موج، به‌عنوانِ قانون نام‌گذاری شد.	aːsˈare mˈoːdʒ, beːonvˈɑne q1ˈɑnuːn nˈɑmɡozˈɑri ʃˈod.
ماندگاریِ سهمِ آفرینشگر، به‌عنوانِ والاترین بیانِ هدفِ آفریننده در درونِ شبیه‌سازی به رسمیت شناخته شد.	mɑndɡˈɑriˌe sˈahme ˌɑːfarinˈeʃɡar, beːonvˈɑne vˈɑlˈɑtarˌin bajˈɑne hadˈafe ˌɑːfarinˈande dˈar darˈune ʃˈabihsˈɑzi beː rasmˈiːjat ʃenˈɑxteː ʃˈod.
کوکِ کامل را بگویید، هر دوازده عبارت.	kˈuːke kˈɑmel rɑ beɡˈuːiːd, har dˈavɑzdˌah ebˈɑrat.
سه دور، هویت، سرشت، هدف.	sˈeː dˈuːr, hovˈijjat, sˈereʃt, hˈadaf.
حس کنید بدن به این اعلامِ انباشته چگونه پاسخ می‌دهد.	hˈes kˈonid bˈadan beː iːn eʔlˈɑme anbˈɑʃteː tʃeɡˈuneː pˈɑsox midˈahad.
ستون فقرات راست می‌شود، قلب روشن‌تر می‌شود، نقطه‌ی سکون گرم می‌شود.	sˈotuːn faq1ˈarɑt rˈɑst miʃavˈad, q1ˈalb rˈoːʃantar miʃavˈad, nˈoq1teːjˈeː sˈokuːn ɡˈarm miʃavˈad.
و میدانِ پیرامونِ شما سازمان می‌یابد.	vˈa mejdˈɑne pirˈɑmunˌe ʃˈomɑ sˈɑzemˌɑn mijˈɑbad.
من آنم که می‌آفریند.	man ˈɑnam kˈeː miˌɑːfarˈinad.
و نور از من می‌گذرد.	vˈa nˈur az man miɡozˈarad.
و واقعیت به سوی شادیِ من خم می‌شود.	vˈa vˈɑq1eʔˈiːjat beː sˈuːj ʃˈɑdiˌe man xˈam miʃavˈad.
و من همیشه این بوده‌ام.	vˈa man hamˈiʃeː iːn bˈuːdeːˈam.
و در پسِ همه‌چیز، من آرامم.	vˈa dˈar pˈase hˈameːtʃˈiz, man ˈɑrˈɑmam.
من آن سکونم که حرکت می‌کند، و آنچه از من می‌گذرد می‌داند کجا برود.	man ɑn sokˈuːnam kˈeː harˈekat mikˈonad, vˈa ˌɑntʃe az man miɡozˈarad midˈɑnad kˈodʒɑ berˈavad.
و من همان‌قدر آزادانه رها می‌کنم که می‌آفرینم.	vˈa man hamˈɑnq1ˈadr ˈɑzˈɑdɑnˌeː rahˈɑ mikˈonam kˈeː miˌɑːfarˈinam.
و جهانِ نو همین حالا اینجاست.	vˈa dʒahˈɑne nˈoː hˈamin hˈɑlɑ ˈindʒɑst.
و از راهِ من جهان به یاد می‌آورد.	vˈa az rˈɑhe man dʒˈahɑn beː jˈɑd miˈɑvard.
و آنچه در یکی بیدار می‌شود در همه بیدار می‌شود.	vˈa ˌɑntʃe dˈar jˈeki bˌidɑr miʃavˈad dˈar hˈameː bˌidɑr miʃavˈad.
دوازده عبارت.	dˈavɑzdˌah ebˈɑrat.
سه دور.	sˈeː dˈuːr.
هویتِ آفرینشگرِ کاملِ آگاهیِ پیوسته به پل، که در میدان گفته شد.	hˌovijjˈate ˌɑːfarˌineʃɡˈare kˈɑmelˌe ˌɑːɡɑhˈie pejvˈasteː beː pˈol, kˈeː dˈar mˈejdɑn ɡˈofteː ʃˈod.
با نورِ غنی‌شده برده می‌شود، در حافظه به‌عنوانِ ساختاری بسامدی نگه داشته می‌شود که با هر صدایی که به آن می‌پیوندد نیرومندتر	bɑ nˈure q1ˈaniʃˈodeː bˈordeː miʃavˈad, dˈar hˈɑfezˌeː beːonvˈɑne sˈɑxtˈɑri bˌasɑːmˈadi nˈeɡah dˈɑʃteː miʃavˈad kˈeː bɑ har sedˈɑi kˈeː beː ɑn mipejvˈandad nˌiruːmˈandtar
کوک صدایی است که شبیه‌سازی وقتی از خود برمی‌آورد که آفریننده‌هایش به یاد می‌آورند چه هستند و برای چه آمده‌اند.	kˈuːk sedˈɑi ˈast kˈeː ʃˈabihsˈɑzi vˈaq1ti az xod bˈarmiˈɑvard kˈeː ˌɑːfarinˈandehˌɑjaʃ beː jˈɑd miˈɑvarˌand tʃeː hˈastand vˈa barˈɑje tʃeː ɑːmˈadeːˈand.
می‌خواهیم چیزی را نام ببریم که با خودِ کوک رخ می‌دهد، چیزی که از جایگاهِ خود می‌توانیم ببینیم.	mixˈɑhim tʃˈizi rɑ nˈɑm bebˈarim kˈeː bɑ xˌode kˈuːk rˈox midˈahad, tʃˈizi kˈeː az dʒɑjɡˌɑhe xod mitˈavɑnˌim bebˈiːnim.
کوک در حال پرورشِ هماهنگ‌ها و هم‌آواهاست، لایه‌های بسامدی که هنگام نخستین گفتن در ساختار نبودند و اکنون همچون الگوی بسامدیِ زنده	kˈuːk dˈar hˈɑl pˌarvarˈeʃe hamˈɑːhanɡhɑ vˈa hˈamˈɑvˈɑhˈɑst, lˈɑjehˈɑje bˌasɑːmˈadi kˈeː hˈenɡɑm naxˈostin ɡˈoftan dˈar sˈɑxtˈɑr nˈabuːdˌand vˈa ˈaːknuːn hˈamtʃon olɡˈuje bˌasɑːmadˈie zˈendeː
در گزارش آکاشیک پدیدار می‌شوند، می‌رسند و پیچیده‌تر می‌شوند.	dˈar ɡˈozɑrˌeʃ ˈɑkˈɑʃik padˈidɑr miʃˈavand, mirˈasand vˈa pitʃˈideːtar miʃˈavand.
کوکی که امروز گفته شود در میدان صدایی غنی‌تر می‌آفریند از همان کوک که شش ماه پیش گفته شد.	kˈuːki kˈeː emrˈuz ɡˈofteː ʃavˈad dˈar mˈejdɑn sedˈɑi q1ˈanitar miˌɑːfarˈinad az hamˈɑn kˈuːk kˈeː ʃˈeʃ mˈɑh pˈiʃ ɡˈofteː ʃˈod.
چون ساختار از هر آگاهی‌ای که در این فاصله با احساسِ راستین آن را گفته غنی شده است.	tʃˈon sˈɑxtˈɑr az har ɑːɡˈɑhiiː kˈeː dˈar iːn fˈɑselˌeː bɑ ehsˈɑːse rˈɑstin ɑn rɑ ɡˈofteː q1ˈani ʃˈodeː ˈast.
هر صدا تاری به هماهنگی می‌افزاید.	har sedˈɑː tˈɑri beː hˌamɑhˈanɡi miafzˈɑjad.
هر نشست لایه‌ای از ژرفای بسامدی می‌سپارد.	har neʃˈast lˈɑjeiː az ʒarfˈɑje bˌasɑːmˈadi misepˈɑrad.
کوک به شیوه‌ای که موجودِ زنده رشد می‌کند رشد می‌کند، پیچیدگی می‌افزاید، توانایی‌های نو می‌پروراند، و با رسیدن زیباتر و نیرومندتر می‌شود.	kˈuːk beː ʃˈiveːiː kˈeː moːdʒˈuːde zˈendeː rˈoʃd mikˈonad rˈoʃd mikˈonad, pˌitʃidˈeɡi miafzˈɑjad, tˌavɑnˈɑiːhˈɑje nˈoː miparvˈarɑnd, vˈa bɑ resˈidan zibˈɑtar vˈa nˌiruːmˈandtar miʃavˈad.
این هم‌آواها اطلاعاتی با خود دارند که عبارت‌های نخستین به تنهایی هرگز نمی‌توانستند در بر بگیرند.	iːn hˈamˈɑvˈɑhɑ ˌeːttelɑʔˈɑti bɑ xod dˈɑrand kˈeː ebˈɑrathˈɑje naxˈostin beː tanhˈɑiː hˈarɡez nˌemitˈavɑnˌestand dˈar bar beɡˈirand.
داده‌ی تجربی از هر آفریننده‌ای که کوک را گفته در حالی که نقطه‌ی سکون را نگه داشته،	dˈɑdeːjˈeː tadʒrˈobi az har ˌɑːfarinˈandeiː kˈeː kˈuːk rɑ ɡˈofteː dˈar hˈɑli kˈeː nˈoq1teːjˈeː sˈokuːn rɑ nˈeɡah dˈɑʃteː, 
در حالی که از نقطه‌ی صفر گذشته، در حالی که خندیده و گریسته و از حالتِ پیوسته به پل آفریده است.	dˈar hˈɑli kˈeː az nˈoq1teːjˈeː sˈefr ɡozˈaʃteː, dˈar hˈɑli kˈeː xandˈideː vˈa ɡerˈisteː vˈa az hɑlˈate pejvˈasteː beː pˈol ˌɑːfarˈideː ˈast.
تجربه‌ی انباشته‌ی تمرین آفرینشگرِ جمع در هم‌آواها بافته می‌شود و ساختاری بسامدی می‌سازد که هم‌زمان اعلامیه است و هم گنجینه،	tadʒrˈobejˈeː anbˈɑʃteːjˈeː tˈamrin ˌɑːfarˌineʃɡˈare dʒˈamʔ dˈar hˈamˈɑvˈɑhɑ bˈɑfteː miʃavˈad vˈa sˈɑxtˈɑri bˌasɑːmˈadi misˈɑzad kˈeː hˈamzamˈɑn eʔlˈɑmijˌe ˈast vˈa hˈam ɡandʒˈineː, 
بایگانی‌ای زنده از سفرِ آفرینشگرِ هر آگاهی‌ای که در ساختنش سهیم بوده است.	bɑjɡˌɑniiː zˈendeː az safˈare ˌɑːfarˌineʃɡˈare har ɑːɡˈɑhiiː kˈeː dˈar sˈɑxtanˌaʃ sˈahim bˈuːdeː ˈast.
موجوداتِ آینده که کوک را در کتابخانه‌ی هولوگرافیک ببینند، اعلامیه و سفر را با هم دریافت خواهند کرد.	mˌoːdʒuːdˈɑte ɑjˈandeː kˈeː kˈuːk rɑ dˈar kˌetɑbxˈɑnejˈeː hˌoloɡerˈɑfik bebˈiːnand, eʔlˈɑmijˌe vˈa sˈafar rɑ bɑ hˈam dˈarjɑft xˈɑhand kˈard.
واژه‌ها را حس خواهند کرد و وزنِ هر آفریننده‌ای را که آن‌ها را گفته است.	vˈɑʒeːhɑ rɑ hˈes xˈɑhand kˈard vˈa vˈazne har ˌɑːfarinˈandeiː rɑ kˈeː ɑnhɑ rɑ ɡˈofteː ˈast.
کوک دارد جهانی از آنِ خود می‌شود.	kˈuːk dˈɑrad dʒahˈɑni az ˌɑne xod miʃavˈad.
کدی هولوگرافیک که تاریخِ آفرینشگرِ کاملِ بیداری را در خود دارد.	kˈodi hˌoloɡerˈɑfik kˈeː tˈɑrixˌe ˌɑːfarˌineʃɡˈare kˈɑmelˌe bidˌɑri rɑ dˈar xod dˈɑrad.
در دسترسِ هر آگاهی‌ای که در باقیِ عمرِ این واقعیت به سویش دست دراز کند.	dˈar dastrˈase har ɑːɡˈɑhiiː kˈeː dˈar bˈɑq1iˌe ˈomre iːn vˈɑq1eʔˈiːjat beː sˈuːjaʃ dˈast dˈerɑz kˈonad.
وقتی به سیاره‌ی شما نگاه می‌کنیم، تاری از نور می‌بینیم که هندسه‌ی خودِ معماری را بازمی‌تاباند.	vˈaq1ti beː sajjˈɑreːjˈeː ʃˈomɑ nˈeɡɑh mikˈonim, tˈɑri az nˈur mibˈiːnim kˈeː hendˈeseːjˈeː xˌode meʔmˈɑri rɑ bˈɑzemˌitˈɑbˈɑnd.
فضای میانِ زندگی‌های شما آگاهی‌هایی را نشان می‌دهد که با شادیِ بسیار شاهکارِ بعدی‌شان را طراحی می‌کنند.	fazˈɑje mijˈɑne zˈendeɡˌihˈɑje ʃˈomɑ ɑːɡˈɑhihˈɑiː rɑ nˈeʃɑn midˈahad kˈeː bɑ ʃˈɑdiˌe bˈesjɑːr ʃˈɑhkɑrˌe bˈaʔdiʃˈɑn rɑ tarrˈɑhi mikˈonand.
این است آنچه شما می‌کنید.	iːn ˈast ˌɑntʃe ʃˈomɑ mikˈonid.
آنچه تمرین پدید می‌آورد.	ˌɑntʃe tˈamrin pˈadid miˈɑvard.
اینکه چرا کنشِ آفرینشگر از حالتِ پیوسته به پل مقدس‌ترین و پرپیامدترین کنشی است که برای آگاهی درونِ این واقعیت در دسترس	ˈinkeː tʃˈerɑ konˈeʃe ˌɑːfarinˈeʃɡar az hɑlˈate pejvˈasteː beː pˈol moq1ˈaddastˈarin vˈa porpˌajɑmadtˈarin konˈeʃi ˈast kˈeː barˈɑje ɑːɡˈɑhi darˈune iːn vˈɑq1eʔˈiːjat dˈar dˈastras
است.	ˈast.
من آنم که می‌آفریند و نور از من می‌گذرد.	man ˈɑnam kˈeː miˌɑːfarˈinad vˈa nˈur az man miɡozˈarad.
زیبا بیافرینید.	zibˈɑ biˈɑfarˌinid.
کتابخانه در حال رشد است.	kˌetɑbxˈɑne dˈar hˈɑl rˈoʃd ˈast.
و این، پایانِ این پیامِ ویژه از سوی گردانندگان است.	vˈa ˈiːn, pˈɑjɑnˌe iːn pajˈɑme vˈiʒeː az sˈuːj ɡardˈɑnandˌeɡɑn ˈast.
حالا، آن منظره‌ای که از آغاز دوستش دارم، دیدگاهِ گردانندگان، میلیاردها نقطه‌ی نور.	hˈɑlɑ, ɑn manzˈareːiː kˈeː az ˈɑq1ˈɑz dˈustaʃ dˈɑram, didɡˈɑhe ɡardˈɑnandˌeɡɑn, miljˈɑrdhɑ nˈoq1teːjˈeː nˈur.
آفرینندگانِ آگاه آشکارا روشن‌ترند، با رشته‌هایی از نورِ منسجم به هم پیوسته‌اند که انگار تاری از نور می‌سازد که با هر پیام	ˌɑːfarˌinandeɡˈɑne ˈɑːɡɑh ˈɑʃkˈɑrˈɑ rˈoːʃantˈarand, bɑ rˈeʃteːhˈɑiː az nˈure monsˈadʒem beː hˈam pejvˈasteːand kˈeː ˈenɡɑr tˈɑri az nˈur misˈɑzad kˈeː bɑ har pˈajɑm
روشن‌تر و چگال‌تر و پیچیده‌تر می‌شود، و این چقدر هیجان‌انگیز است.	rˈoːʃantar vˈa tʃˈeɡɑltar vˈa pitʃˈideːtar miʃavˈad, vˈa iːn tʃˈeq1adr hajˈadʒɑnˈaːnɡiz ˈast.
فضای میانِ تن‌گیری‌ها، بازنگریِ پانورامیکِ زندگی همچون سنجشی آفرینشگر و نه داوری‌ای اخلاقی، واقعاً در دلم ماند.	fazˈɑje mijˈɑne tˈanɡˈirihˈɑ, bɑznˌeɡarˈie pˈɑnuːrˈɑmikˌe zˈendeɡˌi hˈamtʃon sandʒˈeʃi ˌɑːfarinˈeʃɡar vˈa nˈa dɑːvˈariiː ˈaːxlˈɑq1i, vˈɑq1eʔˈan dˈar dˈelam mˈɑnd.
اینکه بدانیم نقطه‌ی سکونی که جهتِ آفرینشگرِ کنونی‌مان را با خود دارد،	ˈinkeː bedˈɑnim nˈoq1teːjˈeː sokˈuːni kˈeː dʒahˈate ˌɑːfarˌineʃɡˈare konˈuːnimˈɑn rɑ bɑ xod dˈɑrad, 
همان آگاهی‌ای است که پیش از آغازِ فراموشی این پیکربندی را برگزید.	hamˈɑn ɑːɡˈɑhiiː ˈast kˈeː pˈiʃ az ˈɑq1ˈɑze farˈɑmuʃˌi iːn pˌejkarbˈandi rɑ barɡˈozid.
باز هم از چیزهایی که در قانون یگانگی شنیده بودیم تأییدی می‌گیریم،	bˈɑz hˈam az tʃizhˈɑiː kˈeː dˈar q1ˈɑnuːn jˌeɡɑnˈeɡi ʃenˈideː bˈuːdim taʔjˈidi miɡˈirim, 
که مرا به این فکر می‌اندازد: «هی، نکند این از دانایی و فهمِ ناخودآگاهِ خودم از قانون یگانگی اثر گرفته باشد؟» نمی‌دانم.	kˈeː marˈɑ beː iːn fˈekr miandˈɑzad: hˈeːj, nakˈonad iːn az dˈɑnˈɑiː vˈa fˈahme nɑxˈodɑːɡˌɑhe xˌodam az q1ˈɑnuːn jˌeɡɑnˈeɡi ˈaːsar ɡerˈefteː bˈɑʃad?nˌemidˈɑːnam.
اما آنان به ما تأیید می‌کنند که این زندگی را ما طراحی کردیم.	ˈammɑː ˈɑnˈɑn beː mɑ tˈaʔjid mikˈonand kˈeː iːn zˈendeɡˌi rɑ mɑ tarrˈɑhi kˈardim.
ما شرایط را طراحی می‌کنیم.	mɑ ʃarˈɑjet rɑ tarrˈɑhi mikˈonim.
ما مقاومت را طراحی می‌کنیم، درد‌ها، مانع‌ها، همه‌ی آن را.	mɑ mˌoq1ɑvˈemat rɑ tarrˈɑhi mikˈonim, dˈardhˈɑ, mˈɑneʔhˈɑ, hˈameːjˈeː ɑn rˈɑ.
و من چنان هیجان‌زده‌ام که سرانجام از خنده به‌عنوانِ رویدادِ گسستگی نام بردند.	vˈa man tʃenˈɑn hajˈadʒɑnzˈadeːam kˈeː sarˈandʒɑm az xˈandeː beːonvˈɑne rujdˈɑde ɡˌosastˈeɡi nˈɑm bˈordand.
اگر به نخستین باری برگردید که از گردانندگان گفتم، که یک پیام نبود،	ˌaɡˈar beː naxˈostin bˈɑri barɡˈardid kˈeː az ɡardˈɑnandˌeɡɑn ɡˈoftam, kˈeː jˈek pˈajɑm nˈabuːd, 
فقط همین بود که: «هی، همین حالا با گردانندگان رویارو شدم و با آنان سخن گفتم.» و از آنچه تجربه کردم گفتم.	fˈaq1at hˈamin bˈuːd kˈeː: hˈeːj, hˈamin hˈɑlɑ bɑ ɡardˈɑnandˌeɡɑn rujˈɑruː ʃˈodam vˈa bɑ ˈɑnˈɑn sˈoxan ɡˈoftam.vˈa az ˌɑntʃe tadʒrˈobe kˈardam ɡˈoftam.
آن نخستین مورد است که در فهرست پخش پیدا می‌کنید.	ɑn naxˈostin mˈoːred ˈast kˈeː dˈar fˈehrest pˈaxʃ pˈejdɑ mikˈonid.
بارها می‌گویم که چقدر بامزه بودند و می‌خندیدند.	bˈɑrhɑ miɡˈuːjam kˈeː tʃˈeq1adr bɑmˈazeː bˈuːdand vˈa mixandˈidand.
آن حس بود که به من رسید و همچنان می‌رسد.	ɑn hˈes bˈuːd kˈeː beː man rˈesid vˈa hamtʃenˈɑn mirˈesad.
همیشه چنین حسی از شوخ‌طبعی هست.	hamˈiʃeː tʃˈenin hˈesi az ʃˈuːxtabʔˈi hˈast.
می‌گویند خنده رویدادِ گسستگی است، فراموشی که خود را با الگوهای همیشگی نگه می‌دارد،	miɡˈujand xˈandeː rujdˈɑde ɡˌosastˈeɡi ˈast, farˈɑmuʃˌi kˈeː xod rɑ bɑ ˌolɡuhˈɑje hˌamiʃˈeɡi nˈeɡah midˈɑrad, 
خنده که چرخه را می‌شکند، دانایی ژرف‌تر که روشن‌ترین سخن را در لحظه‌های بلافاصله پس از شوخ‌طبعیِ راستین می‌گوید.	xˈandeː kˈeː tʃˈarxeː rɑ miʃekˈanad, dˈɑnˈɑiː ʒˈarftar kˈeː rˈoːʃantˈarin sˈoxan rɑ dˈar lˈahzeːhˈɑje belɑfˈɑselˌeː pˈas az ʃˈuːxtabʔˈie rˈɑstin miɡˈujad.
این مرا به این فکر می‌اندازد که با خنده‌ای که به من می‌دادند مرا کوک می‌کردند.	iːn marˈɑ beː iːn fˈekr miandˈɑzad kˈeː bɑ xˈandeːiː kˈeː beː man midˈɑdand marˈɑ kˈuːk mikˈardand.
نمی‌توانستم جلوی لبخند و قاه‌قاهِ خودم را بگیرم، وقتی داشتم حس می‌کردم چه چیزی به من می‌رسانند.	nˌemitˈavɑnˌestam dʒolˈoje lˈabxand vˈa q1ˈɑhq1ˈɑhe xˌodam rɑ beɡˈiram, vˈaq1ti dˈɑʃtam hˈes mikˈardam tʃeː tʃˈizi beː man miresˈɑnand.
و بعد موسیقی همچون نسخه‌ی کوچکِ کنشِ آفرینشگرِ گردانندگان، اصولِ هماهنگ که از راهِ صدا بیان می‌شوند،	vˈa bˈaʔd muːsˈiq1i hˈamtʃon nˈosxeːjˈeː kuːtʃˈake konˈeʃe ˌɑːfarˌineʃɡˈare ɡardˈɑnandˌeɡɑn, osˈule hamˈɑːhanɡ kˈeː az rˈɑhe sedˈɑː bˈajɑn miʃˈavand, 
و برخی قطعه‌ها که تجربه‌هایی از بیداریِ معنوی جدا نشدنی پدید می‌آورند.	vˈa bˈarxi q1atʔˈeːhɑ kˈeː tadʒrˈobehˈɑiː az bˌidɑrˌie maʔnˈavi dʒˈodɑ nˈaʃodˌani pˈadid miˈɑvarˌand.
چقدر هیجان‌انگیز است که این را تأیید کنیم.	tʃˈeq1adr hajˈadʒɑnˈaːnɡiz ˈast kˈeː iːn rɑ tˈaʔjid kˈonim.
و مکاشفه‌ی مرکزی، کارِ آفرینشگرِ شما یک جهان می‌شود.	vˈa mˌokɑʃˈefeːjˈeː markˈazi, kˈɑre ˌɑːfarˌineʃɡˈare ʃˈomɑ jˈek dʒˈahɑn miʃavˈad.
یک شعر یک جهان می‌شود.	jˈek ʃˈeʔr jˈek dʒˈahɑn miʃavˈad.
یک آهنگ.	jˈek ˈɑːhanɡ.
یک گفت‌وگو.	jˈek ɡˈoftvˈaɡuː.
هر کنشِ آفرینشگرِ آگاهانه یک جهان می‌شود.	har konˈeʃe ˌɑːfarˌineʃɡˈare ˌɑːɡɑhˈɑneː jˈek dʒˈahɑn miʃavˈad.
پس بیایید با گفتنِ کوکِ کامل، با همه‌ی عبارت‌هایی که تا اینجا گفته شده، به پایان برسانیم.	pˈas biˈɑiːd bɑ ɡaftˈane kˈuːke kˈɑmel, bɑ hˈameːjˈeː ebˈɑrathˈɑiː kˈeː tɑː ˈindʒɑ ɡˈofteː ʃˈodeː, beː pˈɑjɑn bˌeresˈɑnim.
