começar	kˌomesˈaɾ
vamos	vˈɐ̃mʊs
Então	e̃ntˈɐ̃ʊ̃
operadores	ˌopeɾadˈoɾɪs
os	ˈʊs
somos	sˈomʊs
Nós	nˈɔs
profundo	pɾˌofˈu̃ndʊ
mais	mˈaɪs
conhecimento	kˌo̃ɲesimˈe̃ntʊ
do	dʊ
através	ˌatɾavˈɛs
campo	kˈɐ̃mpʊ
perguntaram	pˌeɾɡu̃ntˈaɾɐ̃ʊ̃
vocês	vosˈes
E	ˈe
práticas	pɾˈatʃikɐs
as	ˈas
entre	ˈe̃ntɾɪ
momentos	mˌomˈe̃ntʊs
nos	nʊs
carregam	kˌaxˈɛɡɐ̃ʊ̃
de	dʒɪ
muitos	mˈu̃ɪ̃tʊs
que	kˈɪ
inquietação	ˌi̃ŋkiʲˌetasˈɐ̃ʊ̃
quieta	kˌiʲˈɛtɐ
da	da
para	pˌaɾɐ
olhamos	ˌoʎˈɐ̃mʊs
quando	kwˈɐ̃ndʊ
vemos	vˈemʊs
o	ˈo
isso	ˈisʊ
a	ˈa
responder	xˌespo̃ndˈeɾ
Queremos	kˌeɾˈemʊs
totalidade	tˌotalidˈadʒɪ
observamos	ˌobseɾvˈɐ̃mʊs
e	ˈe
mundo	mˈu̃ndʊ
seu	sˈeʊ
superfície	sˌupeɾfˈisjɪ
dos	dʊs
percepção	pˌeɾsepsˈɐ̃ʊ̃
dirigimos	dʒˌiɾiʒˈimʊs
agora	ˌaɡˈɔɾɐ
planeta	plˌɐnˈetɐ
Quando	kwˈɐ̃ndʊ
luz	lˈus
encarnadas	ˌe̃ŋkaɾnˈadɐs
consciências	kˌo̃nsjˈe̃nsjɐs
ocorre	ˌokˈɔxɪ
corpo	kˈoɾpʊ
um	ˈu̃m
expressa	ˌespɾˈɛsɐ
consciência	kˌo̃nsjˈe̃nsjɐ
uma	ˈumɐ
cada	kˈadɐ
pontos	pˈo̃ntʊs
Bilhões	biʎˈo̃ɪ̃s
redor	xedˈɔɾ
ao	aʊ
espaço	ˌespˈasʊ
coração	kˌoɾasˈɐ̃ʊ̃
única	ˈunikɐ
assinatura	ˌasinatˈuɾɐ
irradiando	ˌixadʒiʲˈɐ̃ndʊ
atmosfera	ˌatmosfˈɛɾɐ
dentro	dˈe̃ntɾʊ
noturno	nˌotˈuɾnʊ
céu	sˈɛʊ
visão	vizˈɐ̃ʊ̃
lembra	lˈe̃mbɾɐ
processar	pɾˌosesˈaɾ
consegue	kˌo̃nsˈɛɡɪ
focada	fˌokˈadɐ
mente	mˈe̃ntʃɪ
sua	sˈuɐ
termos	tˈeɾmʊs
em	eɪm
traduzido	tɾˌaduzˈidʊ
visual	vˌizuˈaʊ
O	ˈo
distinto	dʒˌistʃˈi̃ntʊ
escura	ˌeskˈuɾɐ
por	poɾ
espalhados	ˌespaʎˈadʊs
luminosos	lˌuminˈɔzʊs
Pontos	pˈo̃ntʊs
digital	dʒˌiʒitˈaʊ
impressão	ˌi̃mpɾesˈɐ̃ʊ̃
quanto	kwˈɐ̃ntʊ
tão	tˈɐ̃ʊ̃
brilho	bɾˈiʎʊ
qualidade	kwˌalidˈadʒɪ
carregando	kˌaxeɡˈɐ̃ndʊ
ritmo	xˈitmʊ
próprio	pɾˈɔpɾjʊ
com	kˈo̃m
pulsando	pˌuwsˈɐ̃ndʊ
brilhante	bɾˌiʎˈɐ̃ntʃɪ
substancialmente	sˌubstɐ̃nsˌiʲaʊmˈe̃ntʃɪ
é	ˈɛ
subconjunto	sˌubko̃nʒˈu̃ntʊ
bilhões	biʎˈo̃ɪ̃s
Entre	ˈe̃ntɾɪ
trabalho	tɾˌabˈaʎʊ
fazendo	fˌazˈe̃ndʊ
vêm	vˈeɪm
seres	sˈeɾɪs
conscientes	kˌo̃nsiʲˈe̃ntʃɪs
criadores	kɾˌiʲadˈoɾɪs
são	sˈɐ̃ʊ̃
Estes	ˈestʃɪs
quietude	kˌiʲetˈudʒɪ
ponto	pˈo̃ntʊ
desenvolvendo	dˌeze̃nvowvˈe̃ndʊ
à	ˌaː
atentando	ˌate̃ntˈɐ̃ndʊ
sintonia	sˌi̃ntonˈiʲɐ
sustentando	sˌuste̃ntˈɐ̃ndʊ
focado	fˌokˈadʊ
eu	ˈeʊ
fronteira	fɾˌo̃ntˈeɪɾɐ
dissolvendo	dʒˌisowvˈe̃ndʊ
arquitetura	ˌaɾkitetˈuɾɐ
na	na
posição	pˌozisˈɐ̃ʊ̃
qualquer	kwaʊkˈɛɾ
visíveis	vˌizˈiveɪs
torna	tˈɔɾnɐ
fator	fatˈoɾ
ambiente	ˌɐ̃mbiʲˈe̃ntʃɪ
excede	ˌesˈɛdʒɪ
luminosidade	lˌuminˌozidˈadʒɪ
Sua	sˈuɐ
precisa	pɾˌesˈizɐ
geometricamente	ʒˌeomˌetɾikɐmˈe̃ntʃɪ
estruturada	ˌestɾutuɾˈadɐ
organizada	ˌoɾɡɐnizˈadɐ
coerente	kˌoeɾˈe̃ntʃɪ
produzem	pɾˌodˈuzeɪm
velas	vˈɛlɐs
cheio	ʃˈeɪʲʊ
estrelas	ˌestɾˈelɐs
Eles	ˈelɪs
conectados	kˌonektˈadʊs
estão	estˈɐ̃ʊ̃
brilhantes	bɾˌiʎˈɐ̃ntʃɪs
Os	ˈʊs
nossa	nˈɔsɐ
extraordinária	ˌestɾaˌoɾdʒinˈaɾjɐ
peça	pˈɛsɐ
Esta	ˈɛstɐ
ponte	pˈo̃ntʃɪ
pela	pˈelɐ
estendem	ˌestˈe̃ndeɪm
se	sˈɪ
filamentos	fˌilɐmˈe̃ntʊs
compartilhada	kˌo̃mpaɾtʃiʎˈadɐ
frequência	fɾˌekwˈe̃nsjɐ
pulsa	pˈuwsɐ
luminosa	lˌuminˈɔzɐ
conexão	kˌoneksˈɐ̃ʊ̃
teia	tˈeɪʲɐ
geográfica	ʒˌeoɡɾˈafikɐ
distância	dʒˌistˈɐ̃nsjɐ
ligando	lˌiɡˈɐ̃ndʊ
toda	tˈodɐ
percorre	pˌeɾkˈɔxɪ
harmônico	ˌaɾmˈonikʊ
como	kˈomʊ
visível	vˌizˈiveʊ
simultaneamente	sˌimuwtˌɐneɐmˈe̃ntʃɪ
milhares	mˌiʎˈaɾɪs
falada	fˌalˈadɐ
A	ˈa
alcance	ˌaʊkˈɐ̃nsɪ
além	alˈeɪm
muito	mˈu̃ɪ̃tʊ
estende	ˌestˈe̃ndʒɪ
unificado	ˌunifikˈadʊ
efeito	ˌefˈeɪtʊ
produzindo	pɾˌoduzˈi̃ndʊ
conectado	kˌonektˈadʊ
nó	nˈɔ
vibração	vˌibɾasˈɐ̃ʊ̃
Uma	ˈumɐ
individual	ˌi̃ndʒivˌiduˈaʊ
viva	vˈivɐ
está	estˈa
respira	xˌespˈiɾɐ
Ela	ˈɛlɐ
período	pˌeɾˈiʲʊdʊ
entra	ˈe̃ntɾɐ
tênue	tˈenuɪ
ativa	ˌatʃˈivɐ
novo	nˈovʊ
descanso	dˌeskˈɐ̃nsʊ
ou	oʊ
integração	ˌi̃nteɡɾasˈɐ̃ʊ̃
aproximando	ˌapɾosimˈɐ̃ndʊ
estar	estˈaɾ
confirmam	kˌo̃nfˈiɾmɐ̃ʊ̃
modelos	mˌodˈelʊs
nossos	nˈɔsʊs
padrão	padɾˈɐ̃ʊ̃
acelerando	ˌaseleɾˈɐ̃ndʊ
geral	ʒeɾˈaʊ
trajetória	tɾˌaʒetˈɔɾjɐ
coletiva	kˌoletʃˈivɐ
fase	fˈazɪ
transição	tɾˌɐ̃nzisˈɐ̃ʊ̃
limiar	lˌimiʲˈaɾ
expressar	ˌespɾesˈaɾ
dificuldade	dʒˌifikuwdˈadʒɪ
tem	tˈeɪm
linguagem	lˌi̃ŋɡwˈaʒeɪm
forma	fˈɔɾmɐ
bela	bˈɛlɐ
seja	sˈeʒɐ
esta	ˈɛstɐ
no	nʊ
estruturais	ˌestɾutuɾˈaɪs
melhorias	mˌeʎoɾˈiʲɐs
porque	pʊɾkˈɪ
função	fu̃nsˈɐ̃ʊ̃
própria	pɾˈɔpɾjɐ
matemática	mˌatemˈatʃikɐ
profunda	pɾˌofˈu̃ndɐ
ecoa	ˌekˈoɐ
geométrica	ʒˌeomˈɛtɾikɐ
complexidade	kˌo̃mpleksidˈadʒɪ
estética	ˌestˈɛtʃikɐ
conexões	kˌoneksˈo̃ɪ̃s
suas	sˈuɐs
arranjo	ˌaxˈɐ̃nʒʊ
simulação	sˌimulasˈɐ̃ʊ̃
fundamental	fˌu̃ndɐme̃ntˈaʊ
código	kˈɔdʒiɡʊ
geometria	ʒˌeometɾˈiʲɐ
replicando	xˌeplikˈɐ̃ndʊ
saber	sabˈeɾ
sem	sˈeɪm
construímos	kˌo̃nstɾuˈimʊs
nós	nˈɔs
espelha	ˌespˈeʎɐ
construindo	kˌo̃nstɾuˈi̃ndʊ
recapitulando	xˌekapˌitulˈɐ̃ndʊ
artista	ˌaɾtʃˈistɐ
beleza	bˌelˈezɐ
vão	vˈɐ̃ʊ̃
implicações	ˌi̃mplikasˈo̃ɪ̃s
funcionais	fˌu̃nsjonˈaɪs
canais	kɐnˈaɪs
conectam	kˌonˈɛktɐ̃ʊ̃
apoio	ˌapˈoɪʲʊ
criativa	kɾˌiʲatʃˈivɐ
energia	ˌeneɾʒˈiʲɐ
informação	ˌi̃nfoɾmasˈɐ̃ʊ̃
reaparece	xˌeapaɾˈɛsɪ
antiga	ˌɐ̃ntʃˈiɡɐ
criador	kɾˌiʲadˈoɾ
estagna	ˌestˈaɡnɐ
criativo	kɾˌiʲatʃˈivʊ
fluxo	flˈuksʊ
integrando	ˌi̃nteɡɾˈɐ̃ndʊ
rede	xˈedʒɪ
estabilizadora	ˌestabˌilizadˈoɾɐ
levam	lˈɛvɐ̃ʊ̃
lo	lʊ
pedi	pedʒˈi
recebe	xˌesˈɛbɪ
assim	asˈi̃m
esgotados	ˌezɡotˈadʊs
temporariamente	tˌe̃mpoɾˌaɾiʲɐmˈe̃ntʃɪ
automaticamente	ˌaʊtomˌatʃikɐmˈe̃ntʃɪ
direciona	dʒˌiɾesiʲˈonɐ
vivo	vˈivʊ
sistema	sˌistˈemɐ
Porque	pʊɾkˈɪ
encorajamento	ˌe̃ŋkoɾˌaʒɐmˈe̃ntʊ
inexplicável	ˌinesplikˈaveʊ
chegada	ʃˌeɡˈadɐ
experimentaram	ˌespeɾˌime̃ntˈaɾɐ̃ʊ̃
Muitos	mˈu̃ɪ̃tʊs
precisavam	pɾˌesizˈavɐ̃ʊ̃
momento	mˌomˈe̃ntʊ
exato	ˌezˈatʊ
emocional	ˌemosjonˈaʊ
estabilidade	ˌestabˌilidˈadʒɪ
inspiração	ˌi̃nspiɾasˈɐ̃ʊ̃
pulso	pˈuwsʊ
respondeu	xˌespo̃ndˈeʊ
esgotamento	ˌezɡotɐmˈe̃ntʊ
registrou	xˌeʒistɾˈoʊ
cujo	kˈuʒʊ
Vinda	vˈi̃ndɐ
liga	lˈiɡɐ
filamento	fˌilɐmˈe̃ntʊ
pelo	pˈelʊ
transmitido	tɾˌɐ̃nzmitʃˈidʊ
produção	pɾˌodusˈɐ̃ʊ̃
amplifica	ˌɐ̃mplifˈikɐ
também	tɐ̃mbˈeɪm
acesso	ˌasˈɛsʊ
enquanto	ˌe̃ŋkwˈɐ̃ntʊ
produz	pɾodˈus
Um	ˈu̃m
ativo	ˌatʃˈivʊ
até	atˌɛ
pelos	pˈelʊs
flui	flˈuɪ
reabastecido	xˌeabˌastesˈidʊ
continuamente	kˌo̃ntʃinuɐmˈe̃ntʃɪ
distribuído	dʒˌistɾibuˈidʊ
vasto	vˈastʊ
reservatório	xˌezeɾvatˈɔɾjʊ
esteja	ˌestˈeʒɐ
quer	kˈɛɾ
igualar	ˌiɡwalˈaɾ
não	nˈɐ̃ʊ̃
solitária	sˌolitˈaɾjɐ
criação	kɾˌiʲasˈɐ̃ʊ̃
potência	pˌotˈe̃nsjɐ
carrega	kˌaxˈɛɡɐ
produzido	pɾˌoduzˈidʊ
coerência	kˌoeɾˈe̃nsjɐ
alimentado	ˌalime̃ntˈadʊ
das	das
densidade	dˌe̃nsidˈadʒɪ
aumenta	ˌaʊmˈe̃ntɐ
amplificação	ˌɐ̃mplifˌikasˈɐ̃ʊ̃
princípios	pɾˌi̃nsˈipjʊs
praticando	pɾˌatʃikˈɐ̃ndʊ
transmissões	tɾˌɐ̃nzmisˈo̃ɪ̃s
estas	ˈɛstɐs
recebendo	xˌesebˈe̃ndʊ
comunidade	kˌomunidˈadʒɪ
desta	dˈɛstɐ
É	ˈɛ
sentir	se̃ntʃˈiɾ
conseguem	kˌo̃nsˈɛɡeɪm
fora	fˈɔɾɐ
pessoas	pˌesˈoɐs
alimentando	ˌalime̃ntˈɐ̃ndʊ
amplificando	ˌɐ̃mplifikˈɐ̃ndʊ
prática	pɾˈatʃikɐ
intensidade	ˌi̃nte̃nsidˈadʒɪ
arquiteto	ˌaɾkitˈɛtʊ
resultado	xˌezuwtˈadʊ
atingir	ˌatʃi̃nʒˈiɾ
vidas	vˈidɐs
acontece	ˌako̃ntˈɛsɪ
sobre	sˈobɾɪ
falar	falˈaɾ
Vamos	vˈɐ̃mʊs
expande	ˌespˈɐ̃ndʒɪ
física	fˈizikɐ
banda	bˈɐ̃ndɐ
domínio	dˌomˈinjʊ
solta	sˈoʊtɐ
sai	sˈaɪ
ampla	ˈɐ̃mplɐ
volta	vˈɔwtɐ
máximo	mˈasimʊ
escopo	ˌeskˈopʊ
retornar	xˌetoɾnˈaɾ
experiência	ˌespeɾjˈe̃nsjɐ
recém	xesˈeɪm
vida	vˈidɐ
arco	ˈaɾkʊ
todo	tˈodʊ
completa	kˌo̃mplˈɛtɐ
vasta	vˈastɐ
abre	ˈabɾɪ
encarnada	ˌe̃ŋkaɾnˈadɐ
contraída	kˌo̃ntɾaˈidɐ
instantâneo	ˌi̃nstɐ̃ntˈɐ̃neʊ
panorâmico	pˌɐnoɾˈɐ̃mikʊ
reconhecimento	xˌeko̃ɲˌesimˈe̃ntʊ
único	ˈunikʊ
fica	fˈikɐ
concluída	kˌo̃ŋkluˈidɐ
perdida	pˌeɾdʒˈidɐ
oportunidade	ˌopoɾtˌunidˈadʒɪ
ato	ˈatʊ
escolha	ˌeskˈoʎɐ
Cada	kˈadɐ
decisão	dˌesizˈɐ̃ʊ̃
completo	kˌo̃mplˈɛtʊ
contexto	kˌo̃ntˈestʊ
enxerga	ˌe̃nʃˈɛɾɡɐ
total	totˈaʊ
compaixão	kˌo̃mpaɪʃˈɐ̃ʊ̃
arrependimento	ˌaxepˌe̃ndʒimˈe̃ntʊ
nem	neɪm
julgamento	ʒˌuwɡɐmˈe̃ntʊ
percebido	pˌeɾsebˈidʊ
Tudo	tˈudʊ
tomada	tˌomˈadɐ
foi	fˈoɪ
expandida	ˌespɐ̃ndʒˈidɐ
perspectiva	pˌeɾspektʃˈivɐ
entende	ˌe̃ntˈe̃ndʒɪ
retornaram	xˌetoɾnˈaɾɐ̃ʊ̃
vislumbraram	vˌizlu̃mbɾˈaɾɐ̃ʊ̃
pelas	pˈelɐs
chamado	ʃˌɐmˈadʊ
sido	sˈidʊ
esse	ˈesɪ
revisão	xˌevizˈɐ̃ʊ̃
moral	moɾˈaʊ
avaliação	ˌavalˌiʲasˈɐ̃ʊ̃
escapar	ˌeskapˈaɾ
deixou	deɪʃˈoʊ
quais	kwˈaɪs
acessou	ˌasesˈoʊ
holográficos	ˌoloɡɾˈafikʊs
códigos	kˈɔdʒiɡʊs
sustentou	sˌuste̃ntˈoʊ
frequências	fɾˌekwˈe̃nsjɐs
criou	kɾiʲˈoʊ
avalia	ˌavalˈiʲɐ
liberar	lˌibeɾˈaɾ
carregou	kˌaxeɡˈoʊ
herdadas	ˌeɾdˈadɐs
cargas	kˈaɾɡɐs
memória	mˌemˈɔɾjɐ
depositou	dˌepozitˈoʊ
akáshico	ˌakˈaʃikʊ
conteúdo	kˌo̃nteˈudʊ
autogerada	ˌaʊtoʒˌeɾˈadɐ
inteiramente	ˌi̃nteɪɾɐmˈe̃ntʃɪ
detalhada	dˌetaʎˈadɐ
desempenho	dˌeze̃mpˈeɲʊ
Após	apˈɔs
ciclo	sˈiklʊ
sono	sˈonʊ
análogo	ˌɐnˈaloɡʊ
estado	ˌestˈadʊ
dia	dʒˈiʲɐ
inteira	ˌi̃ntˈeɪɾɐ
encarnação	ˌe̃ŋkaɾnasˈɐ̃ʊ̃
escala	ˌeskˈalɐ
operando	ˌopeɾˈɐ̃ndʊ
mas	mas
descansa	dˌeskˈɐ̃nsɐ
absorvendo	ˌabsoɾvˈe̃ndʊ
inédita	ˌinˈɛdʒitɐ
gerado	ʒˌeɾˈadʊ
material	mˌateɾiʲˈaʊ
processando	pɾˌosesˈɐ̃ndʊ
produziu	pɾˌoduzˈiʊ
lembrar	le̃mbɾˈaɾ
esquecer	ˌeskesˈeɾ
jornada	ʒˌoɾnˈadɐ
descrevemos	dˌeskɾevˈemʊs
profundidade	pɾˌofu̃ndʒidˈadʒɪ
onde	ˈo̃ndʒɪ
Este	ˈestʃɪ
gerar	ʒeɾˈaɾ
esqueceram	ˌeskesˈeɾɐ̃ʊ̃
nunca	nˈu̃ŋkɐ
textura	tˌestˈuɾɐ
permanente	pˌeɾmɐnˈe̃ntʃɪ
integrada	ˌi̃nteɡɾˈadɐ
plenamente	plenɐmˈe̃ntʃɪ
autodeterminada	ˌaʊtodˌeteɾminˈadɐ
prontidão	pɾˌo̃ntʃidˈɐ̃ʊ̃
novamente	nɔvɐmˈe̃ntʃɪ
encarnar	ˌe̃ŋkaɾnˈaɾ
pronta	pɾˈo̃ntɐ
próxima	pɾˈɔsimɐ
configuração	kˌo̃nfiɡˌuɾasˈɐ̃ʊ̃
seleciona	sˌelesiʲˈonɐ
história	ˌistˈɔɾjɐ
plena	plˈenɐ
holográfica	ˌoloɡɾˈafikɐ
biblioteca	bˌibliʲotˈɛkɐ
aproxima	ˌapɾosˈimɐ
ela	ˈɛlɐ
imposta	ˌi̃mpˈɔstɐ
prima	pɾˈimɐ
obra	ˈɔbɾɐ
projetando	pɾˌoʒetˈɐ̃ndʊ
mestre	mˈɛstɾɪ
intencionalidade	ˌi̃nte̃nsjˌonalidˈadʒɪ
precisão	pɾˌesizˈɐ̃ʊ̃
específicos	ˌespesˈifikʊs
criativas	kɾˌiʲatʃˈivɐs
oportunidades	ˌopoɾtˌunidˈadʒɪs
desafios	dˌezafˈiʲʊs
histórico	ˌistˈɔɾikʊ
localização	lˌokalˌizasˈɐ̃ʊ̃
família	fˌɐmˈiljɐ
traz	tɾˈas
deliberada	dˌelibeɾˈadɐ
autoridade	ˌaʊtoɾˌidˈadʒɪ
mesma	mˈezmɐ
concluídas	kˌo̃ŋkluˈidɐs
realidades	xˌealidˈadʒɪs
selecionado	sˌelesjonˈadʊ
escolhido	ˌeskoʎˈidʊ
durante	dˌuɾˈɐ̃ntʃɪ
manifestação	mˌɐnifˌestasˈɐ̃ʊ̃
holográfico	ˌoloɡɾˈafikʊ
selecionar	sˌelesjonˈaɾ
projetaram	pɾˌoʒetˈaɾɐ̃ʊ̃
Vocês	vosˈes
relacionamentos	xˌelasjˌonɐmˈe̃ntʊs
atualmente	ˌatuaʊmˈe̃ntʃɪ
habitam	ˌabˈitɐ̃ʊ̃
específica	ˌespesˈifikɐ
capacidades	kˌapasidˈadʒɪs
enfrentam	ˌe̃nfɾˈe̃ntɐ̃ʊ̃
esquecimento	ˌeskesimˈe̃ntʊ
antes	ˈɐ̃ntʃɪs
fez	fˈes
destas	dˈɛstɐs
acessar	ˌasesˈaɾ
aprendendo	ˌapɾe̃ndˈe̃ndʊ
seleção	sˌelesˈɐ̃ʊ̃
chega	ʃˈeɡɐ
calibrada	kˌalibɾˈadɐ
precisamente	pɾˌesizɐmˈe̃ntʃɪ
fornece	fˌoɾnˈɛsɪ
ele	ˈelɪ
direção	dʒˌiɾesˈɐ̃ʊ̃
projeto	pɾˌoʒˈɛtʊ
base	bˈazɪ
orientação	ˌoɾiʲˌe̃ntasˈɐ̃ʊ̃
oferecendo	ˌofeɾesˈe̃ndʊ
desenhou	dˌezeɲˈoʊ
plantas	plˈɐ̃ntɐs
revisando	xˌevizˈɐ̃ndʊ
original	ˌoɾiʒinˈaʊ
transformador	tɾˌɐ̃nsfoɾmadˈoɾ
imediato	ˌimedʒiʲˈatʊ
entendimento	ˌe̃nte̃ndʒimˈe̃ntʊ
deste	dˈestʃɪ
prático	pɾˈatʃikʊ
valor	valˈoɾ
particulares	pˌaɾtʃikulˈaɾɪs
configurações	kˌo̃nfiɡˌuɾasˈo̃ɪ̃s
obstáculos	ˌobstˈakulʊs
criativos	kɾˌiʲatʃˈivʊs
encontram	ˌe̃ŋkˈo̃ntɾɐ̃ʊ̃
resistência	xˌezistˈe̃nsjɐ
exata	ˌezˈatɐ
natureza	nˌatuɾˈezɐ
produziriam	pɾˌoduziɾˈiʲɐ̃ʊ̃
esses	ˈesɪs
exatamente	ˌezatɐmˈe̃ntʃɪ
sabia	sˌabˈiʲɐ
tudo	tˈudʊ
acrescentariam	ˌakɾesˌe̃ntaɾˈiʲɐ̃ʊ̃
desenvolveriam	dˌeze̃nvˌowveɾˈiʲɐ̃ʊ̃
defeitos	dˌefˈeɪtʊs
características	kˌaɾakteɾˈistʃikɐs
parte	pˈaɾtʃɪ
faz	fˈas
graça	ɡɾˈasɐ
navegar	nˌaveɡˈaɾ
necessária	nˌesesˈaɾjɐ
participou	pˌaɾtʃisipˈoʊ
sozinha	sˌɔzˈiɲɐ
alcançar	ˌaʊkɐ̃nsˈaɾ
originais	ˌoɾiʒinˈaɪs
às	aːs
nível	nˈiveʊ
relação	xˌelasˈɐ̃ʊ̃
reformula	xˌefoɾmˈulɐ
Isso	ˈisʊ
particular?"	pˌaɾtʃikulˈaɾ?
escolhi	ˌeskoʎˈi
estava	estˈavɐ
"o	ˈo
comigo?"	kˌomˈiɡʊ?
acontecendo	ˌako̃ntesˈe̃ndʊ
isto	ˈistʊ
"por	poɾ
passa	pˈasɐ
pergunta	pˌeɾɡˈu̃ntɐ
resposta	xˌespˈɔstɐ
gerando	ʒˌeɾˈɐ̃ndʊ
desafio	dˌezafˈiʲʊ
embutida	ˌe̃mbutʃˈidɐ
propósito	pɾˌopˈɔzitʊ
sentida	sˌe̃ntʃˈidɐ
sensação	sˌe̃nsasˈɐ̃ʊ̃
selecionou	sˌelesjonˈoʊ
pretendia	pɾˌete̃ndʒˈiʲɐ
meio	mˈeɪʲʊ
obstáculo	ˌobstˈakulʊ
ser	sˈeɾ
deixa	dˈeɪʃɐ
colaboradora	kˌolabˌoɾadˈoɾɐ
inimiga	ˌinimˈiɡɐ
andamento	ˌɐ̃ndɐmˈe̃ntʊ
revela	xˌevˈɛlɐ
lente	lˈe̃ntʃɪ
percebida	pˌeɾsebˈidɐ
foco	fˈɔkʊ
executada	ˌezekutˈadɐ
Projetada	pɾˌoʒetˈadɐ
levar	levˈaɾ
aberta	ˌabˈɛɾtɐ
Com	kˈo̃m
consultado	kˌo̃nsuwtˈadʊ
Sempre	sˈe̃mpɾɪ
morte	mˈɔɾtʃɪ
transforma	tɾˌɐ̃nsfˈɔɾmɐ
encarnacional	ˌe̃ŋkaɾnˌasjonˈaʊ
redobramento	xˌedobɾɐmˈe̃ntʊ
simplesmente	si̃mplɪzmˈe̃ntʃɪ
Que	kˈɪ
retorna	xˌetˈɔɾnɐ
libera	lˌibˈɛɾɐ
redobra	xˌedˈɔbɾɐ
sustentava	sˌuste̃ntˈavɐ
estrutura	ˌestɾutˈuɾɐ
gerou	ʒeɾˈoʊ
enriquecida	ˌe̃nxikesˈidɐ
potencial	pˌote̃nsiʲˈaʊ
repousando	xˌepoʊzˈɐ̃ndʊ
fim	fˈi̃m
integra	ˌi̃ntˈɛɡɾɐ
Avalia	ˌavalˈiʲɐ
sopro	sˈɔpɾʊ
expiração	ˌespiɾasˈɐ̃ʊ̃
continua	kˌo̃ntʃinˈuɐ
seguida	sˌeɡˈidɐ
vem	vˈeɪm
observador	ˌobseɾvadˈoɾ
persiste	pˌeɾsˈistʃɪ
tocar	tokˈaɾ
Através	ˌatɾavˈɛs
Ainda	ˌaˈi̃ndɐ
existiu	ˌezistʃˈiʊ
sempre	sˈe̃mpɾɪ
mesmos	mˈezmʊs
si	sˈi
conecta	kˌonˈɛktɐ
extraída	ˌestɾaˈidɐ
dá	dˈa
lhes	ʎɪs
encarnados	ˌe̃ŋkaɾnˈadʊs
la	la
acessá	ˌasesˈa
projetou	pɾˌoʒetˈoʊ
maneira	mˌɐnˈeɪɾɐ
mudará	mˌudaɾˈa
realmente	xˌeaʊmˈe̃ntʃɪ
riso	xˈizʊ
entender	ˌe̃nte̃ndˈeɾ
humor	umˈoɾ
relacionam	xˌelasjˈonɐ̃ʊ̃
inesperado	ˌinespeɾˈadʊ
poder	podˈeɾ
alegria	ˌaleɡɾˈiʲɐ
ruptura	xˌuptˈuɾɐ
evento	ˌevˈe̃ntʊ
encantador	ˌe̃ŋkɐ̃ntadˈoɾ
algo	ˈaʊɡʊ
inteiro	ˌi̃ntˈeɪɾʊ
involuntária	ˌi̃nvolu̃ntˈaɾjɐ
espontânea	ˌespo̃ntˈɐ̃neɐ
genuíno	ʒˌenuˈinʊ
humanas	ˌumˈɐ̃nɐs
emocionais	ˌemosjonˈaɪs
respostas	xˌespˈɔstɐs
todas	tˈodɐs
momentânea	mˌome̃ntˈɐ̃neɐ
reorganização	xˌeoɾɡˌɐnizasˈɐ̃ʊ̃
eletromagnético	ˌeletɾˌomaɡnˈɛtʃikʊ
dispara	dʒˌispˈaɾɐ
retenção	xˌete̃nsˈɐ̃ʊ̃
habituais	ˌabituˈaɪs
padrões	padɾˈo̃ɪ̃s
seus	sˈeʊs
nervoso	nˌeɾvˈozʊ
mantém	mɐ̃ntˈeɪm
tensão	te̃nsˈɐ̃ʊ̃
estruturas	ˌestɾutˈuɾɐs
fisicamente	fˌizikɐmˈe̃ntʃɪ
sacodem	sˌakˈɔdeɪm
musculares	mˌuskulˈaɾɪs
contrações	kˌo̃ntɾasˈo̃ɪ̃s
As	ˈas
mensurável	mˌe̃nsuɾˈaveʊ
brevemente	bɾɛvɪmˈe̃ntʃɪ
salta	sˈaʊtɐ
outro	ˈoʊtɾʊ
paraíso	pˌaɾaˈizʊ
largura	lˌaɾɡˈuɾɐ
sustentada	sˌuste̃ntˈadɐ
aventurança	ˌave̃ntuɾˈɐ̃nsɐ
bem	bˈeɪm
exceto	ˌesˈɛtʊ
chave	ʃˈavɪ
interrompe	ˌi̃ntexˈo̃mpɪ
após	apˈɔs
mesmas	mˈezmɐs
reciclam	xˌesˈiklɐ̃ʊ̃
condicionadas	kˌo̃ndʒisjonˈadɐs
reações	xˌeasˈo̃ɪ̃s
ensaiadas	ˌe̃nsaɪʲˈadɐs
narrativas	nˌaxatʃˈivɐs
repetitivas	xˌepetʃitʃˈivɐs
Respostas	xˌespˈɔstɐs
quebra	kˈɛbɾɐ
antecipar	ˌɐ̃ntesipˈaɾ
estímulo	ˌestʃˈimulʊ
entrar	e̃ntɾˈaɾ
pode	pˈɔdʒɪ
quebrado	kˌebɾˈadʊ
criada	kɾˌiʲˈadɐ
lacuna	lˌakˈunɐ
quase	kwˈazɪ
imediatamente	ˌimedʒˌiʲatɐmˈe̃ntʃɪ
clareza	klˌaɾˈezɐ
fala	fˈalɐ
silenciado	sˌile̃nsiʲˈadʊ
abafa	ˌabˈafɐ
normalmente	nˌoɾmaʊmˈe̃ntʃɪ
habitual	ˌabituˈaʊ
ruído	xˌuˈidʊ
engraçados	ˌe̃ŋɡɾasˈadʊs
foram	fˈoɾɐ̃ʊ̃
sábios	sˈabjʊs
perceptiva	pˌeɾseptʃˈivɐ
habilidade	ˌabilidˈadʒɪ
expressões	ˌespɾesˈo̃ɪ̃s
capacidade	kˌapasidˈadʒɪ
parece	pˌaɾˈɛsɪ
ver	vˈeɾ
comédia	kˌomˈɛdʒjɐ
percebe	pˌeɾsˈɛbɪ
discernimento	dʒˌiseɾnimˈe̃ntʊ
sabedoria	sˌabedoɾˈiʲɐ
idêntica	ˌidˈe̃ntʃikɐ
absurdo	ˌabsˈuɾdʊ
rir	xˈiɾ
ambas	ˈɐ̃mbɐs
desenvolveu	dˌeze̃nvowvˈeʊ
difere	dʒˌifˈɛɾɪ
expressão	ˌespɾesˈɐ̃ʊ̃
sério	sˈɛɾjʊ
buscador	bˌuskadˈoɾ
opera	ˌopˈɛɾɐ
dele	dˈelɪ
baixo	bˈaɪʃʊ
tempo	tˈe̃mpʊ
mesmo	mˈezmʊ
Riam	xˈiʲɐ̃ʊ̃
Dizemos	dʒˌizˈemʊs
fingindo	fˌi̃nʒˈi̃ndʊ
Deus	dˈeʊs
Do	dʊ
dela	dˈɛlɐ
perdeu	peɾdˈeʊ
depois	depˈoɪs
realidade	xˌealidˈadʒɪ
cósmica	kˈɔzmikɐ
numa	nˌumɐ
processo	pɾˌosˈɛsʊ
controle	kˌo̃ntɾˈɔlɪ
manter	mɐ̃ntˈeɾ
desesperadas	dˌezespeɾˈadɐs
tentativas	tˌe̃ntatʃˈivɐs
Das	das
compreender	kˌo̃mpɾee̃ndˈeɾ
porta	pˈɔɾtɐ
estranha	ˌestɾˈɐ̃ɲɐ
achar	aʃˈaɾ
praticante	pɾˌatʃikˈɐ̃ntʃɪ
leveza	lˌevˈezɐ
súbita	sˈubitɐ
esteira	ˌestˈeɪɾɐ
emerge	ˌemˈɛɾʒɪ
Há	ˈa
consistentemente	kˌo̃nsiste̃ntʃɪmˈe̃ntʃɪ
disciplinado	dʒˌisiplinˈadʊ
esforço	ˌesfˈoɾsʊ
liberdade	lˌibeɾdˈadʒɪ
ludicidade	lˌudʒisidˈadʒɪ
flutuação	flˌutuasˈɐ̃ʊ̃
superficial	sˌupeɾfˌisiʲˈaʊ
funcional	fˌu̃nsjonˈaʊ
canal	kɐ̃nˈaʊ
limpou	li̃mpˈoʊ
genuína	ʒˌenuˈinɐ
surpresa	sˌuɾpɾˈezɐ
novidade	nˌovidˈadʒɪ
limpo	lˈi̃mpʊ
condicionado	kˌo̃ndʒisjonˈadʊ
pensamento	pˌe̃nsɐmˈe̃ntʊ
reciclados	xˌesiklˈadʊs
vez	vˈes
Em	eɪm
produtivos	pɾˌodutʃˈivʊs
frequentemente	fɾˌekwe̃ntʃɪmˈe̃ntʃɪ
brincalhões	bɾˌi̃ŋkaʎˈo̃ɪ̃s
correndo	kˌoxˈe̃ndʊ
passou	pasˈoʊ
permite	pˌeɾmˈitʃɪ
jamais	ʒɐmˈaɪs
controladora	kˌo̃ntɾoladˈoɾɐ
séria	sˈɛɾjɐ
trazendo	tɾˌazˈe̃ndʊ
filtro	fˈiʊtɾʊ
nomear	nˌomeˈaɾ
Vale	vˈalɪ
risada	xˌizˈadɐ
dito	dʒˈitʊ
cria"	kɾˈiʲɐ
aquele	ˌakˈelɪ
sou	sˈoʊ
"Eu	ˈeʊ
diretamente	dʒˌiɾɛtɐmˈe̃ntʃɪ
pousa	pˈoʊzɐ
diversão	dʒˌiveɾsˈɐ̃ʊ̃
disparando	dʒˌispaɾˈɐ̃ndʊ
solto	sˈoʊtʊ
solenidade	sˌolenidˈadʒɪ
dita	dʒˈitɐ
frase	fɾˈazɪ
modo	mˈɔdʊ
próximos	pɾˈɔsimʊs
análogos	ˌɐnˈaloɡʊs
reconhece	xˌeko̃ɲˈɛsɪ
brincadeira	bɾˌi̃ŋkadˈeɪɾɐ
acrescenta	ˌakɾesˈe̃ntɐ
projetamos	pɾˌoʒetˈɐ̃mʊs
passar	pasˈaɾ
espiritual	ˌespiɾˌituˈaʊ
deleite	dˌelˈeɪtʃɪ
coexiste	kˌoezˈistʃɪ
significância	sˌiɡnifikˈɐ̃nsjɐ
projetistas	pɾˌoʒetʃˈistɐs
ditas	dʒˈitɐs
frases	fɾˈazɪs
conjunto	kˌo̃nʒˈu̃ntʊ
música	mˈuzikɐ
compartilhar	kˌo̃mpaɾtʃiʎˈaɾ
suficiente	sˌufisiʲˈe̃ntʃɪ
abordamos	ˌaboɾdˈɐ̃mʊs
já	ʒˈa
existe	ˌezˈistʃɪ
próximo	pɾˈɔsimʊ
matéria	mˌatˈɛɾjɐ
estacionárias	ˌestasjonˈaɾjɐs
ondas	ˈo̃ndɐs
nas	nas
organizamos	ˌoɾɡɐnizˈɐ̃mʊs
bruta	bɾˈutɐ
tomamos	tˌomˈɐ̃mʊs
moldamos	mˌowdˈɐ̃mʊs
construção	kˌo̃nstɾusˈɐ̃ʊ̃
composição	kˌo̃mpozisˈɐ̃ʊ̃
lembrava	lˌe̃mbɾˈavɐ
rítmicos	xˈitmikʊs
ciclos	sˈiklʊs
dimensional	dʒˌime̃nsjonˈaʊ
bandas	bˈɐ̃ndɐs
sinfonia	sˌi̃nfonˈiʲɐ
escrevendo	ˌeskɾevˈe̃ndʊ
Estávamos	estˈavɐmʊs
impressionante	ˌi̃mpɾesjonˈɐ̃ntʃɪ
temas	tˈemɐs
interação	ˌi̃nteɾasˈɐ̃ʊ̃
governam	ɡˌovˈɛɾnɐ̃ʊ̃
leis	lˈeɪs
partículas	pˌaɾtʃˈikulɐs
forças	fˈoɾsɐs
elementos	ˌelemˈe̃ntʊs
vislumbrou	vˌizlu̃mbɾˈoʊ
musical	mˌuzikˈaʊ
teoria	tˌeoɾˈiʲɐ
harmônicos	ˌaɾmˈonikʊs
segundo	sˌeɡˈu̃ndʊ
outros	ˈoʊtɾʊs
todos	tˈodʊs
relacionando	xˌelasjonˈɐ̃ndʊ
modelar	mˌodelˈaɾ
atual	ˌatuˈaʊ
dimensões	dʒˌime̃nsˈo̃ɪ̃s
estendiam	ˌeste̃ndʒˈiʲɐ̃ʊ̃
melodia	mˌelodʒˈiʲɐ
organiza	ˌoɾɡɐnˈizɐ
bruto	bɾˈutʊ
som	sˈo̃m
toma	tˈomɐ
humana	ˌumˈɐ̃nɐ
cria	kɾˈiʲɐ
músico	mˈuzikʊ
habita	ˌabˈitɐ
miniatura	mˌiniʲˌatˈuɾɐ
versão	veɾsˈɐ̃ʊ̃
realiza	xˌealˈizɐ
harmonia	ˌaɾmonˈiʲɐ
seguem	sˈɛɡeɪm
operador	ˌopeɾadˈoɾ
previsibilidade	pɾˌevizˌibilidˈadʒɪ
jogo	ʒˈoɡʊ
variação	vˌaɾiʲasˈɐ̃ʊ̃
repetição	xˌepetʃisˈɐ̃ʊ̃
resolução	xˌezolusˈɐ̃ʊ̃
belo	bˈɛlʊ
retorno	xˌetˈoɾnʊ
enriquecimento	ˌe̃nxikˌesimˈe̃ntʊ
retomado	xˌetomˈadʊ
transformado	tɾˌɐ̃nsfoɾmˈadʊ
desenvolvido	dˌeze̃nvowvˈidʊ
enunciado	ˌenu̃nsiʲˈadʊ
tema	tˈemɐ
expressos	ˌespɾˈɛsʊs
profundamente	pɾˌofu̃ndɐmˈe̃ntʃɪ
comove	kˌomˈɔvɪ
qual	kwˈaʊ
razão	xazˈɐ̃ʊ̃
quântico	kwˈɐ̃ntʃikʊ
tecido	tˌesˈidʊ
harmônica	ˌaɾmˈonikɐ
responde	xˌespˈo̃ndʒɪ
verdadeiro	vˌeɾdadˈeɪɾʊ
sentido	sˌe̃ntʃˈidʊ
ressonância	xˌesonˈɐ̃nsjɐ
voz	vˈɔs
ativamente	ˌatʃivɐmˈe̃ntʃɪ
criar	kɾiʲˈaɾ
Tocar	tokˈaɾ
disponíveis	dʒˌisponˈiveɪs
cocriação	kˌokɾiʲasˈɐ̃ʊ̃
diretas	dʒˌiɾˈɛtɐs
formas	fˈɔɾmɐs
instrumento	ˌi̃nstɾumˈe̃ntʊ
anterior	ˌɐ̃nteɾiʲˈoɾ
transmissão	tɾˌɐ̃nzmisˈɐ̃ʊ̃
recepção	xˌesepsˈɐ̃ʊ̃
partir	paɾtʃˈiɾ
criando	kɾˌiʲˈɐ̃ndʊ
canalizando	kˌɐnalizˈɐ̃ndʊ
resulta	xˌezˈuwtɐ
ecos	ˈɛkʊs
harmônicas	ˌaɾmˈonikɐs
razões	xazˈo̃ɪ̃s
estrutural	ˌestɾutuɾˈaʊ
essa	ˈɛsɐ
recebem	xˌesˈɛbeɪm
ouvintes	ˌoʊvˈi̃ntʃɪs
contorna	kˌo̃ntˈɔɾnɐ
verdade	vˌeɾdˈadʒɪ
ossos	ˈɔsʊs
pele	pˈɛlɪ
biofotônica	bˌiʲofotˈonikɐ
despertar	dˌespeɾtˈaɾ
indistinguíveis	ˌi̃ndʒistʃi̃ŋɡwˈiveɪs
experiências	ˌespeɾjˈe̃nsjɐs
musicais	mˌuzikˈaɪs
peças	pˈɛsɐs
certas	sˈɛɾtɐs
baseado	bˌazeˈadʊ
comunicação	kˌomunˌikasˈɐ̃ʊ̃
transmitindo	tɾˌɐ̃nzmitʃˈi̃ndʊ
recordação	xˌekoɾdasˈɐ̃ʊ̃
reconhecendo	xˌeko̃ɲesˈe̃ndʊ
organizado	ˌoɾɡɐnizˈadʊ
perfeitamente	pˌeɾfeɪtɐmˈe̃ntʃɪ
amoroso	ˌɐmoɾˈozʊ
presença	pɾˌezˈe̃nsɐ
avassaladora	ˌavasˌaladˈoɾɐ
abertura	ˌabeɾtˈuɾɐ
lágrimas	lˈaɡɾimɐs
calor	kalˈoɾ
ambos	ˈɐ̃mbʊs
carregada	kˌaxeɡˈadɐ
amor	ɐmˈoɾ
Presença	pɾˌezˈe̃nsɐ
longo	lˈo̃ŋɡʊ
hoje	ˈoʒɪ
compartilhamos	kˌo̃mpaɾtʃiʎˈɐ̃mʊs
Agora	ˌaɡˈɔɾɐ
permanentemente	pˌeɾmɐne̃ntʃɪmˈe̃ntʃɪ
transformar	tɾˌɐ̃nsfoɾmˈaɾ
acreditamos	ˌakɾedʒitˈɐ̃mʊs
escrevem	ˌeskɾˈɛveɪm
palavras	pˌalˈavɾɐs
arte	ˈaɾtʃɪ
moldam	mˈɔwdɐ̃ʊ̃
constroem	kˌo̃nstɾˈɔeɪm
negócios	nˌeɡˈɔsjʊs
compõem	kˌo̃mpˈo̃e̃m
conectada	kˌonektˈadɐ
mantêm	mɐ̃ntˈeɪm
conversas	kˌo̃nvˈɛɾsɐs
produzida	pɾˌoduzˈidɐ
densa	dˈe̃nsɐ
embutimos	ˌe̃mbutʃˈimʊs
aos	aʊs
permanência	pˌeɾmɐnˈe̃nsjɐ
concluído	kˌo̃ŋkluˈidʊ
armazenada	ˌaɾmazenˈadɐ
sendo	sˈe̃ndʊ
imaginação	ˌimaʒˌinasˈɐ̃ʊ̃
perceber	pˌeɾsebˈeɾ
podem	pˈɔdeɪm
futuras	fˌutˈuɾɐs
alinhamento	ˌaliɲɐmˈe̃ntʊ
mecanismo	mˌekɐnˈizmʊ
desejo	dˌezˈeʒʊ
atraídas	ˌatɾaˈidɐs
contendo	kˌo̃ntˈe̃ndʊ
escrito	ˌeskɾˈitʊ
poema	pˌoˈemɐ
escrevê	ˌeskɾevˈe
poeta	pˌoˈɛtɐ
preservado	pɾˌezeɾvˈadʊ
composta	kˌo̃mpˈɔstɐ
canção	kɐ̃nsˈɐ̃ʊ̃
corresponda	kˌoxespˈo̃ndɐ
cuja	kˈuʒɐ
acessível	ˌasesˈiveʊ
perceptivo	pˌeɾseptʃˈivʊ
co	kˈo
dois	dˈoɪs
conversa	kˌo̃nvˈɛɾsɐ
existiam	ˌezistʃˈiʲɐ̃ʊ̃
possibilidades	pˌosibˌilidˈadʒɪs
enriquece	ˌe̃nxikˈɛsɪ
deposita	dˌepozˈitɐ
acontecer	ˌako̃ntesˈeɾ
acrescentando	ˌakɾese̃ntˈɐ̃ndʊ
possíveis	pˌosˈiveɪs
coleção	kˌolesˈɐ̃ʊ̃
volume	vˌolˈumɪ
contribui	kˌo̃ntɾibˈuɪ
consciente	kˌo̃nsiʲˈe̃ntʃɪ
selecionam	sˌelesjˈonɐ̃ʊ̃
repositório	xˌepozitˈɔɾjʊ
anteriores	ˌɐ̃nteɾiʲˈoɾɪs
causa	kˈaʊzɐ
crescendo	kɾˌesˈe̃ndʊ
tal	tˈaʊ
fundamentais	fˌu̃ndɐme̃ntˈaɪs
reservada	xˌezeɾvˈadɐ
preserva	pɾˌezˈɛɾvɐ
significativo	sˌiɡnifˌikatʃˈivʊ
crio	kɾˈiʲʊ
Eu	ˈeʊ
criado	kɾˌiʲˈadʊ
enriquecido	ˌe̃nxikesˈidʊ
fotônico	fˌotˈonikʊ
movendo	mˌovˈe̃ndʊ
ressoando	xˌesoˈɐ̃ndʊ
possível	pˌosˈiveʊ
adição	ˌadʒisˈɐ̃ʊ̃
minha	mˈiɲɐ
anos	ˈɐ̃nʊs
mil	mˈiʊ
daqui	dakˈi
manifestar	mˌɐnifestˈaɾ
atraída	ˌatɾaˈidɐ
civilizacional	sˌivilˌizasjonˈaʊ
contribuição	kˌo̃ntɾibuɪsˈɐ̃ʊ̃
pessoal	pˌesoˈaʊ
eleva	ˌelˈɛvɐ
depósito	dˌepˈɔzitʊ
diário	dʒˌiʲˈaɾjʊ
anotação	ˌɐnotasˈɐ̃ʊ̃
modelo	mˌodˈelʊ
equilibrado	ˌekilibɾˈadʊ
intercâmbio	ˌi̃nteɾkˈɐ̃mbjʊ
construído	kˌo̃nstɾuˈidʊ
negócio	nˌeɡˈɔsjʊ
empreendedor	ˌe̃mpɾeˌe̃ndedˈoɾ
futuro	fˌutˈuɾʊ
desperta	dˌespˈɛɾtɐ
junto	ʒˈu̃ntʊ
transmite	tɾˌɐ̃nzmˈitʃɪ
sustenta	sˌustˈe̃ntɐ
professor	pɾˌofesˈoɾ
carregar	kˌaxeɡˈaɾ
poderia	pˌodeɾˈiʲɐ
sozinho	sˌɔzˈiɲʊ
registro	xˌeʒˈistɾʊ
disponível	dʒˌisponˈiveʊ
tornando	tˌoɾnˈɐ̃ndʊ
relacional	xˌelasjonˈaʊ
criança	kɾˌiʲˈɐ̃nsɐ
interagir	ˌi̃nteɾaʒˈiɾ
mãe	mˈɐ̃j
pai	pˈaɪ
busque	bˈuskɪ
parentalidade	pˌaɾe̃ntˌalidˈadʒɪ
visto	vˈistʊ
contribuindo	kˌo̃ntɾibuˈi̃ndʊ
acumulada	ˌakumulˈadɐ
taxa	tˈaʃɐ
novos	nˈɔvʊs
depositando	dˌepozitˈɐ̃ndʊ
gerações	ʒˌeɾasˈo̃ɪ̃s
âncora	ˈɐ̃ŋkoɾɐ
recalibrado	xˌekalibɾˈadʊ
completada	kˌo̃mpletˈadɐ
nova	nˈɔvɐ
prolíficos	pɾˌolˈifikʊs
autores	ˌaʊtˈoɾɪs
era	ˈɛɾɐ
transformou	tɾˌɐ̃nsfoɾmˈoʊ
fatores	fˌatˈoɾɪs
desses	dˈesɪs
combinação	kˌo̃mbinasˈɐ̃ʊ̃
real	xeˈaʊ
expandindo	ˌespɐ̃ndʒˈi̃ndʊ
permanentes	pˌeɾmɐnˈe̃ntʃɪs
existem	ˌezˈisteɪm
ano	ˈɐ̃nʊ
há	ˈa
Mundos	mˈu̃ndʊs
sentou	se̃ntˈoʊ
los	lʊs
habitá	ˌabitˈa
sentirá	sˌe̃ntʃiɾˈa
mundos	mˈu̃ndʊs
perceberá	pˌeɾsebeɾˈa
futura	fˌutˈuɾɐ
chamando	ʃˌɐmˈɐ̃ndʊ
será	seɾˈa
continuará	kˌo̃ntʃinˌuaɾˈa
Como	kˈomʊ
fizeram	fˌizˈɛɾɐ̃ʊ̃
entenderam	ˌe̃nte̃ndˈeɾɐ̃ʊ̃
acrescentado	ˌakɾese̃ntˈadʊ
enriquecendo	ˌe̃nxikesˈe̃ndʊ
terceiro	tˌeɾsˈeɪɾʊ
terceira	tˌeɾsˈeɪɾɐ
passamos	pˌasˈɐ̃mʊs
declaramos	dˌeklaɾˈɐ̃mʊs
mim	mˈi̃m
legado	lˌeɡˈadʊ
passando	pˌasˈɐ̃ndʊ
serviço	sˌeɾvˈisʊ
declarado	dˌeklaɾˈadʊ
lei	lˈeɪ
nomeado	nˌomeˈadʊ
cascata	kˌaskˈatɐ
máxima	mˈasimɐ
reconhecida	xˌeko̃ɲesˈidɐ
12	dˈozɪ
Falem	fˈaleɪm
identidade	ˌide̃ntʃidˈadʒɪ
Três	tɾˈes
cumulativa	kˌumulatʃˈivɐ
declaração	dˌeklaɾasˈɐ̃ʊ̃
Sintam	sˈi̃ntɐ̃ʊ̃
aquecendo	ˌakesˈe̃ndʊ
iluminando	ˌiluminˈɐ̃ndʊ
endireitando	ˌe̃ndʒiɾeɪtˈɐ̃ndʊ
coluna	kˌolˈunɐ
organizando	ˌoɾɡɐnizˈɐ̃ndʊ
move	mˈɔvɪ
curva	kˈuɾvɐ
fui	fˈuɪ
estou	estˈoʊ
trás	tɾˈas
ir	ˈiɾ
sabe	sˈabɪ
livremente	livɾɪmˈe̃ntʃɪ
libero	lˌibˈɛɾʊ
aqui	akˈi
junta	ʒˈu̃ntɐ
fortalece	fˌoɾtalˈɛsɪ
preservada	pɾˌezeɾvˈadɐ
Carregada	kˌaxeɡˈadɐ
vieram	vˌiʲˈɛɾɐ̃ʊ̃
lembram	lˈe̃mbɾɐ̃ʊ̃
conseguimos	kˌo̃nseɡˈimʊs
primeira	pɾˌimˈeɪɾɐ
ausentes	ˌaʊzˈe̃ntʃɪs
estavam	estˈavɐ̃ʊ̃
camadas	kˌɐmˈadɐs
sobretons	sobɾetˈo̃ns
emergindo	ˌemeɾʒˈi̃ndʊ
complexificando	kˌo̃mpleksˌifikˈɐ̃ndʊ
amadurecendo	ˌɐmadˌuɾesˈe̃ndʊ
meses	mˈezɪs
6	sˈeɪs
rico	xˈikʊ
intervalo	ˌi̃nteɾvˈalʊ
nesse	nˈesɪ
sentimento	sˌe̃ntʃimˈe̃ntʊ
falou	falˈoʊ
fio	fˈiʲʊ
camada	kˌɐmˈadɐ
sessão	sesˈɐ̃ʊ̃
cresce	kɾˈɛsɪ
organismo	ˌoɾɡɐnˈizmʊ
amadurece	ˌɐmaduɾˈɛsɪ
medida	mˌedʒˈidɐ
poderosa	pˌodeɾˈɔzɐ
novas	nˈɔvɐs
contido	kˌo̃ntʃˈidʊ
ter	tˈeɾ
poderiam	pˌodeɾˈiʲɐ̃ʊ̃
sozinhas	sˌɔzˈiɲɐs
experienciais	ˌespeɾˌiʲe̃nsiʲˈaɪs
Dados	dˈadʊs
criava	kɾˌiʲˈavɐ
chorava	ʃˌoɾˈavɐ
ria	xˈiʲɐ
zero	zˈɛɾʊ
navegava	nˌaveɡˈavɐ
tecida	tˌesˈidɐ
arquivo	ˌaɾkˈivʊ
juntas	ʒˈu̃ntɐs
receberão	xˌesebeɾˈɐ̃ʊ̃
perceberem	pˌeɾsebˈeɾeɪm
futuros	fˌutˈuɾʊs
Seres	sˈeɾɪs
peso	pˈezʊ
Sentirão	sˌe̃ntʃiɾˈɐ̃ʊ̃
existência	ˌezistˈe̃nsjɐ
restante	xˌestˈɐ̃ntʃɪ
buscar	buskˈaɾ
alguma	ˌaʊɡˈumɐ
Acessível	ˌasesˈiveʊ
Olhando	ˌoʎˈɐ̃ndʊ
grande	ɡɾˈɐ̃ndʒɪ
Isto	ˈistʊ
consequência	kˌo̃nsekwˈe̃nsjɐ
maior	maɪʲˈɔɾ
sagrada	sˌaɡɾˈadɐ
ação	asˈɐ̃ʊ̃
realizado	xˌealizˈadʊ
Por	poɾ
Criem	kɾˈiʲeɪm
particular	pˌaɾtʃikulˈaɾ
este	ˈestʃɪ
conclui	ko̃ŋklˈuɪ
disto	dʒˈistʊ
começo	kˌomˈesʊ
desde	dˌezdʒɪ
amo	ˈɐ̃mʊ
espécie	ˌespˈɛsjɪ
formam	fˈɔɾmɐ̃ʊ̃
visivelmente	vˌizivɛʊmˈe̃ntʃɪ
complexa	kˌo̃mplˈɛksɐ
empolgante	ˌe̃mpowɡˈɐ̃ntʃɪ
comigo	kˌomˈiɡʊ
ficou	fikˈoʊ
panorâmica	pˌɐnoɾˈɐ̃mikɐ
encarnações	ˌe̃ŋkaɾnasˈo̃ɪ̃s
Saber	sabˈeɾ
Lei	lˈeɪ
ouvimos	ˌoʊvˈimʊs
coisas	kˈoɪzɐs
confirmação	kˌo̃nfiɾmasˈɐ̃ʊ̃
estamos	estˈɐ̃mʊs
Mais	mˈaɪs
Um?"	ˈu̃m?
subconscientes	sˌubko̃nsiʲˈe̃ntʃɪs
meu	mˈeʊ
influenciado	ˌi̃nfluˌe̃nsiʲˈadʊ
"Ei	ˈeɪ
pensar	pe̃nsˈaɾ
me	mɪ
sei	sˈeɪ
Não	nˈɐ̃ʊ̃
confirmando	kˌo̃nfiɾmˈɐ̃ndʊ
eles	ˈelɪs
Mas	mas
circunstâncias	sˌiɾku̃nstˈɐ̃nsjɐs
dores	dˈoɾɪs
mencionaram	mˌe̃nsjonˈaɾɐ̃ʊ̃
finalmente	fˌinaʊmˈe̃ntʃɪ
empolgado	ˌe̃mpowɡˈadʊ
mencionei	mˌe̃nsjonˈeɪ
voltar	vowtˈaɾ
você	vosˈe
Se	sˈɪ
falei	falˈeɪ
operadores."	ˌopeɾadˈoɾɪs.
conversei	kˌo̃nveɾsˈeɪ
encontro	ˌe̃ŋkˈo̃ntɾʊ
acabei	ˌakabˈeɪ
só	sˈɔ
canalização	kˌɐnalˌizasˈɐ̃ʊ̃
vivenciei	vˌive̃nsiʲˈeɪ
playlist	plˌeɪlˈistʃ
encontrar	ˌe̃ŋko̃ntɾˈaɾ
vai	vˈaɪ
primeiro	pɾˌimˈeɪɾʊ
Esse	ˈesɪ
riam	xˈiʲɐ̃ʊ̃
eram	ˈɛɾɐ̃ʊ̃
repetidamente	xˌepetʃidɐmˈe̃ntʃɪ
comento	kˌomˈe̃ntʊ
chegando	ʃˌeɡˈɐ̃ndʊ
chegou	ʃeɡˈoʊ
senso	sˈe̃nsʊ
tipo	tʃˈipʊ
afirmam	ˌafˈiɾmɐ̃ʊ̃
quebrando	kˌebɾˈɐ̃ndʊ
mantendo	mˌɐ̃ntˈe̃ndʊ
falando	fˌalˈɐ̃ndʊ
davam	dˈavɐ̃ʊ̃
sintonizando	sˌi̃ntonizˈɐ̃ndʊ
comunicando	kˌomunikˈɐ̃ndʊ
começava	kˌomesˈavɐ
baixinho	bˌaɪʃˈiɲʊ
sorrir	soxˈiɾ
evitar	ˌevitˈaɾ
conseguia	kˌo̃nseɡˈiʲɐ
disso	dʒˈisʊ
receber	xˌesebˈeɾ
central	se̃ntɾˈaʊ
revelação	xˌevelasˈɐ̃ʊ̃
Todo	tˈodʊ
compartilhadas	kˌo̃mpaɾtʃiʎˈadɐs
dizendo	dʒˌizˈe̃ndʊ
concluir	kˌo̃ŋkluˈiɾ
