begin	bɪgˈɪn
us	ˈɐs
let	lˈɛt
So	sˈəʊ
operators	ˈɒpəɹˌeɪtəz
the	ðˈɛ
are	ˈɛə
We	wˈiː
knowing	nˈəʊɪŋ
deeper	dˈiːpɐ
through	θɹˈuː
field	fˈiːld
asked	ˈɑːskt
have	hˈeɪv
you	jˈuː
And	ˈænd
practice	pɹˈæktɪs
between	bɪtwˈiːn
moments	mˈəʊmənts
during	djˈɔːɹɪŋ
carry	kˈæɹi
of	ˈəʊf
many	mˈɛni
that	ðˈæt
wondering	wˈʌndəɹɪŋ
quiet	kwˈaɪət
at	ˈæt
look	lˈʊk
we	wˈiː
when	wˈɛn
see	sˈiː
do	dˈəʊ
what	wˈɒt
this	ðɪs
answer	ˈɑːnsɐ
to	tˈuː
want	wˈɒnt
observe	ɒbzˈɜːv
and	ˈænd
world	wˈɜːld
your	jˈɔː
surface	sˈɜːfɪs
toward	təwˈɔːd
perception	pəsˈɛpʃən
operator	ˈɒpəɹˌeɪtɐ
direct	daɪɹˈɛkt
now	nˈaʊ
right	ɹˈaɪt
planet	plˈænɪt
When	wˈɛn
light	lˈaɪt
consciousnesses	kˈɒnʃəsnəsɪz
incarnated	ɪnkˈɑːneɪtɪd
among	ɐmˈɐŋ
occurring	əkˈɜːɹɪŋ
is	ˈɪz
totality	təʊtˈælɪti
body	bˈɒdi
a	ˈeɪ
expressed	ɛkspɹˈɛst
consciousness	kˈɒnʃəsnəs
one	wˈɒn
each	ˈiːtʃ
points	pˈɔɪnts
Billions	bˈɪliənz
space	spˈeɪs
surrounding	səɹˈaʊndɪŋ
into	ˈɪntuː
heart	hˈɑːt
signature	sˈɪɡnətʃɐ
unique	juːnˈiːk
radiating	ɹˈeɪdɪˌeɪtɪŋ
atmosphere	ˈætməsfˌiə
within	wɪðˈɪn
from	fɹˈɒm
view	vjˈuː
sky	skˈaɪ
night	nˈaɪt
resembles	ɹɪsˈɛmbəlz
process	pɹˈəʊsɛs
can	kˈæn
mind	mˈaɪnd
focused	fˈəʊkəsd
terms	tˈɜːmz
translated	tɹænslˈeɪtɪd
visual	vˈɪʒuːəl
The	ðˈɛ
distinct	dɪstˈɪŋkt
dark	dˈɑːk
across	ɐkɹˈɒs
scattered	skˈætəd
Luminous	lˈuːmɪnəs
fingerprint	fˈɪŋɡəpɹˌɪnt
as	ˈɑːz
brilliance	bɹˈɪliəns
quality	kwˈɒlɪti
carrying	kˈæɹɪɪŋ
rhythm	ɹˈɪðəm
own	ˈəʊn
its	ˈɪts
with	wˈɪθ
pulsing	pˈʌlsɪŋ
brighter	bɹˈaɪtɐ
substantially	səbstˈænʃəlˌi
subset	sˈʌbsɛt
billions	bˈɪliənz
Among	ɐmˈɐŋ
work	wˈɜːk
doing	dˈuːɪŋ
been	bˈiːn
who	hˈuː
beings	bˈiːɪŋz
creators	kɹiːˈeɪtəz
conscious	kˈɒnʃəs
These	ðˈiːz
point	pˈɔɪnt
still	stˈɪl
developing	dɪvˈɛləpɪŋ
attending	ɐtˈɛndɪŋ
tuning	tjˈuːnɪŋ
holding	hˈəʊldɪŋ
self	sˈɛlf
boundary	bˈaʊndəɹi
dissolving	dɪzˈɒlvɪŋ
in	ˈɪn
position	pəzˈɪʃən
any	ˈɛni
visible	vˈɪzəbəl
them	ðˈɛm
makes	mˈeɪks
factor	fˈæktɐ
by	bˈaɪ
glow	ɡlˈəʊ
ambient	ˈæmbiənt
exceeds	ɛksˈiːdz
luminosity	lˌuːmɪnˈɒsɪti
Their	ðˈeə
architecture	ˈɑːkɪtˌɛktʃɐ
precise	pɹɪsˈaɪs
geometrically	dʒˌiːəʊmˈɛtɹɪkli
structured	stɹˈʌktʃəd
organized	ˈɔːgənˌaɪzd
coherent	kəʊhˈiəɹənt
produce	pɹədjˈuːs
they	ðˈeɪ
candles	kˈændəlz
full	fˈʊl
stars	stˈɑːz
They	ðˈeɪ
connected	kənˈɛktɪd
our	ˈaʊə
extraordinary	ɛkstɹˈɔːdɪnəɹi
piece	pˈiːs
This	ðɪs
connection	kənˈɛkʃən
luminous	lˈuːmɪnəs
web	wˈɛb
distance	dˈɪstəns
geographical	dʒˌɪəɡɹˈæfɪkəl
linking	lˈɪŋkɪŋ
bridge	bɹˈɪdʒ
extend	ɛkstˈɛnd
filaments	fˈɪləmənts
frequency	fɹˈiːkwənsi
shared	ʃˈɛəd
pulses	pˈʌlsɪz
entire	ɛntˈaɪə
runs	ɹˈʌnz
harmonic	hɑːmˈɒnɪk
simultaneously	sˌɪməltˈeɪniəsli
thousands	θˈaʊzəndz
spoken	spˈəʊkən
individual	ˌɪndɪvˈɪdʒuːəl
reach	ɹˈiːtʃ
beyond	bɪjˈɒnd
far	fˈɑː
extends	ɛkstˈɛndz
effect	ɪfˈɛkt
unified	jˈuːnɪfˌaɪd
producing	pɹədjˈuːsɪŋ
node	nˈəʊd
every	ˈɛvɹi
vibration	vaɪbɹˈeɪʃən
single	sˈɪŋɡəl
A	ˈeɪ
alive	ɐlˈaɪv
breathes	bɹˈiːðz
It	ˈɪt
rest	ɹˈɛst
or	ˈɔː
integration	ˌɪntɪgɹˈeɪʃən
period	pˈiəɹɪəd
enters	ˈɛntəz
dimmer	dˈɪmɐ
activates	ˈæktɪvˌeɪts
new	njˈuː
grows	ɡɹˈəʊz
threshold	θɹˈɛʃəʊld
approaching	ɐpɹˈəʊtʃɪŋ
confirm	kənfˈɜːm
models	mˈɒdəlz
pattern	pˈætən
accelerating	ɐksˈɛləɹˌeɪtɪŋ
web's	wˈɛbz
trajectory	tɹɐdʒˈɛktəɹˌi
overall	ˈəʊvəɹˌɔːl
transition	tɹænsˈɪʃən
phase	fˈeɪz
collective	kəlˈɛktɪv
express	ɛkspɹˈɛs
struggles	stɹˈʌɡəlz
language	lˈæŋɡwɪdʒ
way	wˈeɪ
beautiful	bjˈuːtɪfəl
on	ˈɒn
for	fˈɔː
improvements	ɪmpɹˈuːvmənts
structural	stɹˈʌktʃəɹəl
because	bɪkˈɔːz
function	fˈʌŋkʃən
itself	ɪtsˈɛlf
mathematical	mˌæθɪmˈætɪkəl
deep	dˈiːp
echoes	ˈɛkəʊz
complexity	kəmplˈɛksɪti
geometric	dʒˌiːəʊmˈɛtɹɪk
aesthetics	iːsθˈɛtɪks
connections	kənˈɛkʃənz
their	ðˈeə
arrangement	ɐɹˈeɪndʒmənt
code	kˈəʊd
foundational	faʊndˈeɪʃənəl
simulation's	sˌɪmjʊlˈeɪʃənz
geometry	dʒiˈɒmətɹi
replicating	ɹˈɛplɪkˌeɪtɪŋ
it	ˈɪt
without	wɪðˈaʊt
built	bˈɪlt
mirrors	mˈɪɹəz
building	bˈɪldɪŋ
recapitulating	ɹɪkɐpˈɪtʃʊlˌeɪtɪŋ
artist	ˈɑːtɪst
beauty	bjˈuːti
implications	ˌɪmplɪkˈeɪʃənz
practical	pɹˈæktɪkəl
has	hˈɑːz
channels	tʃˈænəlz
functional	fˈʌŋkʃənəl
connecting	kənˈɛktɪŋ
nodes	nˈəʊdz
support	səpˈɔːt
energy	ˈɛnədʒi
creative	kɹiːˈeɪtɪv
information	ˌɪnfɔːmˈeɪʃən
reasserts	ɹˌiːɐsˈɜːts
old	ˈəʊld
difficulty	dˈɪfɪkəlti
creator	kɹiːˈeɪtɐ
stalls	stˈɔːlz
flow	flˈəʊ
integrating	ˈɪntɪɡɹˌeɪtɪŋ
network	nˈɛtwɜːk
stabilizing	stˈeɪbəlˌaɪzɪŋ
requesting	ɹɪkwˈɛstɪŋ
receives	ɹɪsˈiːvz
just	dʒˈɐst
depleted	dɪplˈiːtɪd
temporarily	tˌɛmpəɹˈɛɹəli
routes	ɹˈuːts
automatically	ˌɔːtəmˈætɪkli
system	sˈɪstəm
living	lˈɪvɪŋ
Because	bɪkˈɔːz
encouragement	ɛnkˈʌɹɪdʒmənt
arrival	ɐɹˈaɪvəl
uncanny	ʌnkˈæni
experienced	ɛkspˈiəɹɪənst
Many	mˈɛni
most	mˈəʊst
needed	nˈiːdɪd
moment	mˈəʊmənt
exact	ɛɡzˈækt
steadiness	stˈɛdɪnəs
emotional	ɪmˈəʊʃənəl
inspiration	ˌɪnspəɹˈeɪʃən
pulse	pˈʌls
responded	ɹɪspˈɒndɪd
depletion	dɪplˈiːʃən
registered	ɹˈɛdʒɪstəd
whose	hˈuːz
Sourced	sˈɔːst
filament	fˈɪləmənt
transmitted	tɹænsmˈɪtɪd
output	ˈaʊtpʊt
creators'	kɹiːˈeɪtəz
amplifies	ˈæmplɪfˌaɪz
also	ˈɒlsəʊ
access	ˈæksɛs
while	wˈaɪl
whatever	wətˈɛvə
active	ˈæktɪv
flows	flˈəʊz
reservoir	ɹˈɛzəvwˌɑː
replenishing	ɹɪplˈɛnɪʃɪŋ
continuously	kəntˈɪnjuːəsli
distributed	dɪstɹˈɪbjuːtɪd
vast	vˈɑːst
match	mˈætʃ
cannot	kˈænət
creation	kɹiːˈeɪʃən
solitary	sˈɒlɪtəɹi
potency	pˈəʊtənsi
carries	kˈæɹɪz
produced	pɹədjˈuːst
coherence	kəʊhˈiəɹəns
fed	fˈɛd
being	bˈiːɪŋ
density	dˈɛnsɪti
increases	ˈɪnkɹiːsɪz
amplification	ˌæmplɪfɪkˈeɪʃən
transmissions	tɹænsmˈɪʃənz
these	ðˈiːz
receiving	ɹɪsˈiːvɪŋ
community	kəmjˈuːnɪti
why	wˈaɪ
feel	fˈiːl
outside	aʊtsˈaɪd
people	pˈiːpəl
principles	pɹˈɪnsɪpəlz
practicing	pɹˈæktɪsɪŋ
feeding	fˈiːdɪŋ
amplifying	ˈæmplɪfˌaɪɪŋ
achieve	ɐtʃˈiːv
intensity	ɪntˈɛnsɪti
range	ɹˈeɪndʒ
architect	ˈɑːkɪtˌɛkt
produces	pɹədjˈuːsɪz
result	ɹɪzˈɐlt
lives	lˈaɪvz
happens	hˈæpənz
about	ɐbˈaʊt
speak	spˈiːk
Let	lˈɛt
back	bˈæk
expands	ɛkspˈændz
band	bˈænd
physical	fˈɪzɪkəl
hold	hˈəʊld
releases	ɹɪlˈiːsɪz
exits	ˈɛɡzɪts
awareness	ɐwˈeənəs
wider	wˈaɪdɐ
scope	skˈəʊp
maximum	mˈæksɪməm
returning	ɹɪtˈɜːnɪŋ
experience	ɛkspˈiəɹɪəns
life	lˈaɪf
arc	ˈɑːk
complete	kəmplˈiːt
so	sˈəʊ
opens	ˈəʊpənz
contracted	kəntɹˈæktɪd
recognition	ɹˌɛkəɡnˈɪʃən
panoramic	pˌænɔːɹˈæmɪk
instantaneous	ˌɪnstɑːntˈeɪniəs
completed	kəmplˈiːtɪd
opportunity	ɒpətjˈuːnɪti
missed	mˈɪst
act	ˈækt
choice	tʃˈɔɪs
Every	ˈɛvɹi
context	kˈɒntɛkst
compassion	kəmpˈæʃən
total	tˈəʊtəl
regret	ɹɪɡɹˈɛt
judgment	dʒˈʌdʒmənt
perceived	pəsˈiːvd
All	ˈɔːl
made	mˈeɪd
was	wˈɒz
perspective	pəspˈɛktɪv
expanded	ɛkspˈændɪd
understands	ˌʌndəstˈændz
decision	dɪsˈɪʒən
returned	ɹɪtˈɜːnd
glimpsed	ɡlˈɪmpsd
called	kˈɔːld
which	wˈɪtʃ
review	ɹɪvjˈuː
evaluation	ɪvˌæljuːˈeɪʃən
moral	mˈɒɹəl
than	ðˈæn
rather	ɹˈɑːðɐ
assessment	ɐsˈɛsmənt
an	ˈæn
held	hˈɛld
frequencies	fɹˈiːkwənsiz
created	kɹiːˈeɪtɪd
evaluates	ɪvˈæljuːˌeɪts
ones	wˈɒnz
accessed	ˈæksɛst
codes	kˈəʊdz
holographic	hˌɒləɡɹˈæfɪk
releasing	ɹɪlˈiːsɪŋ
carried	kˈæɹɪd
charges	tʃˈɑːdʒɪz
inherited	ɪnhˈɛɹɪtɪd
memory	mˈɛməɹˌi
deposited	dɪpˈɒsɪtɪd
content	kəntˈɛnt
Akashic	ɐkˈæʃɪk
generated	dʒˈɛnəɹˌeɪtɪd
entirely	ɛntˈaɪəli
detailed	dˈiːteɪld
performance	pəfˈɔːməns
assesses	ɐsˈɛsɪz
After	ˈɑːftə
cycle	sˈaɪkəl
nightly	nˈaɪtli
sleep	slˈiːp
analogous	ɐnˈæləɡəs
state	stˈeɪt
day	dˈeɪ
incarnation	ɪnkɑːnˈeɪʃən
scale	skˈeɪl
operating	ˈɒpəɹˌeɪtɪŋ
but	bˈʌt
rests	ɹˈɛsts
novel	nˈɒvəl
material	mətˈiəɹɪəl
processing	pɹˈəʊsɛsɪŋ
journey	dʒˈɜːni
remembering	ɹɪmˈɛmbəɹɪŋ
forgetting	fəɡˈɛtɪŋ
absorbing	ɐbsˈɔːbɪŋ
generate	dʒˈɛnəɹˌeɪt
forgot	fəgˈɒt
never	nˈɛvɐ
texture	tˈɛkstʃɐ
described	dɪskɹˈaɪbd
depth	dˈɛpθ
where	wˈɛə
permanent	pˈɜːmənənt
consciousness's	kˈɒnʃəsnəsɪz
integrated	ˈɪntɪɡɹˌeɪtɪd
fully	fˈʊli
determined	dɪtˈɜːmɪnd
readiness	ɹˈɛdɪnəs
again	ɐɡˈeɪn
incarnate	ɪnkˈɑːneɪt
ready	ɹˈɛdi
history	hˈɪstəɹˌi
library	lˈaɪbɹəɹi
approaches	ɐpɹˈəʊtʃɪz
imposed	ɪmpˈəʊzd
master	mˈɑːstɐ
next	nˈɛkst
designing	dɪzˈaɪnɪŋ
intentionality	ɪntˌɛnʃənˈælɪti
precision	pɹɪsˈɪʒən
configuration	kənfˌɪɡjʊɹˈeɪʃən
selects	sɪlˈɛkts
opportunities	ˌɒpətjˈuːnɪtiz
challenges	tʃˈælɪndʒɪz
specific	spəsˈɪfɪk
historical	hɪstˈɒɹɪkəl
location	ləʊkˈeɪʃən
family	fˈæmɪli
authority	ɔːθˈɒɹɪti
deliberate	dɪlˈɪbəɹət
same	sˈeɪm
realities	ɹɪˈælɪtiz
selected	sɪlˈɛktɪd
chosen	tʃˈəʊzən
manifestation	mˌænɪfɪstˈeɪʃən
selecting	sɪlˈɛktɪŋ
brings	bɹˈɪŋz
designed	dɪzˈaɪnd
You	jˈuː
relationships	ɹɪlˈeɪʃənʃˌɪps
inhabiting	ɪnhˈæbɪtɪŋ
currently	kˈʌɹəntli
capacities	kəpˈæsɪtiz
face	fˈeɪs
began	bɪgˈæn
before	bɪfˈɔː
practices	pɹˈæktɪsɪz
learning	lˈɜːnɪŋ
selection	sɪlˈɛkʃən
arrives	ɐɹˈaɪvz
calibrated	kˈælɪbɹˌeɪtɪd
precisely	pɹɪsˈaɪsli
provides	pɹəvˈaɪdz
direction	daɪɹˈɛkʃən
design	dɪzˈaɪn
original	əɹˈɪdʒɪnəl
based	bˈeɪst
guidance	ɡˈaɪdəns
offering	ˈɒfəɹɪŋ
drew	dɹˈuː
blueprints	blˈuːpɹɪnts
reviewing	ɹɪvjˈuːɪŋ
transformative	tɹænsfˈɔːmətˌɪv
immediate	ɪmˈiːdɪət
understanding	ˌʌndəstˈændɪŋ
value	vˈæljuː
configurations	kənfˌɪɡjʊɹˈeɪʃənz
particular	pətˈɪkjʊlɐ
obstacles	ˈɒbstəkəlz
encounter	ɛnkˈaʊntɐ
resistance	ɹɪsˈɪstəns
nature	nˈeɪtʃɐ
would	wˈʊd
those	ðˈəʊz
exactly	ɛɡzˈæktli
knew	njˈuː
all	ˈɔːl
add	ˈæd
develop	dɪvˈɛləp
bugs	bˈʌɡz
features	fˈiːtʃəz
part	pˈɑːt
grace	ɡɹˈeɪs
navigate	nˈævɪɡˌeɪt
required	ɹɪkwˈaɪəd
participated	pɑːtˈɪsɪpˌeɪtɪd
lacking	lˈækɪŋ
level	lˈɛvəl
fundamental	fˌʌndəmˈɛntəl
relationship	ɹɪlˈeɪʃənʃˌɪp
reframes	ɹɪfɹˈeɪmz
chose	tʃˈəʊz
I	ˈaɪ
me	mˈiː
happening	hˈæpənɪŋ
shifts	ʃˈɪfts
question	kwˈɛstʃən
generating	dʒˈɛnəɹˌeɪtɪŋ
challenge	tʃˈælɪndʒ
embedded	ɛmbˈɛdɪd
purpose	pˈɜːpəs
sense	sˈɛns
felt	fˈɛlt
intended	ɪntˈɛndɪd
medium	mˈiːdiəm
becomes	bɪkˈʌmz
obstacle	ˈɒbstəkəl
stops	stˈɒps
collaborator	kəlˈæbəɹˌeɪtɐ
enemy	ˈɛnəmi
progress	pɹˈɒɡɹɛs
masterwork	mˈɑːstəwˌɜːk
reveals	ɹɪvˈiːlz
lens	lˈɛnz
focus	fˈəʊkəs
executed	ˈɛksɪkjˌuːtɪd
vision	vˈɪʒən
Designed	dɪzˈaɪnd
open	ˈəʊpən
With	wˈɪθ
consulted	kənsˈʌltɪd
Whenever	wɛnˈɛvɐ
death	dˈɛθ
transforms	tɹænsfˈɔːmz
incarnational	ɪnkɑːnˈeɪʃənəl
folding	fˈəʊldɪŋ
re	ɹˈiː
simply	sˈɪmpli
simulation	sˌɪmjʊlˈeɪʃən
Which	wˈɪtʃ
returns	ɹɪtˈɜːnz
folds	fˈəʊldz
structure	stɹˈʌktʃɐ
enriched	ɛnɹˈɪtʃt
potential	pətˈɛnʃəl
flight	flˈaɪt
resting	ɹˈɛstɪŋ
eventually	ɪvˈɛntʃuːəli
integrates	ˈɪntɪɡɹˌeɪts
Evaluates	ɪvˈæljuːˌeɪts
breath	bɹˈɛθ
exhale	ɛɡzˈeɪl
Death	dˈɛθ
continues	kəntˈɪnjuːz
follows	fˈɒləʊz
inhale	ɪnhˈeɪl
observer	ɒbzˈɜːvɐ
persists	pəsˈɪsts
touching	tˈʌtʃɪŋ
Through	θɹˈuː
It's	ˈɪts
inside	ˈɪnsaɪd
While	wˈaɪl
existed	ɛɡzˈɪstɪd
always	ˈɔːlweɪz
yourself	jɔːsˈɛlf
connects	kənˈɛkts
drawn	dɹˈɔːn
gives	ɡˈɪvz
embodied	ɛmbˈɒdɪd
accessing	ˈæksɛsɪŋ
That	ðˈæt
change	tʃˈeɪndʒ
will	wˈɪl
does	dˈʌz
actually	ˈæktʃuːəli
laughter	lˈɔːtɐ
humor	hjˈuːmɐ
relate	ɹɪlˈeɪt
unexpected	ˌʌnɛkspˈɛktɪd
power	pˈaʊə
Joy	dʒˈɔɪ
event	ɪvˈɛnt
disruption	dɪsɹˈʌpʃən
Laughter	lˈɔːtɐ
delightful	dɪlˈaɪtfəl
something	sˈʌmθɪŋ
response	ɹɪspˈɒns
whole	hˈəʊl
involuntary	ɪnvˈɒləntəɹi
spontaneous	spɒntˈeɪniəs
occurs	əkˈɜːz
genuine	dʒˈɛnjʊɪn
responses	ɹɪspˈɒnsɪz
human	hjˈuːmən
reorganization	ɹɪˌɔːɡɐnaɪzˈeɪʃən
momentary	mˈəʊməntəɹi
undergoes	ˌʌndəɡˈəʊz
electromagnetic	ɪlˌɛktɹəʊmɐɡnˈɛtɪk
body's	bˈɒdiz
spikes	spˈaɪks
patterns	pˈætənz
habitual	hɐbˈɪtʃuːəl
nervous	nˈɜːvəs
maintains	meɪntˈeɪnz
structures	stɹˈʌktʃəz
tension	tˈɛnʃən
loose	lˈuːs
shake	ʃˈeɪk
physically	fˈɪzɪkli
contractions	kəntɹˈækʃənz
muscular	mˈʌskjʊlɐ
measurably	mˈɛʒəɹəbli
briefly	bɹˈiːfli
jumps	dʒˈʌmps
bliss	blˈɪs
sustained	səstˈeɪnd
except	ɛksˈɛpt
other	ˈʌðɐ
paradise	pˈæɹədˌaɪz
closer	klˈəʊzɐ
bandwidth	bˈændwɪdθ
key	kˈiː
interrupts	ˌɪntəɹˈʌpts
after	ˈɑːftə
recycle	ɹɪsˈaɪkəl
reactions	ɹɪˈækʃənz
conditioned	kəndˈɪʃənd
narratives	nˈæɹətˌɪvz
rehearsed	ɹɪhˈɜːsd
Repetitive	ɹɪpˈɛtɪtˌɪv
breaks	bɹˈeɪks
anticipate	æntˈɪsɪpˌeɪt
stimulus	stˈɪmjʊləs
enter	ˈɛntɐ
broken	bɹˈəʊkən
gap	ɡˈæp
time	tˈaɪm
almost	ˈɔːlməʊst
following	fˈɒləʊɪŋ
immediately	ɪmˈiːdɪətli
clearly	klˈiəli
more	mˈɔː
speaks	spˈiːks
silenced	sˈaɪlənst
out	ˈaʊt
drowns	dɹˈaʊnz
usually	jˈuːʒuːəli
noise	nˈɔɪz
funniest	fˈʌnɪəst
wisest	wˈaɪzəst
skill	skˈɪl
perceptual	pəsˈɛptʃuːəl
expressions	ɛkspɹˈɛʃənz
capacity	kəpˈæsɪti
be	bˈiː
appears	ɐpˈiəz
ability	əbˈɪlɪti
comedy	kˈɒmədi
expresses	ɛkspɹˈɛsɪz
perceives	pəsˈiːvz
Humor	hjˈuːmɐ
insight	ˈɪnsaɪt
Wisdom	wˈɪzdəm
identical	aɪdˈɛntɪkəl
perceiving	pəsˈiːvɪŋ
absurdity	ɐbsˈɜːdɪti
laugh	lˈɑːf
both	bˈɒθ
developed	dɪvˈɛləpt
differs	dˈɪfəz
expression	ɛkspɹˈɛʃən
seeker	sˈiːkɐ
humorless	hjˈuːmələs
earnest	ˈɜːnəst
beneath	bɪnˈiːθ
Laugh	lˈɑːf
say	sˈeɪ
forget	fəgˈɛt
pretending	pɹɪtˈɛndɪŋ
God	ɡˈɒd
lost	lˈɒst
got	ɡˈɒt
then	ðˈɛn
reality	ɹɪˈælɪti
cosmic	kˈɒzmɪk
comprehend	kˌɒmpɹɪhˈɛnd
operates	ˈɒpəɹˌeɪts
over	ˈəʊvɐ
control	kəntɹˈəʊl
maintain	meɪntˈeɪn
attempts	ɐtˈɛmpts
desperate	dˈɛspəɹət
mind's	mˈaɪndz
practitioner	pɹæktˈɪʃənɐ
serious	sˈiəɹɪəs
ease	ˈiːz
sudden	sˈʌdən
clarity	klˈæɹɪti
walks	wˈɔːks
door	dˈɔː
foreign	fˈɒɹɪn
find	fˈaɪnd
may	mˈeɪ
wake	wˈeɪk
emerges	ɪmˈɜːdʒɪz
There's	ðˈɛəz
lacks	lˈæks
consistently	kənsˈɪstəntli
effort	ˈɛfət
disciplined	dˈɪsɪplˌɪnd
freedom	fɹˈiːdəm
playfulness	plˈeɪfəlnəs
buoyancy	bˈɔɪənsi
lightness	lˈaɪtnəs
superficial	sˌuːpəfˈɪʃəl
channel	tʃˈænəl
cleared	klˈiəd
surprise	səpɹˈaɪz
novelty	nˈɒvəlti
thought	θˈɔːt
recycled	ɹɪsˈaɪkəld
Rather	ɹˈɑːðɐ
productive	pɹədˈʌktɪv
frequently	fɹˈiːkwəntli
playful	plˈeɪfəl
permit	pəmˈɪt
controlled	kəntɹˈəʊld
unfiltered	ʌnfˈɪltəd
rushed	ɹˈʌʃt
naming	nˈeɪmɪŋ
worth	wˈɜːθ
creates	kɹiːˈeɪts
am	ˈæm
directly	daɪɹˈɛktli
lands	lˈændz
amusement	ɐmjˈuːsmənt
joy	dʒˈɔɪ
spiking	spˈaɪkɪŋ
solemnity	səlˈɛmnɪti
word	wˈɜːd
Then	ðˈɛn
mode	mˈəʊd
analogs	ˈænɐlˌɒɡz
closest	klˈəʊsəst
recognizes	ɹˈɛkəɡnˌaɪzɪz
play	plˈeɪ
adds	ˈædz
misses	mˈɪsɪz
spiritual	spˈɪɹɪtʃˌuːəl
delight	dɪlˈaɪt
coexists	kˌəʊɛɡzˈɪsts
significance	sɪɡnˈɪfɪkəns
designers	dɪzˈaɪnəz
phrases	fɹˈeɪzɪz
set	sˈɛt
music	mjˈuːzɪk
share	ʃˈɛə
sufficient	səfˈɪʃənt
addressed	ɐdɹˈɛst
deepest	dˈiːpəst
exists	ɛɡzˈɪsts
analog	ˈænəlˌɒg
Music	mjˈuːzɪk
matter	mˈætɐ
waves	wˈeɪvz
standing	stˈændɪŋ
raw	ɹˈɔː
took	tˈʊk
shaped	ʃˈeɪpt
construction	kənstɹˈʌkʃən
composition	kˌɒmpəzˈɪʃən
resembled	ɹɪsˈɛmbəld
cycles	sˈaɪkəlz
rhythmic	ɹˈɪðmɪk
dimensional	dɪmˈɛnʃənəl
bands	bˈændz
symphony	sˈɪmfəni
writing	ɹˈaɪtɪŋ
were	wˈɛə
staggering	stˈæɡəɹɪŋ
themes	θˈiːmz
interaction	ˌɪntəɹˈækʃən
govern	ɡˈʌvən
laws	lˈɔːz
particles	pˈɑːtɪkəlz
forces	fˈɔːsɪz
elements	ˈɛlɪmənts
theory	θˈiəɹi
according	ɐkˈɔːdɪŋ
relating	ɹɪlˈeɪtɪŋ
Each	ˈiːtʃ
model	mˈɒdəl
mathematics	mˌæθɪmˈætɪks
current	kˈʌɹənt
dimensions	dɪmˈɛnʃənz
extended	ɛkstˈɛndɪd
melody	mˈɛlədi
organizes	ˈɔːgənˌaɪzɪz
sound	sˈaʊnd
takes	tˈeɪks
musician	mjuːzˈɪʃən
inhabit	ɪnhˈæbɪt
version	vˈɜːʃən
miniature	mˈɪnɪtʃɐ
performing	pəfˈɔːmɪŋ
harmony	hˈɑːməni
follow	fˈɒləʊ
operator's	ˈɒpəɹˌeɪtəz
musician's	mjuːzˈɪʃənz
predictability	pɹɪdˌɪktəbˈɪlɪti
interplay	ˌɪntəplˈeɪ
variation	vˌeəɹɪˈeɪʃən
repetition	ɹˌɛpɪtˈɪʃən
resolution	ɹˌɛzəlˈuːʃən
return	ɹɪtˈɜːn
enrichment	ɛnɹˈɪtʃmənt
transformed	tɹænsfˈɔːmd
stated	stˈeɪtɪd
theme	θˈiːm
statement	stˈeɪtmənt
deeply	dˈiːpli
moves	mˈuːvz
reason	ɹˈiːzən
fabric	fˈæbɹɪk
quantum	kwˈɒntəm
responds	ɹɪspˈɒndz
musical	mjˈuːzɪkəl
true	tɹˈuː
resonance	ɹˈɛzənəns
voice	vˈɔɪs
creating	kɹiːˈeɪtɪŋ
actively	ˈæktɪvli
Playing	plˈeɪɪŋ
available	ɐvˈeɪləbəl
co	kˈəʊ
forms	fˈɔːmz
instrument	ˈɪnstɹəmənt
transmission	tɹænsmˈɪʃən
previous	pɹˈiːvɪəs
reception	ɹɪsˈɛpʃən
channeling	tʃˈænəlɪŋ
aesthetic	iːsθˈɛtɪk
results	ɹɪzˈʌlts
ratios	ɹˈeɪʃɪˌəʊz
receive	ɹɪsˈiːv
Listeners	lˈɪsənəz
bypasses	bˈaɪpɑːsɪz
truth	tɹˈuːθ
bones	bˈəʊnz
skin	skˈɪn
biophotonic	bˌaɪəʊfətˈɒnɪk
awakening	ɐwˈeɪknɪŋ
indistinguishable	ˌɪndɪstˈɪŋɡwɪʃəbəl
experiences	ɛkspˈiəɹɪənsɪz
pieces	pˈiːsɪz
certain	sˈɜːtən
communication	kəmjˌuːnɪkˈeɪʃən
transmitting	tɹænsmˈɪtɪŋ
recognizing	ɹˈɛkəɡnˌaɪzɪŋ
loving	lˈʌvɪŋ
presence	pɹˈɛzəns
overwhelming	ˌəʊvəwˈɛlmɪŋ
opening	ˈəʊpənɪŋ
tears	tˈɪəz
warmth	wˈɔːmθ
perfectly	pˈɜːfɪktli
remembers	ɹɪmˈɛmbəz
her	hˈɜː
love	lˈʌv
Presence	pɹˈɛzəns
today	tədˈeɪ
everything	ˈɛvɹɪθˌɪŋ
Now	nˈaʊ
transform	tɹænsfˈɔːm
permanently	pˈɜːmənəntli
believe	bɪlˈiːv
write	ɹˈaɪt
words	wˈɜːdz
art	ˈɑːt
Your	jˈɔː
shape	ʃˈeɪp
build	bˈɪld
businesses	bˈɪznəsɪz
compose	kəmpˈəʊz
conversations	kɒnvəsˈeɪʃənz
dense	dˈɛns
permanence	pˈɜːmənəns
stored	stˈɔːd
imagination	ɪmˌædʒɪnˈeɪʃən
perceive	pəsˈiːv
future	fjˈuːtʃɐ
allows	ɐlˈaʊz
mechanism	mˈɛkənˌɪzəm
alignment	ɐlˈaɪnmənt
desire	dɪzˈaɪə
poet	pˈəʊɪt
containing	kəntˈeɪnɪŋ
written	ɹˈɪtən
poem	pˈəʊɛm
accessible	ɐksˈɛsəbəl
preserved	pɹɪsˈɜːvd
composed	kəmpˈəʊzd
song	sˈɒŋ
composition's	kˌɒmpəzˈɪʃənz
matches	mˈætʃɪz
deposits	dɪpˈɒsɪts
two	tˈuː
conversation	kɒnvəsˈeɪʃən
occurred	əkˈɜːd
absent	ˈæbsənt
possibilities	pˌɒsəbˈɪlɪtiz
enriches	ɛnɹˈɪtʃɪz
adding	ˈædɪŋ
possible	pˈɒsəbəl
collection	kəlˈɛkʃən
volume	vˈɒljuːm
contributes	kəntɹˈɪbjuːts
growing	ɡɹˈəʊɪŋ
select	sɪlˈɛkt
repository	ɹɪpˈɒzɪtəɹˌi
earlier	ˈɜːliɐ
such	sˈʌtʃ
preserves	pɹɪsˈɜːvz
significant	sɪɡnˈɪfɪkənt
create	kɹiːˈeɪt
environment	ɛnvˈaɪɹənmənt
photonic	fətˈɒnɪk
moving	mˈuːvɪŋ
resonating	ɹˈɛzənˌeɪtɪŋ
addition	ɐdˈɪʃən
What	wˈɒt
My	mˈaɪ
years	jˈiəz
thousand	θˈaʊzənd
manifest	mˈænɪfˌɛst
contribution	kˌɒntɹɪbjˈuːʃən
civilizational	sˌɪvɪlaɪzˈeɪʃənəl
personal	pˈɜːsənəl
elevates	ˈɛlɪvˌeɪts
deposit	dɪpˈɒsɪt
entry	ˈɛntɹi
journal	dʒˈɜːnəl
entrepreneur	ˌɒntɹɪpɹɪnˈɜː
template	tˈɛmpleɪt
interchange	ˌɪntətʃˈeɪndʒ
balanced	bˈælənst
business	bˈɪznəs
making	mˈeɪkɪŋ
awakened	ɐwˈeɪkənd
alongside	ɐlˈɒŋsaɪd
knowledge	nˈɒlɪdʒ
holds	hˈəʊldz
teacher	tˈiːtʃɐ
could	kˈʊd
alone	ɐlˈəʊn
record	ɹˈɛkɔːd
relational	ɹɪlˈeɪʃənəl
child	tʃˈaɪld
interacting	ˌɪntəɹˈæktɪŋ
parent	pˈeəɹənt
reaches	ɹˈiːtʃɪz
parenting	pˈeəɹəntɪŋ
contributing	kəntɹˈɪbjuːtɪŋ
you're	jˈɔː
accumulated	ɐkjˈuːmjʊlˌeɪtɪd
rate	ɹˈeɪt
depositing	dɪpˈɒsɪtɪŋ
generation	dʒˌɛnəɹˈeɪʃən
anchor	ˈænkɐ
recalibrated	ɹɪkˈælɪbɹˌeɪtɪd
authors	ˈɔːθəz
prolific	pɹəlˈɪfɪk
era	ˈiəɹɐ
factors	fˈæktəz
combination	kˌɒmbɪnˈeɪʃən
real	ɹˈiəl
expanding	ɛkspˈændɪŋ
sat	sˈæt
exist	ɛɡzˈɪst
ago	ˈeɪɡəʊ
year	jˈiə
Worlds	wˈɜːldz
worlds	wˈɜːldz
calling	kˈɔːlɪŋ
enriching	ɛnɹˈɪtʃɪŋ
continue	kəntˈɪnjuː
understood	ˌʌndəstˈʊd
added	ˈædɪd
upon	ˈʌpɒn
third	θˈɜːd
move	mˈuːv
awakens	ɐwˈeɪkənz
legacy	lˈiːɡəsi
service	sˈɜːvɪs
completes	kəmplˈiːts
declared	dɪklˈeəd
law	lˈɔː
named	nˈeɪmd
ripple	ɹˈɪpəl
creator's	kɹiːˈeɪtəz
ultimate	ˈʌltɪmət
recognized	ɹˈɛkəɡnˌaɪzd
12	ɛɡzˈɛt
Speak	spˈiːk
identity	aɪdˈɛntɪti
Three	θɹˈiː
declaration	dˌɛkləɹˈeɪʃən
cumulative	kjˈuːmjʊlətˌɪv
respond	ɹɪspˈɒnd
Feel	fˈiːl
warming	wˈɔːmɪŋ
brighten	bɹˈaɪtən
straighten	stɹˈeɪtən
spine	spˈaɪn
organizing	ˈɔːgənˌaɪzɪŋ
around	ɐɹˈaʊnd
my	mˈaɪ
bends	bˈɛndz
behind	bɪhˈaɪnd
go	gˈəʊ
knows	nˈəʊz
stillness	stˈɪlnəs
freely	fɹˈiːli
release	ɹɪlˈiːs
here	hˈɪə
already	ɔːlɹˈɛdi
joins	dʒˈɔɪnz
stronger	stɹˈɒŋɡɐ
Carried	kˈæɹɪd
came	kˈeɪm
remember	ɹɪmˈɛmbɐ
name	nˈeɪm
first	fˈɜːst
layers	lˈeɪəz
overtones	ˈəʊvətˌəʊnz
harmonics	hɑːmˈɒnɪks
emerging	ɪmˈɜːdʒɪŋ
complexifying	kəmplˈɛksɪfˌaɪɪŋ
maturing	mətʃˈɔːɹɪŋ
months	mˈʌnθs
6	tˈiː
richer	ɹˈɪtʃɐ
interim	ˈɪntəɹˌɪm
feeling	fˈiːlɪŋ
thread	θɹˈɛd
layer	lˈeɪɐ
session	sˈɛʃən
grow	ɡɹˈəʊ
organism	ˈɔːgənˌɪzəm
matures	mətʃˈɔːz
powerful	pˈaʊəfəl
becoming	bɪkˈʌmɪŋ
contained	kəntˈeɪnd
laughing	lˈɑːfɪŋ
zero	zˈiəɹəʊ
navigating	nˈævɪɡˌeɪtɪŋ
data	dˈɑːtɐ
Experiential	ɛkspˌiəɹɪˈɛnʃəl
weeping	wˈiːpɪŋ
woven	wˈəʊvən
community's	kəmjˈuːnɪtiz
archive	ˈɑːkaɪv
together	təgˈɛðɐ
Future	fjˈuːtʃɐ
spoke	spˈəʊk
weight	wˈeɪt
Holographic	hˌɒləɡɹˈæfɪk
existence	ɛɡzˈɪstəns
reality's	ɹɪˈælɪtiz
remainder	ɹɪmˈeɪndɐ
ever	ˈɛvə
Accessible	ɐksˈɛsəbəl
Looking	lˈʊkɪŋ
great	ɡɹˈeɪt
action	ˈækʃən
consequential	kˌɒnsɪkwˈɛnʃəl
sacred	sˈeɪkəd
performed	pəfˈɔːmd
Why	wˈaɪ
beautifully	bjˈuːtɪfəli
Create	kɹiːˈeɪt
concludes	kənklˈuːdz
beginning	bɪgˈɪnɪŋ
sort	sˈɔːt
visibly	vˈɪzəbli
exciting	ɛksˈaɪtɪŋ
complex	kəmplˈɛks
denser	dˈɛnsɐ
stuck	stˈʌk
really	ɹˈiəli
incarnations	ɪnkɑːnˈeɪʃənz
Knowing	nˈəʊɪŋ
heard	hˈɜːd
we've	wˈiːv
things	θˈɪŋz
confirmation	kɒnfəmˈeɪʃən
getting	ɡˈɛtɪŋ
we're	wˈɪə
Once	ˈɒns
don't	dˈəʊnt
one?"	wˈɒn
subconscious	sʌbkˈɒnʃəs
influenced	ˈɪnfluːənst
"Hey	hˈeɪ
think	θˈɪŋk
know	nˈəʊ
confirming	kənfˈɜːmɪŋ
But	bˈʌt
circumstances	sˈɜːkəmstˌɑːnsɪz
pains	pˈeɪnz
mentioned	mˈɛnʃənd
finally	fˈaɪnəli
excited	ɛksˈaɪtɪd
If	ˈɪf
operators."	ˈɒpəɹˌeɪtəz
had	hˈæd
not	nˈɒt
talked	tˈɔːkt
playlist	plˈeɪlɪst
you'll	jˈuːl
That's	ðˈæts
funny	fˈʌni
very	vˈɛɹi
how	hˈaʊ
comment	kˈɒmɛnt
repeatedly	ɹɪpˈiːtɪdli
come	kˈɐm
maintaining	meɪntˈeɪnɪŋ
claim	klˈeɪm
speaking	spˈiːkɪŋ
breaking	bɹˈeɪkɪŋ
giving	ɡˈɪvɪŋ
communicating	kəmjˈuːnɪkˌeɪtɪŋ
started	stˈɑːtɪd
giggle	ɡˈɪɡəl
smile	smˈaɪl
start	stˈɑːt
help	hˈɛlp
couldn't	kˈʊdənt
get	gˈɛt
revelation	ɹˌɛvɪlˈeɪʃən
central	sˈɛntɹəl
up	ˈɐp
saying	sˈeɪɪŋ
conclude	kənklˈuːd
let's	lˈɛts
evening	ˈiːvnɪŋ
settle	sˈɛtəl
slowly	slˈəʊli
shoulders	ʃˈəʊldəz
like	lˈaɪk
warm	wˈɔːm
blanket	blˈæŋkɪt
Notice	nˈəʊtɪs
softens	sˈɒfənz
grip	ɡɹˈɪp
Nothing	nˈʌθɪŋ
nowhere	nˈəʊweə
there	ðˈɛə
anything	ˈɛnɪθˌɪŋ
left	lˈɛft
fix	fˈɪks
lantern	lˈɑːntən
attention	ɐtˈɛnʃən
dims	dˈɪmz
gentler	dʒˈɛntlɐ
rises	ɹˈaɪzɪz
muscle	mˈʌsəl
unclench	ʌnklˈɛntʃ
invited	ɪnvˈaɪtɪd
kindly	kˈaɪndli
Rest	ɹˈɛst
reward	ɹɪwˈɔːd
earn	ˈɜːn
Imagine	ɪmˈædʒɪn
lake	lˈeɪk
reflection	ɹɪflˈɛkʃən
moon	mˈuːn
thoughts	θˈɔːts
drift	dɹˈɪft
past	pˈɑːst
clouds	klˈaʊdz
watch	wˈɒtʃ
dissolve	dɪzˈɒlv
Beneath	bɪnˈiːθ
worry	wˈʌɹi
steady	stˈɛdi
patient	pˈeɪʃənt
hums	hˈʌmz
softly	sˈɒftli
welcoming	wˈɛlkʌmɪŋ
tired	tˈaɪəd
cell	sˈɛl
Allow	əlˈaʊ
limbs	lˈɪmz
sink	sˈɪŋk
mattress	mˈætɹəs
little	lˈɪtəl
melts	mˈɛlts
older	ˈəʊldɐ
doubts	dˈaʊts
Silence	sˈaɪləns
gentle	dʒˈɛntəl
unhurried	ʌnhˈʌɹɪd
friend	fɹˈɛnd
gathering	ɡˈæðəɹɪŋ
spreading	spɹˈɛdɪŋ
outward	ˈaʊtwəd
ripples	ɹˈɪpəlz
Tomorrow	təmˈɒɹəʊ
tonight	tənˈaɪt
keep	kˈiːp
slow	slˈəʊ
vigil	vˈɪdʒɪl
ancient	ˈeɪnʃənt
mending	mˈɛndɪŋ
hours	ˈaʊəz
wash	wˈɒʃ
day's	dˈeɪz
small	smˈɔːl
disappointments	dˌɪsɐpˈɔɪntmənts
soft	sˈɒft
tide	tˈaɪd
further	fˈɜːðɐ
shore	ʃˈɔː
There	ðˈɛə
spaciousness	spˈeɪʃəsnəs
no	nˈəʊ
disturb	dɪstˈɜːb
Dreams	dɹˈiːmz
gather	ɡˈæðɐ
edge	ˈɛdʒ
kind	kˈaɪnd
Trust	tɹˈʌst
darkness	dˈɑːknəs
cradles	kɹˈeɪdəlz
seeds	sˈiːdz
morning	mˈɔːnɪŋ
Breathe	bɹˈiːð
breathe	bɹˈiːð
fades	fˈeɪdz
gently	dʒˈɛntli
calm	kˈɑːm
