begin	bɪɡˈɪn
us	ˌʌs
let	lˈɛt
So	sˈəʊ
operators	ˈɒpəɹˌeɪtəz
the	ðə
are	ɑː
We	wiː
knowing	nˈəʊɪŋ
deeper	dˈiːpə
through	θɹˈuː
field	fˈiːld
asked	ˈaskt
have	hˈav
you	juː
And	and
practice	pɹˈaktɪs
between	bɪtwˈiːn
moments	mˈəʊmənts
during	djˈʊəɹɪŋ
carry	kˈaɹi
of	ɒv
many	mˈɛni
that	ðˈat
wondering	wˈʌndəɹɪŋ
quiet	kwˈaɪət
at	at
look	lˈʊk
we	wiː
when	wˌɛn
see	sˈiː
do	dˈuː
what	wˌɒt
this	ðˈɪs
answer	ˈansə
to	tuː
want	wˈɒnt
observe	ɒbzˈɜːv
and	and
world	wˈɜːld
your	jɔː
surface	sˈɜːfɪs
toward	təwˈɔːd
perception	pəsˈɛpʃən
operator	ˈɒpəɹˌeɪtə
direct	daɪɹˈɛkt
now	nˈaʊ
right	ɹˈaɪt
planet	plˈanɪt
When	wˌɛn
light	lˈaɪt
consciousnesses	kˈɒnʃəsnəsɪz
incarnated	ɪŋkˈɑːneɪtɪd
among	ɐmˈʌŋ
occurring	əkˈɜːɹɪŋ
is	ɪz
totality	təʊtˈalɪti
body	bˈɒdi
a	ˈeɪ
expressed	ɛkspɹˈɛst
consciousness	kˈɒnʃəsnəs
one	wˌɒn
each	ˈiːtʃ
points	pˈɔɪnts
Billions	bˈɪliənz
space	spˈeɪs
surrounding	səɹˈaʊndɪŋ
into	ˌɪntʊ
heart	hˈɑːt
signature	sˈɪɡnɪtʃə
unique	juːnˈiːk
radiating	ɹˈeɪdɪʲˌeɪtɪŋ
atmosphere	ˈatməsfˌiə
within	wɪðˈɪn
from	fɹɒm
view	vjˈuː
sky	skˈaɪ
night	nˈaɪt
resembles	ɹɪzˈɛmbəlz
process	pɹˈəʊsɛs
can	kˈan
mind	mˈaɪnd
focused	fˈəʊkəst
terms	tˈɜːmz
translated	tɹanslˈeɪtɪd
visual	vˈɪʒuːəl
The	ðə
distinct	dɪstˈɪŋkt
dark	dˈɑːk
across	əkɹˈɒs
scattered	skˈatəd
Luminous	lˈuːmɪnəs
fingerprint	fˈɪŋɡəpɹˌɪnt
as	az
brilliance	bɹˈɪliəns
quality	kwˈɒlɪti
carrying	kˈaɹiʲɪŋ
rhythm	ɹˈɪðəm
own	ˈəʊn
its	ɪts
with	wɪð
pulsing	pˈʌlsɪŋ
brighter	bɹˈaɪtə
substantially	səbstˈanʃəli
subset	sˈʌbsɛt
billions	bˈɪliənz
Among	ɐmˈʌŋ
work	wˈɜːk
doing	dˈuːɪŋ
been	bˌiːn
who	hˈuː
beings	bˈiːʲɪŋz
creators	kɹiːʲˈeɪtəz
conscious	kˈɒnʃəs
These	ðˈiːz
point	pˈɔɪnt
still	stˈɪl
developing	dɪvˈɛləpɪŋ
attending	ɐtˈɛndɪŋ
tuning	tjˈuːnɪŋ
holding	hˈəʊldɪŋ
self	sˈɛlf
boundary	bˈaʊndəɹi
dissolving	dɪsˈɒlvɪŋ
in	ˈɪn
position	pəzˈɪʃən
any	ˌɛni
visible	vˈɪzɪbəl
them	ðˌɛm
makes	mˈeɪks
factor	fˈaktə
by	bˈaɪ
glow	ɡlˈəʊ
ambient	ˈambiənt
exceeds	ɛksˈiːdz
luminosity	lˌuːmɪnˈɒsɪti
Their	ðeə
architecture	ˈɑːkɪtˌɛktʃə
precise	pɹɪsˈaɪs
geometrically	dʒˌiːʲəʊmˈɛtɹɪkli
structured	stɹˈʌktʃəd
organized	ˈɔːɡənˌaɪzd
coherent	kəʊhˈiəɹənt
produce	pɹədjˈuːs
they	ðeɪ
candles	kˈandəlz
full	fˈʊl
stars	stˈɑːz
They	ðeɪ
connected	kənˈɛktɪd
our	ˌaʊə
extraordinary	ɛkstɹˈɔːdɪnəɹi
piece	pˈiːs
This	ðˈɪs
connection	kənˈɛkʃən
luminous	lˈuːmɪnəs
web	wˈɛb
distance	dˈɪstəns
geographical	dʒˌɪʲəɡɹˈafɪkəl
linking	lˈɪŋkɪŋ
bridge	bɹˈɪdʒ
extend	ɛkstˈɛnd
filaments	fˈɪləmənts
frequency	fɹˈiːkwənsi
shared	ʃˈeəd
pulses	pˈʌlsɪz
entire	ɛntˈaɪə
runs	ɹˈʌnz
harmonic	hɑːmˈɒnɪk
simultaneously	sˌɪməltˈeɪniəsli
thousands	θˈaʊzəndz
spoken	spˈəʊkən
individual	ˌɪndɪvˈɪdʒuːəl
reach	ɹˈiːtʃ
beyond	bɪjˈɒnd
far	fˈɑː
extends	ɛkstˈɛndz
effect	ɪfˈɛkt
unified	jˈuːnɪfˌaɪd
producing	pɹədjˈuːsɪŋ
node	nˈəʊd
every	ˈɛvɹɪ
vibration	vaɪbɹˈeɪʃən
single	sˈɪŋɡəl
A	ˈeɪ
alive	ɐlˈaɪv
breathes	bɹˈiːðz
It	ɪt
rest	ɹˈɛst
or	ɔː
integration	ˌɪntɪɡɹˈeɪʃən
period	pˈiəɹɪʲəd
enters	ˈɛntəz
dimmer	dˈɪmə
activates	ˈaktɪvˌeɪts
new	njˈuː
grows	ɡɹˈəʊz
threshold	θɹˈɛʃəʊld
approaching	ɐpɹˈəʊtʃɪŋ
confirm	kənfˈɜːm
models	mˈɒdəlz
pattern	pˈatən
accelerating	ɐksˈɛləɹˌeɪtɪŋ
web's	wˈɛbz
trajectory	tɹədʒˈɛktəɹi
overall	ˌəʊvəɹˈɔːl
transition	tɹansˈɪʃən
phase	fˈeɪz
collective	kəlˈɛktɪv
express	ɛkspɹˈɛs
struggles	stɹˈʌɡəlz
language	lˈaŋɡwɪdʒ
way	wˈeɪ
beautiful	bjˈuːtifəl
on	ˈɒn
for	fɔː
improvements	ɪmpɹˈuːvmənts
structural	stɹˈʌktʃəɹəl
because	bɪkˈɒz
function	fˈʌŋkʃən
itself	ɪtsˈɛlf
mathematical	mˌaθɪmˈatɪkəl
deep	dˈiːp
echoes	ˈɛkəʊz
complexity	kəmplˈɛksɪti
geometric	dʒˌiːʲəʊmˈɛtɹɪk
aesthetics	iːsθˈɛtɪks
connections	kənˈɛkʃənz
their	ðeə
arrangement	ɐɹˈeɪndʒmənt
code	kˈəʊd
foundational	faʊndˈeɪʃənəl
simulation's	sˌɪmjʊlˈeɪʃənz
geometry	dʒiʲˈɒmətɹi
replicating	ɹˈɛplɪkˌeɪtɪŋ
it	ɪt
without	wɪðˈaʊt
built	bˈɪlt
mirrors	mˈɪɹəz
building	bˈɪldɪŋ
recapitulating	ɹɪkɐpˈɪtʃʊlˌeɪtɪŋ
artist	ˈɑːtɪst
beauty	bjˈuːti
implications	ˌɪmplɪkˈeɪʃənz
practical	pɹˈaktɪkəl
has	hˈaz
channels	tʃˈanəlz
functional	fˈʌŋkʃənəl
connecting	kənˈɛktɪŋ
nodes	nˈəʊdz
support	səpˈɔːt
energy	ˈɛnədʒi
creative	kɹiːʲˈeɪtɪv
information	ˌɪnfəmˈeɪʃən
reasserts	ɹˌiːʲɐsˈɜːts
old	ˈəʊld
difficulty	dˈɪfɪkˌʌlti
creator	kɹiːʲˈeɪtə
stalls	stˈɔːlz
flow	flˈəʊ
integrating	ˈɪntɪɡɹˌeɪtɪŋ
network	nˈɛtwɜːk
stabilizing	stˈeɪbɪlˌaɪzɪŋ
requesting	ɹɪkwˈɛstɪŋ
receives	ɹɪsˈiːvz
just	dʒˈʌst
depleted	dɪplˈiːtɪd
temporarily	tˌɛmpəɹˈɛɹɪli
routes	ɹˈuːts
automatically	ˌɔːtəmˈatɪkli
system	sˈɪstəm
living	lˈɪvɪŋ
Because	bɪkˈɒz
encouragement	ɛŋkˈʌɹɪdʒmənt
arrival	ɐɹˈaɪvəl
uncanny	ʌŋkˈani
experienced	ɛkspˈiəɹɪʲənst
Many	mˈɛni
most	mˈəʊst
needed	nˈiːdɪd
moment	mˈəʊmənt
exact	ɛɡzˈakt
steadiness	stˈɛdinəs
emotional	ɪmˈəʊʃənəl
inspiration	ˌɪnspəɹˈeɪʃən
pulse	pˈʌls
responded	ɹɪspˈɒndɪd
depletion	dɪplˈiːʃən
registered	ɹˈɛdʒɪstəd
whose	hˌuːz
Sourced	sˈɔːst
filament	fˈɪləmənt
transmitted	tɹansmˈɪtɪd
output	ˈaʊtpʊt
creators'	kɹiːʲˈeɪtəz
amplifies	ˈamplɪfˌaɪz
also	ˈɔːlsəʊ
access	ˈaksɛs
while	wˈaɪl
whatever	wɒtˈɛvə
active	ˈaktɪv
flows	flˈəʊz
reservoir	ɹˈɛzəvwˌɑː
replenishing	ɹɪplˈɛnɪʃɪŋ
continuously	kəntˈɪnjuːəsli
distributed	dˈɪstɹɪbjˌuːtɪd
vast	vˈast
match	mˈatʃ
cannot	kˈanɒt
creation	kɹiːʲˈeɪʃən
solitary	sˈɒlɪtəɹi
potency	pˈəʊtənsi
carries	kˈaɹiz
produced	pɹədjˈuːst
coherence	kəʊhˈiəɹəns
fed	fˈɛd
being	bˈiːʲɪŋ
density	dˈɛnsɪti
increases	ˈɪŋkɹiːsɪz
amplification	ˌamplɪfɪkˈeɪʃən
transmissions	tɹansmˈɪʃənz
these	ðˈiːz
receiving	ɹɪsˈiːvɪŋ
community	kəmjˈuːnɪti
why	wˈaɪ
feel	fˈiːl
outside	aʊtsˈaɪd
people	pˈiːpəl
principles	pɹˈɪnsɪpəlz
practicing	pɹˈaktɪsɪŋ
feeding	fˈiːdɪŋ
amplifying	ˈamplɪfˌaɪɪŋ
achieve	ɐtʃˈiːv
intensity	ɪntˈɛnsɪti
range	ɹˈeɪndʒ
architect	ˈɑːkɪtˌɛkt
produces	pɹədjˈuːsɪz
result	ɹɪzˈʌlt
lives	lˈaɪvz
happens	hˈapənz
about	ɐbˈaʊt
speak	spˈiːk
Let	lˈɛt
back	bˈak
expands	ɛkspˈandz
band	bˈand
physical	fˈɪzɪkəl
hold	hˈəʊld
releases	ɹɪlˈiːsɪz
exits	ˈɛɡzɪts
awareness	ɐwˈeənəs
wider	wˈaɪdə
scope	skˈəʊp
maximum	mˈaksɪməm
returning	ɹɪtˈɜːnɪŋ
experience	ɛkspˈiəɹɪʲəns
life	lˈaɪf
arc	ˈɑːk
complete	kəmplˈiːt
so	sˈəʊ
opens	ˈəʊpənz
contracted	kəntɹˈaktɪd
recognition	ɹˌɛkəɡnˈɪʃən
panoramic	pˌanəɹˈamɪk
instantaneous	ˌɪnstəntˈeɪniəs
completed	kəmplˈiːtɪd
opportunity	ɒpətjˈuːnɪti
missed	mˈɪst
act	ˈakt
choice	tʃˈɔɪs
Every	ˈɛvɹɪ
context	kˈɒntɛkst
compassion	kəmpˈaʃən
total	tˈəʊtəl
regret	ɹɪɡɹˈɛt
judgment	dʒˈʌdʒmənt
perceived	pəsˈiːvd
All	ˈɔːl
made	mˈeɪd
was	wɒz
perspective	pəspˈɛktɪv
expanded	ɛkspˈandɪd
understands	ˌʌndəstˈandz
decision	dɪsˈɪʒən
returned	ɹɪtˈɜːnd
glimpsed	ɡlˈɪmpst
called	kˈɔːld
which	wˈɪtʃ
review	ɹɪvjˈuː
evaluation	ɪvˌaljuːˈeɪʃən
moral	mˈɒɹəl
than	ðɐn
rather	ɹˈɑːðə
assessment	ɐsˈɛsmənt
an	an
held	hˈɛld
frequencies	fɹˈiːkwənsiz
created	kɹiːʲˈeɪtɪd
evaluates	ɪvˈaljuːˌeɪts
ones	wˌɒnz
accessed	ˈaksɛst
codes	kˈəʊdz
holographic	hˌɒləɡɹˈafɪk
releasing	ɹɪlˈiːsɪŋ
carried	kˈaɹid
charges	tʃˈɑːdʒɪz
inherited	ɪnhˈɛɹɪtɪd
memory	mˈɛməɹi
deposited	dɪpˈɒzɪtɪd
content	kˈɒntɛnt
Akashic	akˈaʃɪk
generated	dʒˈɛnəɹˌeɪtɪd
entirely	ɛntˈaɪəli
detailed	dˈiːteɪld
performance	pəfˈɔːməns
assesses	ɐsˈɛsɪz
After	ˈaftə
cycle	sˈaɪkəl
nightly	nˈaɪtli
sleep	slˈiːp
analogous	ɐnˈaləɡəs
state	stˈeɪt
day	dˈeɪ
incarnation	ɪŋkɑːnˈeɪʃən
scale	skˈeɪl
operating	ˈɒpəɹˌeɪtɪŋ
but	bˌʌt
rests	ɹˈɛsts
novel	nˈɒvəl
material	mətˈiəɹiʲəl
processing	pɹˈəʊsɛsɪŋ
journey	dʒˈɜːni
remembering	ɹɪmˈɛmbəɹɪŋ
forgetting	fəɡˈɛtɪŋ
absorbing	ɐbsˈɔːbɪŋ
generate	dʒˈɛnəɹˌeɪt
forgot	fəɡˈɒt
never	nˈɛvə
texture	tˈɛkstʃə
described	dɪskɹˈaɪbd
depth	dˈɛpθ
where	wˈeə
permanent	pˈɜːmənənt
consciousness's	kˈɒnʃəsnəsɪz
integrated	ˈɪntɪɡɹˌeɪtɪd
fully	fˈʊli
determined	dɪtˈɜːmɪnd
readiness	ɹˈɛdinəs
again	ɐɡˈɛn
incarnate	ɪŋkˈɑːneɪt
ready	ɹˈɛdi
history	hˈɪstəɹi
library	lˈaɪbɹəɹi
approaches	ɐpɹˈəʊtʃɪz
imposed	ɪmpˈəʊzd
master	mˈastə
next	nˈɛkst
designing	dɪzˈaɪnɪŋ
intentionality	ɪntˌɛnʃənˈalɪti
precision	pɹɪsˈɪʒən
configuration	kənfˌɪɡjəɹˈeɪʃən
selects	sɪlˈɛkts
opportunities	ɒpətjˈuːnɪtiz
challenges	tʃˈalɪndʒɪz
specific	spəsˈɪfɪk
historical	hɪstˈɒɹɪkəl
location	ləʊkˈeɪʃən
family	fˈamɪli
authority	ɐθˈɒɹɪti
deliberate	dɪlˈɪbəɹət
same	sˈeɪm
realities	ɹɪʲˈalɪtiz
selected	sɪlˈɛktɪd
chosen	tʃˈəʊzən
manifestation	mˌanɪfɪstˈeɪʃən
selecting	sɪlˈɛktɪŋ
brings	bɹˈɪŋz
designed	dɪzˈaɪnd
You	juː
relationships	ɹɪlˈeɪʃənʃˌɪps
inhabiting	ɪnhˈabɪtɪŋ
currently	kˈʌɹəntli
capacities	kəpˈasɪtiz
face	fˈeɪs
began	bɪɡˈan
before	bɪfˈɔː
practices	pɹˈaktɪsɪz
learning	lˈɜːnɪŋ
selection	sɪlˈɛkʃən
arrives	ɐɹˈaɪvz
calibrated	kˈalɪbɹˌeɪtɪd
precisely	pɹɪsˈaɪsli
provides	pɹəvˈaɪdz
direction	daɪɹˈɛkʃən
design	dɪzˈaɪn
original	əɹˈɪdʒɪnəl
based	bˈeɪst
guidance	ɡˈaɪdəns
offering	ˈɒfəɹɪŋ
drew	dɹˈuː
blueprints	blˈuːpɹɪnts
reviewing	ɹɪvjˈuːɪŋ
transformative	tɹansfˈɔːmətˌɪv
immediate	ɪmˈiːdɪʲət
understanding	ˌʌndəstˈandɪŋ
value	vˈaljuː
configurations	kənfˌɪɡjəɹˈeɪʃənz
particular	pətˈɪkjʊlə
obstacles	ˈɒbstəkəlz
encounter	ɛŋkˈaʊntə
resistance	ɹɪsˈɪstəns
nature	nˈeɪtʃə
would	wˈʊd
those	ðˈəʊz
exactly	ɛɡzˈaktli
knew	njˈuː
all	ˈɔːl
add	ˈad
develop	dɪvˈɛləp
bugs	bˈʌɡz
features	fˈiːtʃəz
part	pˈɑːt
grace	ɡɹˈeɪs
navigate	nˈavɪɡˌeɪt
required	ɹɪkwˈaɪəd
participated	pɑːtˈɪsɪpˌeɪtɪd
lacking	lˈakɪŋ
level	lˈɛvəl
fundamental	fˌʌndəmˈɛntəl
relationship	ɹɪlˈeɪʃənʃˌɪp
reframes	ɹɪfɹˈeɪmz
chose	tʃˈəʊz
I	ˈaɪ
me	mˈiː
happening	hˈapənɪŋ
shifts	ʃˈɪfts
question	kwˈɛstʃən
generating	dʒˈɛnəɹˌeɪtɪŋ
challenge	tʃˈalɪndʒ
embedded	ɛmbˈɛdɪd
purpose	pˈɜːpəs
sense	sˈɛns
felt	fˈɛlt
intended	ɪntˈɛndɪd
medium	mˈiːdiəm
becomes	bɪkˈʌmz
obstacle	ˈɒbstəkəl
stops	stˈɒps
collaborator	kəlˈabɔːɹˌeɪtə
enemy	ˈɛnəmi
progress	pɹˈəʊɡɹɛs
masterwork	mˈastəwˌɜːk
reveals	ɹɪvˈiːlz
lens	lˈɛnz
focus	fˈəʊkəs
executed	ˈɛksɪkjˌuːtɪd
vision	vˈɪʒən
Designed	dɪzˈaɪnd
open	ˈəʊpən
With	wɪð
consulted	kənsˈʌltɪd
Whenever	wɛnˈɛvə
death	dˈɛθ
transforms	tɹansfˈɔːmz
incarnational	ɪŋkɑːnˈeɪʃənəl
folding	fˈəʊldɪŋ
re	ɹˌiː
simply	sˈɪmpli
simulation	sˌɪmjʊlˈeɪʃən
Which	wˈɪtʃ
returns	ɹɪtˈɜːnz
folds	fˈəʊldz
structure	stɹˈʌktʃə
enriched	ɛnɹˈɪtʃt
potential	pətˈɛnʃəl
flight	flˈaɪt
resting	ɹˈɛstɪŋ
eventually	ɪvˈɛntʃuːəli
integrates	ˈɪntɪɡɹˌeɪts
Evaluates	ɪvˈaljuːˌeɪts
breath	bɹˈɛθ
exhale	ɛkshˈeɪl
Death	dˈɛθ
continues	kəntˈɪnjuːz
follows	fˈɒləʊz
inhale	ɪnhˈeɪl
observer	ɒbzˈɜːvə
persists	pəsˈɪsts
touching	tˈʌtʃɪŋ
Through	θɹˈuː
It's	ɪts
inside	ɪnsˈaɪd
While	wˈaɪl
existed	ɛɡzˈɪstɪd
always	ˈɔːlweɪz
yourself	jɔːsˈɛlf
connects	kənˈɛkts
drawn	dɹˈɔːn
gives	ɡˈɪvz
embodied	ɛmbˈɒdid
accessing	ˈaksɛsɪŋ
That	ðˈat
change	tʃˈeɪndʒ
will	wˈɪl
does	dˈʌz
actually	ˈaktʃuːəli
laughter	lˈaftə
humor	hjˈuːmə
relate	ɹɪlˈeɪt
unexpected	ˌʌnɛkspˈɛktɪd
power	pˈaʊə
Joy	dʒˈɔɪ
event	ɪvˈɛnt
disruption	dɪsɹˈʌpʃən
Laughter	lˈaftə
delightful	dɪlˈaɪtfəl
something	sˈʌmθɪŋ
response	ɹɪspˈɒns
whole	hˈəʊl
involuntary	ɪnvˈɒləntəɹi
spontaneous	spɒntˈeɪniəs
occurs	əkˈɜːz
genuine	dʒˈɛnjuːɪn
responses	ɹɪspˈɒnsɪz
human	hjˈuːmən
reorganization	ɹɪʲˌɔːɡɐnaɪzˈeɪʃən
momentary	mˈəʊməntəɹi
undergoes	ˌʌndəɡˈəʊz
electromagnetic	ɪlˌɛktɹəʊmɐɡnˈɛtɪk
body's	bˈɒdiz
spikes	spˈaɪks
patterns	pˈatənz
habitual	hɐbˈɪtʃuːəl
nervous	nˈɜːvəs
maintains	meɪntˈeɪnz
structures	stɹˈʌktʃəz
tension	tˈɛnʃən
loose	lˈuːs
shake	ʃˈeɪk
physically	fˈɪzɪkli
contractions	kəntɹˈakʃənz
muscular	mˈʌskjʊlə
measurably	mˈɛʒəɹəbli
briefly	bɹˈiːfli
jumps	dʒˈʌmps
bliss	blˈɪs
sustained	səstˈeɪnd
except	ɛksˈɛpt
other	ˈʌðə
paradise	pˈaɹədˌaɪs
closer	klˈəʊsə
bandwidth	bˈandwɪdθ
key	kˈiː
interrupts	ˈɪntəɹˌʌpts
after	ˈaftə
recycle	ɹɪsˈaɪkəl
reactions	ɹɪʲˈakʃənz
conditioned	kəndˈɪʃənd
narratives	nˈaɹətˌɪvz
rehearsed	ɹɪhˈɜːst
Repetitive	ɹɪpˈɛtɪtˌɪv
breaks	bɹˈeɪks
anticipate	antˈɪsɪpˌeɪt
stimulus	stˈɪmjʊləs
enter	ˈɛntə
broken	bɹˈəʊkən
gap	ɡˈap
time	tˈaɪm
almost	ˈɔːlməʊst
following	fˈɒləʊɪŋ
immediately	ɪmˈiːdɪʲətli
clearly	klˈiəli
more	mˈɔː
speaks	spˈiːks
silenced	sˈaɪlənst
out	ˈaʊt
drowns	dɹˈaʊnz
usually	jˈuːʒuːəli
noise	nˈɔɪz
funniest	fˈʌnɪʲɪst
wisest	wˈaɪsɪst
skill	skˈɪl
perceptual	pəsˈɛptʃuːəl
expressions	ɛkspɹˈɛʃənz
capacity	kəpˈasɪti
be	bˈiː
appears	ɐpˈiəz
ability	ɐbˈɪləti
comedy	kˈɒmədi
expresses	ɛkspɹˈɛsɪz
perceives	pəsˈiːvz
Humor	hjˈuːmə
insight	ˈɪnsaɪt
Wisdom	wˈɪzdəm
identical	aɪdˈɛntɪkəl
perceiving	pəsˈiːvɪŋ
absurdity	ɐbsˈɜːdɪti
laugh	lˈaf
both	bˈəʊθ
developed	dɪvˈɛləpt
differs	dˈɪfəz
expression	ɛkspɹˈɛʃən
seeker	sˈiːkə
humorless	hjˈuːmələs
earnest	ˈɜːnɪst
beneath	bɪnˈiːθ
Laugh	lˈaf
say	sˈeɪ
forget	fəɡˈɛt
pretending	pɹɪtˈɛndɪŋ
God	ɡˈɒd
lost	lˈɒst
got	ɡˈɒt
then	ðˈɛn
reality	ɹɪʲˈalɪti
cosmic	kˈɒzmɪk
comprehend	kˌɒmpɹɪhˈɛnd
operates	ˈɒpəɹˌeɪts
over	ˈəʊvə
control	kəntɹˈəʊl
maintain	meɪntˈeɪn
attempts	ɐtˈɛmpts
desperate	dˈɛspəɹət
mind's	mˈaɪndz
practitioner	pɹaktˈɪʃənə
serious	sˈiəɹiʲəs
ease	ˈiːz
sudden	sˈʌdən
clarity	klˈaɹɪti
walks	wˈɔːks
door	dˈɔː
foreign	fˈɒɹən
find	fˈaɪnd
may	mˈeɪ
wake	wˈeɪk
emerges	ɪmˈɜːdʒɪz
There's	ðˈeəz
lacks	lˈaks
consistently	kənsˈɪstəntli
effort	ˈɛfət
disciplined	dˈɪsɪplˌɪnd
freedom	fɹˈiːdəm
playfulness	plˈeɪfəlnəs
buoyancy	bˈɔɪənsi
lightness	lˈaɪtnəs
superficial	sˈuːpəfˈɪʃəl
channel	tʃˈanəl
cleared	klˈiəd
surprise	səpɹˈaɪz
novelty	nˈɒvəlti
thought	θˈɔːt
recycled	ɹɪsˈaɪkəld
Rather	ɹˈɑːðə
productive	pɹədˈʌktɪv
frequently	fɹˈiːkwəntli
playful	plˈeɪfəl
permit	pˈɜːmɪt
controlled	kəntɹˈəʊld
unfiltered	ʌnfˈɪltəd
rushed	ɹˈʌʃt
naming	nˈeɪmɪŋ
worth	wˈɜːθ
creates	kɹiːʲˈeɪts
am	am
directly	daɪɹˈɛktli
lands	lˈandz
amusement	ɐmjˈuːzmənt
joy	dʒˈɔɪ
spiking	spˈaɪkɪŋ
solemnity	sɒlˈɛmnɪti
word	wˈɜːd
Then	ðˈɛn
mode	mˈəʊd
analogs	ˈanəlˌɒɡz
closest	klˈəʊsɪst
recognizes	ɹˈɛkəɡnˌaɪzɪz
play	plˈeɪ
adds	ˈadz
misses	mˈɪsɪz
spiritual	spˈɪɹɪtʃˌuːəl
delight	dɪlˈaɪt
coexists	kˌəʊɛɡzˈɪsts
significance	sɪɡnˈɪfɪkəns
designers	dɪzˈaɪnəz
phrases	fɹˈeɪzɪz
set	sˈɛt
music	mjˈuːzɪk
share	ʃˈeə
sufficient	səfˈɪʃənt
addressed	ɐdɹˈɛst
deepest	dˈiːpɪst
exists	ɛɡzˈɪsts
analog	ˈanəlˌɒɡ
Music	mjˈuːzɪk
matter	mˈatə
waves	wˈeɪvz
standing	stˈandɪŋ
raw	ɹˈɔː
took	tˈʊk
shaped	ʃˈeɪpt
construction	kənstɹˈʌkʃən
composition	kˌɒmpəzˈɪʃən
resembled	ɹɪzˈɛmbəld
cycles	sˈaɪkəlz
rhythmic	ɹˈɪðmɪk
dimensional	daɪmˈɛnʃənəl
bands	bˈandz
symphony	sˈɪmfəni
writing	ɹˈaɪtɪŋ
were	wɜː
staggering	stˈaɡəɹɪŋ
themes	θˈiːmz
interaction	ˌɪntəɹˈakʃən
govern	ɡˈʌvən
laws	lˈɔːz
particles	pˈɑːtɪkəlz
forces	fˈɔːsɪz
elements	ˈɛlɪmənts
theory	θˈiəɹi
according	ɐkˈɔːdɪŋ
relating	ɹɪlˈeɪtɪŋ
Each	ˈiːtʃ
model	mˈɒdəl
mathematics	mˌaθɪmˈatɪks
current	kˈʌɹənt
dimensions	daɪmˈɛnʃənz
extended	ɛkstˈɛndɪd
melody	mˈɛlədi
organizes	ˈɔːɡənˌaɪzɪz
sound	sˈaʊnd
takes	tˈeɪks
musician	mjuːzˈɪʃən
inhabit	ɪnhˈabɪt
version	vˈɜːʃən
miniature	mˈɪnɪtʃə
performing	pəfˈɔːmɪŋ
harmony	hˈɑːməni
follow	fˈɒləʊ
operator's	ˈɒpəɹˌeɪtəz
musician's	mjuːzˈɪʃənz
predictability	pɹɪdˌɪktəbˈɪlɪti
interplay	ˌɪntəplˈeɪ
variation	vˌeəɹɪʲˈeɪʃən
repetition	ɹˌɛpətˈɪʃən
resolution	ɹˌɛzəlˈuːʃən
return	ɹɪtˈɜːn
enrichment	ɛnɹˈɪtʃmənt
transformed	tɹansfˈɔːmd
stated	stˈeɪtɪd
theme	θˈiːm
statement	stˈeɪtmənt
deeply	dˈiːpli
moves	mˈuːvz
reason	ɹˈiːzən
fabric	fˈabɹɪk
quantum	kwˈɒntəm
responds	ɹɪspˈɒndz
musical	mjˈuːzɪkəl
true	tɹˈuː
resonance	ɹˈɛzənəns
voice	vˈɔɪs
creating	kɹiːʲˈeɪtɪŋ
actively	ˈaktɪvli
Playing	plˈeɪɪŋ
available	ɐvˈeɪləbəl
co	kˈəʊ
forms	fˈɔːmz
instrument	ˈɪnstɹəmənt
transmission	tɹansmˈɪʃən
previous	pɹˈiːviəs
reception	ɹɪsˈɛpʃən
channeling	tʃˈanəlɪŋ
aesthetic	iːsθˈɛtɪk
results	ɹɪzˈʌlts
ratios	ɹˈeɪʃɪʲˌəʊz
receive	ɹɪsˈiːv
Listeners	lˈɪsənəz
bypasses	bˈaɪpasɪz
truth	tɹˈuːθ
bones	bˈəʊnz
skin	skˈɪn
biophotonic	bˌaɪəʊfəʊtˈɒnɪk
awakening	ɐwˈeɪkənɪŋ
indistinguishable	ˌɪndɪstˈɪŋɡwɪʃəbəl
experiences	ɛkspˈiəɹɪʲənsɪz
pieces	pˈiːsɪz
certain	sˈɜːtən
communication	kəmjˌuːnɪkˈeɪʃən
transmitting	tɹansmˈɪtɪŋ
recognizing	ɹˈɛkəɡnˌaɪzɪŋ
loving	lˈʌvɪŋ
presence	pɹˈɛzəns
overwhelming	ˌəʊvəwˈɛlmɪŋ
opening	ˈəʊpənɪŋ
tears	tˈiəz
warmth	wˈɔːmθ
perfectly	pˈɜːfɛktlˌɪ
remembers	ɹɪmˈɛmbəz
her	hɜː
love	lˈʌv
Presence	pɹˈɛzəns
today	tədˈeɪ
everything	ˈɛvɹɪθˌɪŋ
Now	nˈaʊ
transform	tɹansfˈɔːm
permanently	pˈɜːmənəntli
believe	bɪlˈiːv
write	ɹˈaɪt
words	wˈɜːdz
art	ˈɑːt
Your	jɔː
shape	ʃˈeɪp
build	bˈɪld
businesses	bˈɪznəsɪz
compose	kəmpˈəʊz
conversations	kɒnvəsˈeɪʃənz
dense	dˈɛns
permanence	pˈɜːmənəns
stored	stˈɔːd
imagination	ɪmˌadʒɪnˈeɪʃən
perceive	pəsˈiːv
future	fjˈuːtʃə
allows	ɐlˈaʊz
mechanism	mˈɛkənˌɪzəm
alignment	ɐlˈaɪnmənt
desire	dɪzˈaɪə
poet	pˈəʊɪt
containing	kəntˈeɪnɪŋ
written	ɹˈɪtən
poem	pˈəʊɪm
accessible	aksˈɛsəbəl
preserved	pɹɪzˈɜːvd
composed	kəmpˈəʊzd
song	sˈɒŋ
composition's	kˌɒmpəzˈɪʃənz
matches	mˈatʃɪz
deposits	dɪpˈɒzɪts
two	tˈuː
conversation	kɒnvəsˈeɪʃən
occurred	əkˈɜːd
absent	ˈabsənt
possibilities	pˌɒsəbˈɪlɪtiz
enriches	ɛnɹˈɪtʃɪz
adding	ˈadɪŋ
possible	pˈɒsɪbəl
collection	kəlˈɛkʃən
volume	vˈɒljuːm
contributes	kəntɹˈɪbjuːts
growing	ɡɹˈəʊɪŋ
select	sɪlˈɛkt
repository	ɹɪpˈɒzɪtəɹi
earlier	ˈɜːlɪʲə
such	sˈʌtʃ
preserves	pɹɪzˈɜːvz
significant	sɪɡnˈɪfɪkənt
create	kɹiːʲˈeɪt
environment	ɛnvˈaɪɹənmənt
photonic	fəʊtˈɒnɪk
moving	mˈuːvɪŋ
resonating	ɹˈɛzənˌeɪtɪŋ
addition	ɐdˈɪʃən
What	wˌɒt
My	mˈaɪ
years	jˈiəz
thousand	θˈaʊzənd
manifest	mˈanɪfˌɛst
contribution	kˌɒntɹɪbjˈuːʃən
civilizational	sˌɪvɪlaɪzˈeɪʃənəl
personal	pˈɜːsənəl
elevates	ˈɛlɪvˌeɪts
deposit	dɪpˈɒzɪt
entry	ˈɛntɹi
journal	dʒˈɜːnəl
entrepreneur	ˌɒntɹɪpɹənjˈʊə
template	tˈɛmpleɪt
interchange	ˌɪntətʃˈeɪndʒ
balanced	bˈalənst
business	bˈɪznəs
making	mˈeɪkɪŋ
awakened	ɐwˈeɪkənd
alongside	ɐlˈɒŋsaɪd
knowledge	nˈɒlɪdʒ
holds	hˈəʊldz
teacher	tˈiːtʃə
could	kˈʊd
alone	ɐlˈəʊn
record	ɹˈɛkɔːd
relational	ɹɪlˈeɪʃənəl
child	tʃˈaɪld
interacting	ˌɪntəɹˈaktɪŋ
parent	pˈeəɹənt
reaches	ɹˈiːtʃɪz
parenting	pˈeəɹəntɪŋ
contributing	kəntɹˈɪbjuːtɪŋ
you're	jɔː
accumulated	ɐkjˈuːmjʊlˌeɪtɪd
rate	ɹˈeɪt
depositing	dɪpˈɒzɪtɪŋ
generation	dʒˌɛnəɹˈeɪʃən
anchor	ˈaŋkə
recalibrated	ɹɪkˈalɪbɹˌeɪtɪd
authors	ˈɔːθəz
prolific	pɹəlˈɪfɪk
era	ˈiəɹə
factors	fˈaktəz
combination	kˌɒmbɪnˈeɪʃən
real	ɹˈiəl
expanding	ɛkspˈandɪŋ
sat	sˈat
exist	ɛɡzˈɪst
ago	ɐɡˈəʊ
year	jˈiə
Worlds	wˈɜːldz
worlds	wˈɜːldz
calling	kˈɔːlɪŋ
enriching	ɛnɹˈɪtʃɪŋ
continue	kəntˈɪnjuː
understood	ˌʌndəstˈʊd
added	ˈadɪd
upon	əpˌɒn
third	θˈɜːd
move	mˈuːv
awakens	ɐwˈeɪkənz
legacy	lˈɛɡəsi
service	sˈɜːvɪs
completes	kəmplˈiːts
declared	dɪklˈeəd
law	lˈɔː
named	nˈeɪmd
ripple	ɹˈɪpəl
creator's	kɹiːʲˈeɪtəz
ultimate	ˈʌltɪmət
recognized	ɹˈɛkəɡnˌaɪzd
12	twˈɛlv
Speak	spˈiːk
identity	aɪdˈɛntɪti
Three	θɹˈiː
declaration	dˌɛkləɹˈeɪʃən
cumulative	kjˈuːmjʊlətˌɪv
respond	ɹɪspˈɒnd
Feel	fˈiːl
warming	wˈɔːmɪŋ
brighten	bɹˈaɪtən
straighten	stɹˈeɪtən
spine	spˈaɪn
organizing	ˈɔːɡənˌaɪzɪŋ
around	ɐɹˈaʊnd
my	mˈaɪ
bends	bˈɛndz
behind	bɪhˈaɪnd
go	ɡˈəʊ
knows	nˈəʊz
stillness	stˈɪlnəs
freely	fɹˈiːli
release	ɹɪlˈiːs
here	hˈiə
already	ɔːlɹˈɛdi
joins	dʒˈɔɪnz
stronger	stɹˈɒŋɡə
Carried	kˈaɹid
came	kˈeɪm
remember	ɹɪmˈɛmbə
name	nˈeɪm
first	fˈɜːst
layers	lˈeɪəz
overtones	ˈəʊvətˌəʊnz
harmonics	hɑːmˈɒnɪks
emerging	ɪmˈɜːdʒɪŋ
complexifying	kəmplˈɛksɪfˌaɪɪŋ
maturing	mətʃˈʊəɹɪŋ
months	mˈʌnθs
6	sˈɪks
richer	ɹˈɪtʃə
interim	ˈɪntəɹˌɪm
feeling	fˈiːlɪŋ
thread	θɹˈɛd
layer	lˈeɪə
session	sˈɛʃən
grow	ɡɹˈəʊ
organism	ˈɔːɡənˌɪzəm
matures	mətʃˈʊəz
powerful	pˈaʊəfəl
becoming	bɪkˈʌmɪŋ
contained	kəntˈeɪnd
laughing	lˈafɪŋ
zero	zˈiəɹəʊ
navigating	nˈavɪɡˌeɪtɪŋ
data	dˈeɪtə
Experiential	ɛkspˌiəɹɪʲˈɛnʃəl
weeping	wˈiːpɪŋ
woven	wˈəʊvən
community's	kəmjˈuːnɪtiz
archive	ˈɑːkaɪv
together	təɡˈɛðə
Future	fjˈuːtʃə
spoke	spˈəʊk
weight	wˈeɪt
Holographic	hˌɒləɡɹˈafɪk
existence	ɛɡzˈɪstəns
reality's	ɹɪʲˈalɪtiz
remainder	ɹɪmˈeɪndə
ever	ˈɛvə
Accessible	aksˈɛsəbəl
Looking	lˈʊkɪŋ
great	ɡɹˈeɪt
action	ˈakʃən
consequential	kˌɒnsɪkwˈɛnʃəl
sacred	sˈeɪkɹɪd
performed	pəfˈɔːmd
Why	wˈaɪ
beautifully	bjˈuːtɪfəli
Create	kɹiːʲˈeɪt
concludes	kəŋklˈuːdz
beginning	bɪɡˈɪnɪŋ
sort	sˈɔːt
visibly	vˈɪzɪbli
exciting	ɛksˈaɪtɪŋ
complex	kˈɒmplɛks
denser	dˈɛnsə
stuck	stˈʌk
really	ɹˈiəlɪ
incarnations	ɪŋkɑːnˈeɪʃənz
Knowing	nˈəʊɪŋ
heard	hˈɜːd
we've	wiːv
things	θˈɪŋz
confirmation	kɒnfəmˈeɪʃən
getting	ɡˈɛtɪŋ
we're	wiə
Once	wˈʌns
don't	dˈəʊnt
one?"	wˌɒn?
subconscious	sʌbkˈɒnʃəs
influenced	ˈɪnfluːənst
"Hey	hˈeɪ
think	θˈɪŋk
know	nˈəʊ
confirming	kənfˈɜːmɪŋ
But	bˌʌt
circumstances	sˈɜːkəmstˌansɪz
pains	pˈeɪnz
mentioned	mˈɛnʃənd
finally	fˈaɪnəli
excited	ɛksˈaɪtɪd
If	ɪf
operators."	ˈɒpəɹˌeɪtəz.
had	hˌad
not	nˈɒt
talked	tˈɔːkt
playlist	plˈeɪlɪst
you'll	juːl
That's	ðˈats
funny	fˈʌni
very	vˈɛɹi
how	hˈaʊ
comment	kˈɒmɛnt
repeatedly	ɹɪpˈiːtɪdli
come	kˈʌm
maintaining	meɪntˈeɪnɪŋ
claim	klˈeɪm
speaking	spˈiːkɪŋ
breaking	bɹˈeɪkɪŋ
giving	ɡˈɪvɪŋ
communicating	kəmjˈuːnɪkˌeɪtɪŋ
started	stˈɑːtɪd
giggle	ɡˈɪɡəl
smile	smˈaɪl
start	stˈɑːt
help	hˈɛlp
couldn't	kˈʊdənt
get	ɡˈɛt
revelation	ɹˌɛvɪlˈeɪʃən
central	sˈɛntɹəl
up	ˈʌp
saying	sˈeɪɪŋ
conclude	kəŋklˈuːd
let's	lˈɛts
