k	*	*	991	361	k
o	*	*	375	351	ˌo
m	*	*	934	273	m
e	*	*	481	541	e
s	*	*	972	807	s
a	*	*	427	643	ˈa
ʁ	*	*	667	318	ɾ
$	*	*	993	1324	
v	*	*	993	154	v
ɐ	*	*	618	639	ɐ
u	*	*	671	537	ʊ
ẽ	*	*	457	224	ˈe̃n
t	*	*	952	542	t
̃	*	*	924	383	̃
w	*	*	848	256	ʊ
p	*	*	959	269	p
ɾ	*	*	997	397	ɾ
d	*	*	888	455	d
i	*	*	311	793	i
n	*	*	949	178	n
ɔ	*	*	892	64	ˈɔ
j	*	*	530	212	ɪ
f	*	*	990	110	f
ũ	*	*	342	34	ˈu̃n
ɲ	*	*	533	14	ɲ
ɛ	*	*	728	102	ˈɛ
ɡ	*	*	987	80	ɡ
͡	*	*	995	226	
ʃ	*	*	962	157	ʃ
ĩ	*	*	355	75	ˌi̃n
ʎ	*	*	956	22	ʎ
õ	*	*	407	107	ˌo̃n
l	*	*	994	197	l
ʒ	*	*	967	152	ʒ
b	*	*	907	107	b
z	*	*	984	130	z
ɻ	*	*	750	3	ɾ
ɹ	*	*	800	4	ɾ
e	m	*	454	21	ˈe
ẽ	^	*	600	19	ˌe̃n
e	p	*	470	50	ˌe
o	d	*	761	20	ˈo
i	ɾ	*	253	82	ɪ
u	^	*	333	8	ˌu
o	s	*	380	20	ˈo
j	ɔ	*	833	5	
ũ	f	*	400	9	ˌu̃n
ɲ	o	*	833	5	̃ɲ
a	^	*	741	115	ˌa
j	ɛ	*	750	3	
p	̃	*	833	5	mp
o	v	*	666	11	o
e	^	*	770	47	ˌe
i	ʃ	*	503	134	ɪ
a	k	*	384	51	a
e	d	*	547	52	ˌe
ũ	m	*	428	6	ˈu̃
̃	j	*	562	47	m
t	̃	*	846	25	nt
ɛ	k	*	400	4	ˈɪ
w	k	*	875	15	w
e	i	*	250	3	ʲˌe
ɐ	s	*	759	82	ˈɐ
ɛ	i	*	666	2	ʲˈɛ
a	p	*	428	34	a
ɐ	ʎ	*	625	7	ˈɐ
ɐ	w	*	833	5	ˈɐ
d	̃	*	980	50	nd
i	^	*	623	76	ˌe
ʁ	^	*	821	83	xˌ
õ	p	*	545	10	ˈo̃n
o	t	*	470	33	ˈo
i	ʒ	*	390	104	ɪ
ẽ	i	*	416	11	ʲˈe̃n
j	s	*	836	48	j
i	ʁ	*	500	17	ˈi
ũ	^	*	500	5	ˈu̃m
õ	ʎ	*	750	3	ˈo̃
s	̃	*	472	35	ns
a	ʁ	*	800	4	a
j	ʒ	*	250	3	i
i	v	*	333	29	ˌi
ẽ	l	*	333	8	ˈe
b	ẽ	*	800	4	̃mb
i	ɡ	*	400	9	
o	f	*	363	21	o
ĩ	ʃ	*	400	4	ˈi̃n
o	p	*	472	35	o
j	ɾ	*	833	17	j
w	u	*	900	9	w
a	j	*	625	7	ʲˈa
a	i	*	423	25	ʲa
ẽ	t	*	484	32	e̃n
ɐ	i	*	866	29	ʲɐ
ɐ	^	*	500	17	ˌɐ
b	̃	*	833	5	mb
o	e	*	857	6	o
a	z	*	500	15	a
e	ʃ	*	400	4	ˌe
a	l	*	437	31	a
j	n	*	666	5	e
ĩ	l	*	250	3	ˌi̃ŋ
w	ɡ	*	666	2	w
õ	s	*	833	11	ˈo̃
ʒ	̃	*	333	2	nʒ
i	u	*	909	10	ˈi
ĩ	u	*	666	2	ˈi̃n
o	j	*	692	25	o
a	e	*	800	9	a
o	ɡ	*	333	5	o
p	ẽ	*	833	5	̃mp
a	ʒ	*	333	2	ɐ
ĩ	v	*	666	2	ˈi̃n
ẽ	b	*	400	4	ˈe
u	b	*	545	10	u
ĩ	ɾ	*	500	3	ˌi̃ŋ
ẽ	ɡ	*	666	2	e
ɔ	s	*	500	3	ˈo
ɐ	b	*	500	3	ˈɐ
w	ɔ	*	500	3	w
i	a	*	833	5	ˈi
ɐ	ʃ	*	400	4	ˌɐ
ẽ	p	*	500	3	ˌe̃n
ũ	l	*	500	3	u̃m
o	ʃ	*	333	2	ˈo
o	l	*	545	10	o
o	i	*	500	5	ʲˈo
õ	^	*	666	2	ˈo̃n
ũ	n	*	333	2	ˈu̃ŋ
u	i	*	800	4	ʲʊ
ɐ	f	*	333	2	ˌɐ
i	ʎ	*	500	3	ˈi
ʁ	ẽ	*	833	5	x
ĩ	f	*	333	2	ˈi̃m
u	ʁ	*	666	2	u
j	b	*	666	2	j
ĩ	ʒ	*	750	3	ˈi̃n
ẽ	j	*	333	2	̃n
u	f	*	666	5	ˌu
ɐ	*	m	457	34	ˈɐ
ɐ	*	̃	663	222	ˈɐ
o	*	ɾ	366	29	o
i	*	s	335	136	ˌe
o	*	ɲ	666	5	o
ɲ	*	e	800	4	̃ɲ
a	*	t	444	44	ˌa
e	*	ʁ	396	62	ˌe
e	*	j	738	41	ˈe
e	*	$	600	4	ˈe
a	*	s	644	75	a
i	*	$	920	150	ɪ
ʁ	*	e	835	78	xˌ
ũ	*	j	750	3	ˈu̃
ĩ	*	k	764	16	ˌe̃ŋ
i	*	ɛ	666	2	ˌi
o	*	ʎ	333	5	o
w	*	ɐ	833	5	w
e	*	m	500	15	ˈe
o	*	$	750	3	ˈo
õ	*	d	444	8	ˈo̃n
a	*	l	525	39	a
i	*	d	530	65	ˈi
e	*	w	500	19	ˈe
u	*	p	500	3	ˌu
ɛ	*	p	666	2	e
a	*	ɡ	428	6	ˌa
u	*	j	750	7	ˈu
j	*	ɐ	777	35	j
o	*	ʁ	298	56	ˈo
ʁ	*	i	888	17	x
ũ	*	$	750	3	ˈu̃m
ũ	*	ɐ	666	2	ˈum
õ	*	j	941	16	ˈo̃
u	*	n	363	10	ˈu
u	*	ɾ	538	25	ˈu
i	*	ʁ	666	14	ˈi
ʁ	*	a	800	4	x
s	*	f	625	7	ns
u	*	ʁ	600	4	ˈu
ẽ	*	b	400	4	ˈe
u	*	ɐ	571	6	ˈu
ẽ	*	j	571	27	e
u	*	z	500	11	u
u	*	a	800	9	u
o	*	ɻ	750	3	o
a	*	ʎ	600	4	a
u	*	m	500	13	ˌu
o	*	z	357	13	o
ĩ	*	p	363	10	ˌi̃m
w	*	a	875	7	w
j	*	u	687	15	j
õ	*	$	750	3	ˈo̃m
u	*	w	400	9	u
w	*	s	428	6	w
u	*	b	600	4	ˌu
j	*	a	500	7	i
õ	*	ʒ	333	2	o̃n
a	*	b	576	25	ˌa
i	*	a	500	25	ˌi
u	*	d	571	6	ˈu
e	*	z	595	41	ˌe
ẽ	*	v	800	4	e̃n
o	*	w	625	39	ˈo
w	*	v	625	7	w
o	*	n	543	45	o
i	*	ɐ	833	29	ˈi
i	*	v	756	36	ˈi
e	*	o	714	6	ˌe
u	*	t	529	16	u
e	*	l	406	31	ˌe
i	*	l	538	12	ˌi
a	*	m	708	23	ɐ
õ	*	p	882	16	ˌo̃m
w	*	ẽ	800	4	w
o	*	ɡ	750	7	o
i	*	ɡ	357	13	ˈi
n	*	j	500	5	̃n
e	*	f	500	3	ˌe
ĩ	*	d	750	11	ˈi̃n
i	*	w	833	5	ˈi
w	*	d	600	4	w
e	*	n	400	9	ˌe
a	*	p	500	11	ˌa
a	*	ʒ	333	5	ˌa
ĩ	*	ɡ	250	3	ˌi̃ŋ
e	*	ʒ	625	7	ˈe
e	*	ʎ	333	2	ˌe
ũ	*	s	500	5	u̃n
o	*	ɐ	666	2	ˈo
u	*	l	857	13	u
u	*	i	909	10	u
u	*	ĩ	666	2	u
j	*	o	846	25	j
o	*	j	833	5	ˈo
ĩ	*	$	750	3	ˈi̃m
ẽ	*	p	500	5	ˈe
u	*	ʒ	666	2	ˈu
ʃ	*	m	333	2	nz
s	*	m	750	3	nz
ĩ	*	ʒ	333	2	i̃n
a	*	k	681	21	ˌa
a	*	i	833	5	a
õ	*	k	666	5	ˌo̃ŋ
w	*	ɡ	500	5	w
ũ	*	b	666	2	u̃m
e	*	ɲ	333	2	ˈe
a	*	n	600	4	ˌɐ
i	*	u	800	4	ˈi
i	*	ɲ	714	6	ˈi
ĩ	*	b	666	2	ˌe̃m
ẽ	*	ʁ	833	5	ˌe̃n
ʒ	*	m	500	3	z
ʁ	*	u	666	2	xˌ
j	*	ẽ	333	2	ee
e	*	ɹ	500	3	ˌe
ɐ	v	m	428	6	ˈɐ
m	ɐ	u	875	15	̃m
ẽ	^	t	333	8	ˈe̃n
i	ɾ	s	857	13	ɪ
u	^	s	666	2	ˈʊ
ũ	f	d	285	6	ˈu̃n
e	p	ʁ	807	25	ˌe
ũ	ɡ	t	333	2	u̃n
ɐ	ɾ	̃	368	37	ɐ
a	ɾ	t	500	5	ˈa
i	ʃ	k	888	17	i
a	k	ʁ	368	18	ˌa
ʁ	a	e	875	7	x
ɛ	k	$	666	2	ˈɪ
e	i	t	333	2	ʲˌe
a	d	$	333	2	a
a	p	ɾ	500	7	ˌa
a	^	$	666	5	ˈa
õ	p	d	400	4	o̃n
e	d	ʁ	800	4	ˈe
o	t	t	333	2	ˌo
i	l	d	909	10	i
ũ	m	d	750	3	ˈu̃n
u	s	p	666	2	ˌu
i	f	s	250	3	ˈi
ɛ	s	p	666	2	e
i	ʒ	ɾ	714	6	ˌi
i	ʒ	m	333	5	i
j	u	s	500	3	
ẽ	i	s	800	4	̃n
ɐ	s	$	941	16	ɐ
o	k	ɾ	500	3	o
u	^	n	500	3	ˈu
a	n	t	333	2	a
u	t	ɾ	666	17	ˈu
i	^	ʁ	333	2	ˌi
j	ʒ	ɐ	250	3	i
ɐ	j	̃	500	3	ʲɐ
o	m	s	750	3	o
ẽ	l	b	400	4	ˈe
b	ẽ	ɾ	800	4	̃mb
u	s	ɐ	600	4	ˈu
ẽ	^	j	666	2	e
̃	j	$	900	29	m
u	d	z	750	7	u
i	ʒ	s	416	23	ˌi
u	l	m	500	5	ˌu
o	n	z	333	2	ˈɔ
i	ʒ	t	428	6	ˈi
i	ɾ	ʎ	500	3	ˌi
a	w	l	333	2	ˌa
u	p	w	500	3	ˈu
t	̃	͡	909	10	nt
u	s	b	600	4	ˌu
s	̃	j	833	5	ns
j	s	a	666	5	i
a	j	w	333	2	ʲa
õ	k	ʒ	333	2	o̃n
a	f	z	333	2	ˌa
ẽ	v	j	500	3	ˈe
e	s	ɾ	600	4	ˈe
ẽ	i	t	714	6	ʲˈe̃n
a	i	d	428	6	ʲˈa
ɛ	^	s	500	9	ˈe
u	t	d	750	3	ˈu
w	o	v	625	7	w
o	t	n	400	4	ˈo
u	s	s	555	8	ˌu
e	^	w	750	3	ˈe
i	z	s	538	12	i
a	w	w	333	2	a
e	k	ʁ	666	2	ˈɛ
e	v	j	666	5	e
a	f	t	333	2	a
o	t	ʁ	285	6	o
ɐ	^	̃	600	14	ˌɐ
ɛ	m	t	333	2	ˌe
u	ɾ	t	625	7	u
a	z	d	666	5	ˈa
j	e	u	666	2	ɪ
i	l	s	500	3	ɪ
o	k	n	875	7	ˌo
i	ʒ	n	600	4	i
ɛ	p	l	666	2	ˈe
a	p	ʁ	357	13	ˌa
i	ʃ	ʎ	800	4	i
e	ɾ	k	750	3	ˌe
i	l	ɡ	333	2	ˌi
o	m	n	666	5	ˈo
e	v	w	727	10	e
ɐ	t	n	600	4	ˈɐ
n	ɐ	j	600	4	̃n
j	n	ɐ	750	3	e
a	l	d	500	5	ˈa
ẽ	l	j	333	2	ˈe
ĩ	^	d	666	2	ˌi̃n
i	ʒ	v	333	2	i
o	n	v	333	2	ˈo
ɐ	m	̃	500	11	ɐ
i	f	ʁ	400	4	i
e	d	l	428	6	ˈe
e	s	l	750	7	ˌe
e	ʒ	ɾ	500	7	ˌe
a	ɾ	ʒ	500	3	ˌa
i	m	a	500	3	e
a	i	ʁ	500	3	ʲˈa
i	ʒ	f	666	2	ˌi
ẽ	t	j	600	4	ˈe
o	f	ʁ	428	13	o
o	p	ʁ	400	4	ʊ
i	k	$	333	5	ˈɪ
ũ	f	s	500	3	ˌu̃n
ɛ	l	k	500	3	e
i	ʒ	ɡ	666	2	i
e	b	ʁ	666	5	ˈe
ẽ	s	j	666	2	ˈe
ɐ	ʎ	$	666	2	ɐ
a	k	p	400	4	a
ɐ	v	̃	666	5	ɐ
a	i	t	625	7	ʲa
a	m	s	400	4	ˈa
a	t	b	666	2	a
e	l	v	250	3	ˈɛ
o	ɡ	t	666	2	o
ẽ	t	p	333	2	ˌe
a	ɾ	ɾ	333	2	ˌa
o	t	m	333	5	ˌo
i	s	s	333	5	ɪ
i	^	n	800	4	ˌi
e	ʃ	ɡ	500	3	ˌe
i	ɾ	m	428	6	ˌi
a	z	t	500	3	ˈa
e	d	w	750	3	ˈe
e	ʁ	ʒ	666	2	e
u	k	ʒ	666	2	ˈu
e	p	l	500	3	ˈe
p	̃	l	800	4	mp
ẽ	b	j	500	3	ˈe
i	ʃ	n	750	3	i
u	n	ɐ	333	2	u
a	v	s	500	3	ˈa
e	ʁ	z	857	6	e
a	l	ʁ	714	6	ˈa
o	s	l	666	2	ˌo
a	i	s	800	4	ʲa
o	p	t	666	2	ˌo
ẽ	d	s	333	2	ˌe̃n
s	̃	m	750	3	nz
i	m	s	666	2	i
u	m	n	750	3	u
i	n	d	800	4	i
ẽ	s	t	461	12	ˌe̃n
u	z	w	333	2	u
ɐ	p	̃	500	3	ɐ
i	f	z	500	3	ˌi
i	ɾ	ẽ	400	4	jˈe
t	̃	ɐ	666	2	nt
ɐ	p	n	666	2	ˌɐ
o	n	ɾ	666	2	o
ɐ	ɾ	m	600	4	ˈɐ
m	ɐ	i	500	3	̃m
u	t	n	666	2	ˌu
o	k	ʎ	500	3	o
ɐ	ʃ	m	666	2	ˌɐ
o	m	ɾ	666	2	o
i	s	k	600	4	ˈi
o	s	n	333	2	ˈo
a	^	n	750	3	ˌɐ
s	̃	ɐ	800	4	ns
o	s	ʁ	500	3	o
a	i	w	666	2	ʲˈa
i	f	ɡ	666	2	i
u	ɡ	ɾ	500	3	ˌu
i	s	f	500	3	ˈi
e	m	z	750	3	ˈe
u	d	ɾ	500	3	ˌu
s	̃	f	833	5	ns
i	^	m	750	3	ˌi
o	l	ʁ	666	2	ˈo
a	t	k	750	3	ˈa
a	n	v	666	2	ˌa
o	s	z	750	3	ˌɔ
u	b	t	666	2	u
ẽ	s	s	333	2	ˌe̃n
e	ɾ	t	333	2	ˌe
p	ẽ	ɾ	666	2	̃mp
i	ʁ	k	714	6	i
e	s	ɡ	400	4	ˌe
o	t	k	666	2	o
ʒ	e	m	666	2	z
u	^	m	500	3	ˌu
o	m	ʁ	666	2	ˈo
o	p	d	600	4	ˌo
e	ʒ	n	666	2	ˌe
n	ɐ	ɐ	666	2	̃n
t	̃	ẽ	750	3	nt
ẽ	m	s	500	5	ˌe̃n
ɛ	ɾ	v	333	2	ɛ
i	v	m	333	2	ɪ
õ	k	d	666	2	ˌo̃n
t	̃	e	800	4	nt
e	k	b	666	2	ˌe
i	^	d	666	2	ˌi
u	s	ʁ	333	2	ˈu
u	b	s	200	4	ˌu
i	ʒ	z	666	2	ˌi
j	ɾ	ẽ	333	2	ee
i	s	a	666	2	i
ĩ	l	p	333	2	i̃m
ĩ	ɾ	k	666	2	ˌi̃ŋ
o	ɾ	l	333	2	o
ɛ	ɾ	t	333	2	ɛ
ɐ	t	m	500	5	ˈɐ
i	ɾ	t	333	2	ˌi
i	s	ɡ	666	2	ˌi
u	m	z	400	4	ˈu
o	m	w	333	2	ˌo
ɐ	d	m	333	2	ˈɐ
ɐ	s	s	750	3	ɐ
ʁ	^	a	666	2	x
o	f	t	333	2	o
a	^	m	600	4	ˌɐ
e	n	ɡ	666	2	ˌe
u	f	t	800	4	ˌu
o	p	e	666	2	ˌo
o	p	s	750	3	ˌo
a	k	t	333	2	a
ɐ	^	n	666	2	ˈɐ
n	ɐ	u	666	2	̃n
e	d	ɾ	600	4	e
i	v	s	666	2	ˈi
u	k	m	333	2	u
i	ʃ	ɾ	666	2	i
a	k	m	666	2	ˌɐ
t	^	͡	333	2	s
w	o	ɡ	666	2	w
ɐ	@1C	*	709	30	ˈɐ
ẽ	@1C	*	437	31	e̃n
a	@2C	*	482	84	ˌa
o	@1C	*	538	51	o
i	@0C	*	607	50	ɪ
o	@1V	*	509	50	ˈo
ɲ	@2V	*	714	6	̃ɲ
i	@1V	*	645	185	ˈi
a	@1C	*	535	113	a
ɐ	@1V	*	769	90	ˈɐ
ũ	@2C	*	500	7	ˌu̃n
e	@0C	*	644	58	ˈe
e	@0V	*	600	4	ˈe
i	@0V	*	920	150	ɪ
w	@2C	*	444	8	w
i	@2C	*	398	112	ˌi
w	@2V	*	680	24	w
o	@0V	*	750	3	ˈo
õ	@1C	*	307	12	ˈo̃n
a	@2V	*	576	162	ˌa
u	@2V	*	532	61	u
ɐ	@2V	*	558	33	ˌɐ
e	@1V	*	542	82	ˈe
ũ	@0C	*	750	3	ˈu̃m
j	@1V	*	571	55	j
õ	@0C	*	727	21	ˈo̃
o	@0C	*	787	46	ˈo
u	@1V	*	777	44	ˈu
j	@2V	*	277	17	j
ẽ	@0C	*	533	29	e
u	@1C	*	740	26	u
ĩ	@1V	*	714	13	ˈi̃n
u	@2C	*	500	27	u
õ	@1V	*	538	12	ˈo̃n
ẽ	@2V	*	511	42	e̃n
w	@1C	*	583	11	w
ɐ	@2C	*	812	15	ˌɐ
ĩ	@1C	*	200	9	ˌi̃ŋ
j	@2C	*	894	18	j
ĩ	@0C	*	750	3	ˈi̃m
ẽ	@2C	*	500	17	ˌe̃n
ũ	@2V	*	800	4	u̃n
ẽ	@1C	t	444	17	e̃n
a	@2C	d	400	4	a
o	@1C	ɾ	700	9	ˈo
o	@1C	m	333	2	ˈo
o	@1V	f	666	2	ˌo
i	@1V	m	600	19	i
a	@1C	v	666	8	ˈa
e	@2C	ʁ	555	8	ˌe
a	@1C	ɾ	909	10	ˈa
w	@2V	ɐ	833	5	w
õ	@1C	d	500	3	o̃n
a	@2V	l	454	21	a
i	@2V	d	840	24	i
u	@2V	p	333	2	ˌu
e	@2V	ʁ	612	30	ˌe
ɛ	@1C	p	666	2	e
i	@2C	ɾ	500	7	i
i	@2C	ʒ	600	4	i
i	@1C	m	625	7	ˈi
e	@1V	t	600	4	ˈɛ
a	@1C	d	653	25	ˈa
i	@1C	ẽ	400	4	jˈe
ẽ	@1C	s	444	8	e̃n
o	@1V	ʁ	333	11	ˈɔ
i	@1V	ẽ	500	5	i
õ	@1C	t	500	5	ˈo̃n
i	@0C	ʎ	666	2	i
a	@1V	s	833	5	ˈa
u	@2V	n	285	6	ˈu
i	@1V	k	838	30	i
a	@2V	s	538	12	ˌa
i	@2V	ʁ	333	2	ˌi
a	@2V	d	818	10	a
j	@2V	ɐ	333	2	i
i	@2V	m	416	11	ˌi
u	@2V	z	500	5	u
o	@0C	ɻ	750	3	o
i	@2C	s	541	23	ˌe
u	@2C	m	666	2	ˌu
u	@2V	w	571	6	u
i	@2V	ʎ	333	2	ˌi
u	@2V	b	333	2	ˌu
ɐ	@2V	̃	625	15	ˌɐ
j	@2V	a	400	4	i
a	@1V	w	400	9	a
õ	@1V	ʒ	333	2	o̃n
w	@1V	v	666	2	w
u	@2V	s	750	3	ˌu
j	@1V	ɾ	916	11	ɪ
o	@2C	z	400	4	o
i	@1C	s	529	16	i
e	@1V	d	250	3	ˈɛ
u	@2V	m	571	6	ˌu
o	@2V	z	428	6	o
ɐ	@1V	m	800	14	ɐ
u	@2V	t	571	6	u
u	@2V	ɾ	571	6	u
e	@1V	ɾ	800	4	e
ɛ	@1C	l	500	3	ˈe
e	@1C	l	666	5	ˈe
e	@1V	k	333	2	ˌe
w	@1V	ẽ	666	2	w
w	@1V	s	666	2	w
a	@2V	f	600	4	ˈa
i	@2V	ɡ	750	3	ˌi
j	@1V	t	666	2	ɪ
ĩ	@2C	d	666	2	ˌi̃n
i	@2C	v	600	4	ˌi
i	@2C	d	666	5	i
ɔ	@2V	s	400	4	o
e	@2V	l	727	10	ˌe
i	@1C	a	666	5	i
u	@2C	t	555	8	u
u	@1C	ɾ	428	6	ˈu
e	@2V	m	600	4	ˌe
ɛ	@2V	k	750	3	e
a	@1C	b	600	4	a
u	@1V	ĩ	666	2	u
e	@1V	z	666	11	ˈe
e	@2V	n	500	7	ˌe
o	@2C	ʁ	777	8	o
e	@1C	v	333	2	ˈɛ
o	@2C	t	666	2	o
ẽ	@2V	p	333	2	ˌe
o	@2V	ɾ	727	10	o
i	@2V	ɐ	500	3	ˌi
i	@2V	ɾ	500	3	ˌi
o	@1V	n	500	3	ʲˈo
i	@2C	k	555	8	i
a	@1V	t	571	6	ˈa
e	@2C	m	666	2	ˌe
u	@2V	ɐ	333	2	u
i	@2C	ɡ	500	3	i
i	@2C	f	500	5	i
e	@1V	s	588	16	e
n	@1V	j	600	4	̃n
ɔ	@1V	w	333	2	ˈo
e	@0C	s	666	2	e
a	@1V	b	666	2	ˈa
ɐ	@2V	m	500	5	ˌɐ
w	@2V	ɡ	600	4	w
e	@1C	j	250	3	e
a	@2C	f	250	3	ˈa
e	@2V	j	750	3	e
a	@1V	l	800	4	ˈa
ẽ	@1C	b	333	2	e
u	@2C	ɾ	333	2	ˌu
u	@2C	n	333	2	ˌu
o	@2V	ʎ	333	2	o
e	@2C	l	454	10	ˌe
s	@2C	f	750	3	ns
u	@2C	z	500	3	ˌu
a	@2C	ɾ	500	5	a
o	@2C	w	750	3	ˌo
w	@2C	v	333	2	w
e	@1V	ʁ	500	3	e
j	@1V	ʃ	666	2	ɪ
j	@1C	a	666	2	i
o	@2V	w	800	4	o
ʒ	@1C	m	666	2	z
u	@2V	d	666	2	ˌu
ĩ	@1C	t	500	3	ˈi̃n
ẽ	@1C	d	500	3	e̃n
ʁ	@2V	u	666	2	xˌ
e	@1V	v	500	3	e
i	@2C	t	571	6	i
u	@2C	s	666	2	ˌu
ĩ	@2C	ɡ	333	2	ˌe̃ŋ
o	@1C	w	400	4	o
w	@1C	v	333	2	w
t	@1C	e	333	2	nt
j	@1C	ẽ	333	2	ee
a	@1C	z	333	2	ˈa
i	@2V	v	750	3	i
a	@2V	m	800	4	ˌɐ
b	@1C	u	333	2	mb
a	@1V	k	500	3	a
ẽ	@2C	d	333	2	̃n
u	@1V	s	333	2	ˌu
i	@2C	ʁ	333	2	i
