k	*	*	923	182	k
ə	*	*	349	122	a
n	*	*	964	650	n
i	*	*	565	810	i
ː	*	*	424	1794	ɑ
m	*	*	951	476	m
$	*	*	849	1377	
a	*	*	437	660	ˈ
ɣ	*	*	818	10	q1
z	*	*	970	171	z
b	*	*	973	262	b
e	*	*	671	724	e
ɡ	*	*	908	206	ɡ
r	*	*	863	234	r
d	*	*	892	662	d
x	*	*	906	95	x
h	*	*	906	266	h
æ	*	*	409	502	ˈa
s	*	*	946	244	s
t	*	*	889	414	t
ɒ	*	*	690	480	ˈ
ʒ	*	*	987	82	ʒ
ɾ	*	*	809	341	r
f	*	*	943	141	f
j	*	*	482	306	j
p	*	*	968	93	p
ʃ	*	*	928	291	ʃ
w	*	*	485	34	v
ɛ	*	*	230	51	ˈe
u	*	*	252	233	u
l	*	*	858	119	l
͡	*	*	989	98	
v	*	*	869	45	v
ˈ	*	*	525	77	
í	*	*	989	93	i
q	*	*	942	51	q
ʌ	*	*	478	22	a
ʰ	*	*	750	3	ˈ
ˤ	*	*	526	37	
ħ	*	*	950	19	h
o	*	*	487	120	ˈo
ɢ	*	*	944	17	q1
ɨ	*	*	500	1	a
ʔ	*	*	504	100	
ɔ	*	*	200	4	ˈa
ʊ	*	*	357	13	o
ð	*	*	400	9	
ˌ	*	*	545	32	
θ	*	*	400	4	ːsˈa
ɪ	*	*	357	13	e
ʐ	*	*	833	5	z
ʕ	*	*	676	33	ʔ
ɑ	*	*	250	3	ˈa
ʋ	*	*	611	17	v
ʂ	*	*	666	5	s
ɭ	*	*	666	2	el
ɟ	*	*	714	6	d
ɐ	*	*	500	1	a
̪	*	*	666	2	
ø	*	*	500	1	ar
̃	*	*	500	1	n
c	*	*	750	3	tʃ
.	*	*	200	4	
î	*	*	500	1	v
g	*	*	500	1	ɡ
ə	k	*	250	11	e
ː	i	*	809	688	
æ	n	*	333	47	a
a	m	*	369	45	
æ	p	*	500	11	a
i	e	*	705	16	ːˈi
ɛ	w	*	333	2	ˈa
u	x	*	375	7	o
j	e	*	727	54	ːj
$	j	*	494	96	e
æ	d	*	604	47	a
ə	b	*	250	7	ˈe
i	v	*	555	8	ˈi
ə	h	*	400	4	ˌa
ˈ	m	*	600	4	ˈ
a	ˈ	*	552	37	
ɛ	v	*	500	5	ˈa
t	q	*	375	7	1t
ə	p	*	428	6	ˈo
ə	r	*	500	7	
i	^	*	312	15	ˌe
ɒ	^	*	500	41	ˌɑ
a	h	*	464	27	
a	ˤ	*	555	8	a
ː	u	*	502	186	ː
ɾ	ɡ	*	200	9	ar
æ	z	*	555	17	a
e	ɡ	*	333	14	ˈe
i	ː	*	500	11	ˈi
h	e	*	457	34	ːh
a	q	*	333	14	1ˈ
ɛ	j	*	500	3	e
m	s	*	400	4	em
ð	n	*	750	3	z
ˤ	ð	*	571	6	z
ɾ	ˤ	*	666	2	ar
ː	e	*	545	21	
æ	e	*	846	12	ːˈa
x	r	*	400	4	ax
a	ʔ	*	357	27	a
ɪ	x	*	333	2	
ʃ	ʃ	*	400	4	ˈeʃ
u	ɾ	*	272	21	ˈu
æ	ɾ	*	545	21	a
u	k	*	583	11	ˈu
ˌ	^	*	500	3	ˌ
a	ˌ	*	428	6	
r	f	*	545	10	ar
ˈ	ɡ	*	571	6	ˈ
d	ʊ	*	666	5	ːd
ɾ	p	*	666	5	ar
k	s	*	600	4	ok
u	ɡ	*	578	18	ˈu
u	ʃ	*	250	11	av
a	f	*	357	13	ˈa
n	ʃ	*	428	6	en
ə	ʃ	*	333	5	e
i	q	*	545	10	1i
m	z	*	800	9	em
i	ʒ	*	454	10	ˈi
ɒ	í	*	500	9	ˌɑ
ɾ	f	*	937	31	ar
t	e	*	500	17	ːt
æ	v	*	444	8	a
ɛ	p	*	500	3	ˈo
u	d	*	454	10	ˈu
o	ʒ	*	333	2	ˌo
j	f	*	333	2	ij
l	s	*	333	2	el
d	m	*	428	6	ˈad
j	p	*	250	7	aj
u	j	*	666	2	v
u	t	*	300	9	ˈo
s	r	*	250	3	ˈas
s	f	*	333	2	as
u	s	*	285	6	ˈu
o	d	*	400	4	o
ː	o	*	571	6	
ˈ	r	*	583	11	ˈ
i	ʕ	*	571	6	ˈi
o	ˈ	*	666	2	u
ʔ	ɑ	*	666	2	ʔ
l	d	*	333	2	el
ˈ	l	*	600	4	ˈ
ʃ	n	*	666	8	ˈeʃ
u	b	*	583	11	ˈu
i	ʋ	*	400	4	je
ɾ	b	*	333	2	ar
ɡ	d	*	400	9	eɡ
j	b	*	750	3	i
ˌ	b	*	500	3	ˌ
ˈ	n	*	500	5	ˈ
æ	j	*	533	14	a
l	m	*	285	6	al
ˌ	p	*	600	4	ˌ
æ	ʔ	*	500	5	a
ɛ	h	*	500	3	a
ɛ	k	*	333	2	a
k	b	*	500	3	ˈak
o	p	*	333	2	ˌo
ɛ	^	*	600	4	e
ɾ	n	*	333	2	ˈer
ɒ	q	*	500	3	1ˈ
i	w	*	200	4	ˈi
n	d	*	833	5	ˈan
u	ʔ	*	428	6	o
ʃ	s	*	333	2	aʃ
ˈ	k	*	600	4	ˈ
o	s	*	400	4	a
e	v	*	333	2	ˈa
ʔ	ː	*	375	7	ʔ
w	a	*	400	4	o
ɛ	m	*	250	3	e
ə	ʋ	*	333	2	ˈa
u	f	*	428	6	ˈo
ɾ	v	*	666	2	ˈar
ˈ	^	*	333	2	ˈ
ə	ɟ	*	250	3	ʒˈe
u	h	*	571	6	ˌo
u	l	*	600	4	o
r	ɡ	*	250	3	er
j	q	*	666	2	1ij
ʕ	^	*	625	7	
e	q	*	750	3	1e
w	x	*	600	4	
t	l	*	600	4	ˈat
e	ʔ	*	300	9	a
ɒ	v	*	526	18	
ɛ	t	*	200	4	ˈa
ʔ	æ	*	800	4	ʔ
j	d	*	666	2	ˈi
ʃ	ɾ	*	250	3	aʃ
ɒ	ʒ	*	571	6	
t	b	*	600	4	et
m	n	*	500	3	am
d	h	*	500	3	ad
f	u	*	333	2	ːf
r	p	*	500	3	ˌar
ɒ	r	*	666	2	
ɛ	l	*	333	2	ˈo
f	d	*	666	2	ˈaf
ɛ	r	*	666	2	a
æ	ɢ	*	400	4	a
a	ɟ	*	750	3	ʒ
i	ˤ	*	500	3	e
h	ɡ	*	333	2	ah
x	s	*	400	4	ˈox
r	t	*	200	4	ˌer
r	ɛ	*	333	2	rr
ɛ	s	*	750	3	e
ˈ	ʋ	*	600	4	ˈ
o	m	*	666	2	o
u	ħ	*	500	3	o
v	e	*	500	3	
j	j	*	500	3	i
e	ʕ	*	666	2	ˈe
r	b	*	333	2	er
æ	q	*	666	2	1ˈa
o	ɢ	*	333	2	ˈa
ː	*	d	503	136	
æ	*	n	449	157	a
ː	*	$	583	328	
j	*	i	857	55	
a	*	z	428	6	ˈa
a	*	m	333	29	a
u	*	d	428	6	ˈo
æ	*	m	397	72	a
j	*	e	388	66	
e	*	n	222	26	ˈe
ɛ	*	q	333	2	ˈa
i	*	x	571	6	e
ʌ	*	ʃ	500	3	e
ː	*	ɡ	480	24	
ə	*	h	333	5	ˈe
a	*	t	294	16	a
a	*	$	400	4	e
d	*	r	400	4	ːd
ː	*	k	459	36	
o	*	z	578	18	o
e	*	ɾ	222	26	ˈe
e	*	f	666	5	ˈe
æ	*	d	636	43	a
i	*	s	300	9	ˌa
ː	*	i	583	11	
ɛ	*	ʃ	400	4	a
a	*	l	266	14	o
ɛ	*	ɡ	333	2	e
ʔ	*	i	411	16	ːˈ
i	*	m	500	7	e
i	*	t	400	4	e
a	*	ʊ	384	12	
ʊ	*	a	375	7	
u	*	t	666	5	ˌo
a	*	r	566	29	a
i	*	z	500	5	ˈe
ˤ	*	ɾ	666	2	ˈ
o	*	r	333	2	ˈa
a	*	ʃ	285	6	
æ	*	ʃ	300	9	ˈe
a	*	θ	600	4	a
i	*	r	461	12	a
x	*	ɪ	333	2	ax
ɪ	*	ʃ	250	3	
a	*	q	428	6	ˈa
ˤ	*	e	428	6	z
ː	*	f	500	57	ː
r	*	ˌ	250	3	ar
ə	*	ɡ	750	3	e
i	*	n	266	14	ˌe
r	*	z	400	4	ːr
e	*	p	400	4	ˈe
ʔ	*	m	750	3	ʔ
ː	*	t	395	42	
ː	*	q	470	16	
a	*	ʐ	666	2	ˈa
u	*	n	300	9	ˈa
a	*	d	478	22	a
ː	*	æ	571	6	
u	*	ʃ	400	4	ˈo
i	*	k	400	4	ˈe
u	*	b	250	3	a
ə	*	d	285	6	o
j	*	u	333	2	ej
i	*	ʕ	333	5	e
a	*	f	500	7	a
e	*	s	250	23	ˈe
o	*	ː	285	6	o
ʔ	*	j	750	3	ʔ
ə	*	l	200	9	e
ˈ	*	i	500	15	ˈ
ː	*	e	666	5	
a	*	j	571	6	
ʋ	*	i	400	4	u
æ	*	b	500	7	a
ː	*	ɒ	800	4	
ə	*	ʃ	500	3	o
i	*	b	333	5	a
ˤ	*	l	750	3	e
ɛ	*	ɾ	333	2	a
k	*	ɛ	333	2	ˈek
ɛ	*	t	333	2	a
o	*	x	400	4	ˈa
o	*	ʃ	500	3	o
i	*	d	333	14	e
ɪ	*	s	166	5	o
a	*	h	375	7	ˈa
ɛ	*	n	285	6	a
i	*	ʃ	333	8	e
i	*	q	400	4	ˌe
a	*	x	357	13	ɑ
a	*	n	454	10	ˈa
a	*	ʕ	500	3	a
a	*	ɣ	500	3	a
u	*	s	666	5	o
ˤ	*	u	625	7	ˈ
s	*	ʃ	333	2	ess
æ	*	t	750	11	a
ː	*	ʔ	500	7	
a	*	w	400	4	1ˈ
e	*	z	400	4	ˈa
u	*	r	333	2	o
ˌ	*	e	714	6	ˌ
a	*	k	250	3	e
i	*	ˈ	428	6	ˈi
ə	*	k	400	4	
ʔ	*	e	300	9	ːˈ
ɛ	*	h	250	3	ˈa
ʔ	*	d	750	3	ʔ
ː	*	ʒ	571	6	
k	*	n	333	2	ːk
m	*	m	500	3	
ʔ	*	h	666	2	ʔ
u	*	q	666	2	ˌo
ː	*	w	375	7	
u	*	f	333	2	a
f	*	z	666	5	ːf
u	*	z	666	2	o
i	*	ʔ	750	3	ɑ
w	*	$	750	3	n
ə	*	t	750	3	
d	*	ˤ	833	5	z
i	*	l	600	4	e
ɛ	*	r	333	2	a
ɛ	*	d	600	4	e
ː	*	c	750	3	ː
ː	*	p	333	2	
e	*	m	200	4	a
e	*	v	500	3	
o	*	ɡ	250	3	vˌa
o	*	k	666	2	va
æ	*	x	333	2	a
j	*	j	500	3	
ʔ	*	r	333	2	ʔ
u	*	m	200	4	ˈo
ʌ	*	m	333	2	e
ʔ	*	l	750	3	ʔ
ə	k	n	333	5	ˈo
b	a	$	333	2	ob
a	m	ː	428	27	
ː	a	$	771	34	ɑ
æ	p	ɾ	500	7	o
s	ɾ	i	500	3	ˈes
ː	ɒ	$	888	26	ɑ
e	l	j	333	2	ˌe
$	j	#	494	96	e
ə	b	s	250	3	e
æ	k	n	333	8	ˈo
i	v	ː	555	8	ˈi
j	ː	e	604	42	
e	k	n	750	3	ˈo
e	n	ɡ	600	4	ˈe
t	q	i	666	2	1t
i	^	ː	500	5	ˈi
ɒ	^	ː	500	41	ˌɑ
ː	ɒ	ɡ	666	8	ː
a	s	t	600	4	ˈa
ː	a	k	875	7	ɑ
ɾ	ɡ	i	200	4	ˈer
æ	z	ɾ	500	3	ˈa
d	ɾ	$	500	15	ad
e	ɡ	ɾ	454	10	ˈe
e	ɾ	f	750	3	ˈe
æ	b	d	333	2	ˈa
e	j	k	500	5	ˈe
i	^	s	250	3	ˈa
i	ː	ː	500	11	ˈi
e	d	h	500	3	
h	e	ɒ	592	26	ːh
ː	u	n	515	32	
a	q	l	750	3	1ˈa
a	l	b	333	2	
m	s	a	666	2	em
i	b	t	666	2	e
a	t	ʊ	250	3	a
a	t	m	428	6	e
a	m	r	500	5	ˈa
i	k	z	333	2	ˈe
ɾ	ˤ	e	666	2	ar
e	d	ʃ	500	7	a
ː	ɒ	k	875	7	ɑ
o	b	r	333	2	ˈa
a	d	r	500	3	ˌe
x	r	a	333	2	ˈax
a	x	ʃ	666	2	
æ	^	n	375	7	ˈa
æ	ɡ	ʃ	250	3	o
d	r	$	250	3	ad
ɾ	e	u	666	2	ːr
æ	ʃ	n	428	6	ˈa
e	t	ɾ	500	5	ˈa
ˌ	^	a	333	2	ˌ
a	ˌ	ː	428	6	
ː	a	f	761	20	ɑ
i	^	n	571	6	ˌe
r	a	z	400	4	ːr
ɾ	p	u	666	5	ar
ː	u	ɾ	400	9	ˈa
k	s	u	600	4	ok
e	s	p	500	3	ˈe
u	ʃ	ː	250	11	av
ː	u	d	666	32	ː
i	q	ː	666	8	1i
u	m	n	500	3	o
a	s	d	333	2	ˈa
ɒ	í	ː	500	9	ˌɑ
æ	ː	n	714	6	ˈa
ː	i	v	333	2	j
e	ʃ	ɡ	428	6	ˈe
e	k	ʃ	500	3	ˈe
æ	ɾ	ʃ	666	2	ˈe
ː	u	z	500	5	
ː	e	v	833	5	j
u	m	ʃ	333	2	o
a	t	r	333	2	ˈa
d	m	i	333	5	ˈad
i	h	z	666	2	ˈe
j	p	u	333	2	ej
ə	z	n	333	2	ˈe
d	ʃ	$	333	2	ad
a	n	f	333	2	ˈa
ː	o	r	333	2	ː
e	b	ː	333	2	ˈi
a	ʒ	m	500	3	ˈa
j	n	e	750	3	ˈi
j	ʔ	i	500	3	j
e	m	d	500	5	a
ə	k	l	333	2	o
l	ə	ˈ	333	2	ll
a	b	j	666	2	a
æ	b	h	333	2	e
ʋ	a	i	500	3	u
i	ʋ	ː	500	3	je
ə	k	r	500	3	ˈa
ə	t	n	333	2	ˈa
e	ʒ	ɾ	500	5	a
e	h	n	250	7	
ɡ	d	i	600	4	eɡ
e	j	ʃ	272	10	ˈa
m	z	i	833	5	em
ˌ	b	ə	333	2	ˌ
ə	ˌ	n	333	2	o
ː	a	d	850	19	ɑ
ə	ˌ	d	333	2	e
ː	a	ɡ	500	3	ː
ː	u	b	333	2	
a	ʔ	m	250	3	a
j	p	a	333	5	aj
æ	m	d	400	9	ˈa
æ	ɾ	s	400	4	ˈe
i	ʒ	ː	714	6	ˈi
e	^	t	750	3	ˌe
t	e	ˤ	500	3	ːtt
i	b	s	600	4	ˌa
e	d	ʔ	428	6	ˌe
ʔ	e	i	583	11	ːˈ
r	f	i	666	5	ar
k	b	e	666	2	ˈak
e	ɾ	ʃ	500	3	ˈe
e	ɾ	s	375	7	ˈe
ɛ	^	n	333	2	a
ː	u	i	400	4	ː
ɒ	q	ː	500	3	1ˈ
s	a	$	333	2	es
æ	z	ʃ	666	2	ˈa
i	w	ː	333	2	ˈi
ʕ	a	a	333	2	ːʔ
æ	n	m	692	12	ˌe
ʃ	n	e	750	3	ˈeʃ
i	s	d	750	3	e
n	d	e	800	4	ˈan
t	e	æ	750	7	ːt
ʔ	^	u	400	4	ˈ
ː	u	l	600	9	
e	b	j	333	2	i
j	e	ɾ	500	3	j
ː	ɒ	d	916	11	ɑ
æ	f	ɾ	400	4	a
e	z	n	500	5	ˈe
i	m	d	250	3	a
e	z	ʃ	666	2	
n	ʃ	ɒ	750	3	en
p	e	ɒ	333	2	ːp
a	q	w	666	2	1ˈ
a	ʔ	d	250	3	e
d	a	r	333	2	ːd
a	f	q	333	2	
t	q	e	666	2	1ˈat
ɾ	v	i	666	2	ˈar
a	ʃ	d	666	2	ˈ
ɡ	n	ɾ	333	2	ˌeɡ
a	ʔ	x	714	6	ɑ
ː	a	q	875	7	ɑ
ˈ	^	a	333	2	ˈ
e	b	s	750	3	ˌa
æ	ʒ	d	333	2	e
ː	u	ɡ	600	4	
r	ɡ	a	333	2	er
æ	k	d	333	2	o
r	a	d	333	2	ɑr
i	m	q	666	2	ˌe
ʕ	^	a	714	6	
a	ʕ	m	600	4	a
t	l	i	666	2	ˈat
j	e	e	333	5	j
ː	e	f	750	3	j
a	ˈ	t	500	5	ːja
ʔ	e	e	750	3	ːˈ
e	ʔ	ʃ	750	3	a
ɒ	v	ː	526	18	
a	m	ʊ	800	4	
d	ʊ	ʒ	750	3	ːd
e	k	t	750	3	ˌe
ʃ	ɾ	$	333	2	aʃ
ɒ	ʒ	ː	571	6	
t	b	e	750	3	et
m	n	a	666	2	am
ə	d	l	333	2	ˈa
æ	d	h	750	3	ˈa
d	h	$	500	3	ad
a	f	h	666	2	ˈa
m	a	m	666	2	
a	q	ː	500	5	1ˈ
ː	a	w	375	7	
e	n	s	285	6	ˈe
r	p	u	333	2	ar
ɒ	r	ː	666	2	
a	b	x	333	2	ˈa
ə	ʃ	r	333	2	ˈe
z	a	i	333	2	ɑz
ɾ	ɡ	ɒ	333	2	er
o	d	m	666	2	a
s	a	a	333	2	es
i	n	ʃ	250	3	ˈe
i	b	r	333	2	ˌe
t	r	$	666	2	at
æ	ɢ	n	666	2	ˈa
a	ʔ	z	666	2	
a	d	m	500	3	ˈa
i	ˤ	r	500	3	e
e	f	h	250	3	ˌa
h	ɡ	ɒ	333	2	ah
æ	x	n	400	4	ˈa
m	z	a	666	2	em
a	^	l	428	6	o
ʃ	n	i	750	3	ˈeʃ
ɛ	t	k	333	2	e
r	ɛ	k	333	2	rr
i	ʃ	k	333	2	e
e	m	z	666	2	ˈa
d	e	ɾ	750	3	ːd
i	t	$	250	3	e
ˈ	r	ʌ	500	3	
u	ʔ	n	333	2	ː
æ	j	n	600	4	ˈa
æ	ʔ	m	333	2	o
d	e	i	333	2	dd
f	æ	z	600	4	ːf
ʔ	ː	e	666	2	ʔ
e	n	d	333	2	
æ	n	v	666	2	ˌa
æ	z	n	666	2	ˈa
æ	n	s	666	2	ˈo
i	ʃ	ʃ	333	2	e
ː	u	m	600	4	
a	n	ʋ	333	2	a
ɡ	d	ɒ	333	2	eɡ
a	t	n	500	3	a
u	ħ	d	333	2	ˈo
d	u	ˤ	666	2	z
ˤ	d	u	333	2	
ː	ɒ	ʒ	666	2	ɑ
o	t	ɡ	250	3	vˌa
e	p	v	666	2	
i	b	b	333	2	e
ʔ	ː	$	333	2	ˌe
a	n	m	666	2	a
t	e	͡	666	2	ːt
ʌ	ˈ	m	333	2	e
e	p	d	333	2	ˈe
ˈ	q	a	666	2	1eʔˈ
a	j	t	500	3	a
ə	@1C	*	333	32	ˈa
æ	@2C	*	382	122	a
a	@0V	*	410	38	
ː	@0V	*	583	328	
æ	@0C	*	577	148	a
a	@2V	*	272	109	
j	@1V	*	736	75	
i	@1C	*	401	101	ˈi
æ	@2V	*	380	91	a
i	@1V	*	473	113	ˈi
u	@1C	*	340	49	ˈu
ɛ	@0C	*	312	15	a
ɛ	@2V	*	400	9	e
u	@1V	*	458	47	ˈu
ʊ	@1C	*	333	2	v
ˈ	@2V	*	520	49	ˈ
ʌ	@1V	*	307	12	e
ð	@1V	*	333	2	z
ˌ	@2V	*	611	17	ˌ
u	@2C	*	228	34	o
o	@0C	*	375	15	a
θ	@1C	*	250	3	ːs
ɪ	@1V	*	142	6	
ə	@1V	*	250	15	ˈa
ʕ	@2V	*	384	12	
ʔ	@1C	*	545	10	ʔ
ʋ	@1V	*	500	5	u
ʔ	@1V	*	466	14	ːˈ
ɛ	@1C	*	375	7	e
ɪ	@0C	*	333	2	o
ð	@2V	*	500	3	z
ð	@1C	*	250	3	z
ɔ	@2C	*	333	2	ˌo
ʊ	@2V	*	400	4	ˌo
ˈ	@2C	*	500	5	ˈ
ɪ	@1C	*	333	2	ˈo
ɑ	@2V	*	333	2	ˈɑ
w	@0C	*	600	4	n
ɛ	@2C	*	250	3	e
ə	@1C	n	285	6	ˈo
ː	@0C	m	634	40	
ː	@0C	z	461	12	
e	@1C	ɡ	285	6	ˈe
æ	@0C	ɾ	538	25	ˈa
a	@2V	ː	431	57	
i	@1C	ː	462	79	ˈi
æ	@2C	ɾ	473	37	a
a	@1V	m	300	9	a
æ	@2V	m	333	20	ˌa
i	@1V	ː	509	105	ˈi
æ	@2V	n	448	28	ˈa
ː	@2V	v	375	7	j
e	@1C	n	375	7	ˈe
t	@1V	i	400	14	ˈat
e	@1C	d	300	9	ˈe
ə	@1C	s	333	5	ˈa
ː	@2C	h	500	3	
ə	@1C	h	333	2	ˈa
a	@2V	t	333	2	ˈa
a	@0V	$	400	4	e
d	@2V	r	666	2	ːd
e	@1V	f	666	2	ˈe
æ	@1C	d	200	4	ˈa
j	@1C	e	375	15	
i	@0C	s	666	2	ˈa
ː	@2V	ɡ	583	11	ː
ː	@2V	l	444	8	
a	@1C	l	666	2	1ˈa
æ	@1V	n	655	28	ˈa
ʊ	@1C	a	333	2	v
a	@2V	m	400	4	a
ˈ	@2V	ʌ	500	11	ˈ
ʌ	@1V	n	400	4	
ð	@1V	ˤ	333	2	z
e	@0C	ʃ	478	22	a
ɡ	@1V	e	333	2	aɡ
a	@2C	m	500	3	e
i	@0C	z	666	2	e
ː	@2C	k	500	7	ɑ
a	@1V	t	375	7	ˈa
æ	@1C	n	714	13	ˈa
æ	@0C	ʃ	166	5	o
i	@0C	r	571	6	a
a	@0C	l	200	4	s
ɪ	@1V	ʃ	333	2	
ː	@0C	ʃ	363	10	
ː	@2V	ʃ	444	17	
u	@2C	ː	238	20	ˈu
ː	@2C	ʃ	300	9	
e	@1C	ɾ	200	4	ˈa
a	@1V	q	400	4	
e	@1V	ɡ	500	3	ˈe
ˌ	@2V	a	500	5	
ˈ	@2V	a	481	26	ˈ
i	@1C	n	500	3	ˈi
a	@1C	r	500	5	ˈa
a	@2V	ʊ	500	5	
ː	@1C	t	375	7	ː
a	@1V	ʃ	333	2	
ə	@1C	q	333	2	ˈa
i	@2V	n	400	4	ˌe
ː	@1V	f	875	7	ɑ
u	@2C	n	500	3	o
a	@1C	d	428	6	ˈa
i	@0C	m	333	5	e
ɾ	@2C	i	650	19	ar
a	@0C	m	400	9	ˈa
ː	@2V	s	545	10	ː
æ	@2C	s	400	4	e
e	@0C	ɾ	666	2	ˈa
æ	@2C	f	500	3	a
ɛ	@0C	l	400	4	ˈe
æ	@2C	ʃ	333	2	ˈe
ə	@1V	n	400	4	ˈa
l	@2C	e	333	2	el
i	@0C	k	333	2	a
u	@1C	b	333	2	a
ʕ	@2V	a	444	8	
u	@1V	n	666	2	ˈa
ə	@1V	r	250	3	
a	@0C	f	333	2	ˈa
o	@2V	ː	250	3	o
e	@1V	ɾ	250	3	ˈe
e	@1C	ː	333	2	ˈi
o	@1V	ː	666	2	u
ə	@2V	l	333	5	e
ˈ	@2V	i	600	9	ˈ
a	@1C	j	333	2	a
ː	@2V	b	533	14	
ː	@1V	b	500	5	
ʋ	@1V	i	400	4	u
ɾ	@1C	ɒ	333	2	ar
ə	@1C	r	375	7	ˈa
e	@2V	n	250	11	
ː	@2V	t	666	8	
ə	@1V	d	500	3	o
e	@1C	s	333	8	ˈe
e	@1V	ʃ	500	5	ˈe
ə	@2C	d	333	2	e
ː	@1C	f	571	6	ɑ
i	@2V	s	666	2	ˌa
ʔ	@1V	i	583	11	ːˈ
r	@2C	i	750	3	ar
o	@2V	ʃ	333	2	ˌo
ʊ	@2C	a	400	4	v
i	@0C	d	500	5	a
ɛ	@2V	n	333	2	a
i	@0C	ʃ	285	6	e
ð	@2V	ˤ	333	2	
ə	@2V	q	500	3	ˌa
o	@2V	d	500	3	o
a	@0C	ʃ	333	2	a
æ	@2V	ɾ	500	15	a
ɛ	@1V	n	500	3	ˈa
w	@1C	i	250	3	1v
a	@2V	x	666	2	a
æ	@2V	s	375	7	a
æ	@0C	s	500	3	ˈa
i	@2V	d	600	4	e
a	@1C	m	400	4	ˈa
ʔ	@2C	u	400	4	ˈ
ˤ	@1C	u	500	3	
ː	@0C	f	600	4	ɑ
e	@2V	j	333	2	i
j	@2V	ɾ	333	2	
æ	@1V	t	666	2	ˈa
i	@1C	ʕ	333	2	ˈe
e	@2C	s	200	4	ˈa
i	@2C	s	250	3	a
ː	@2V	k	428	6	ɑ
o	@2V	ɾ	250	3	u
e	@2V	z	333	2	ˌa
o	@1V	n	666	2	o
i	@2C	n	666	2	ˌe
r	@2V	z	500	3	ːr
i	@1C	ˈ	500	3	ˈi
e	@1V	n	333	2	
i	@2V	q	500	3	ˌe
ʔ	@1C	e	600	4	ːˈ
æ	@2C	d	428	6	ˈa
e	@2V	t	571	6	ˌe
ː	@2C	t	700	9	
i	@1C	s	333	2	ˈo
ː	@1V	x	375	7	
a	@1C	k	333	2	ˈa
k	@1C	n	333	2	ːk
ː	@2V	ʒ	500	3	ɑ
æ	@2V	v	750	3	ˌa
a	@2C	x	600	4	ɑ
e	@1C	f	666	2	ˈe
æ	@0C	h	750	3	ˈa
a	@1C	h	666	2	ˈa
i	@1C	r	250	3	a
t	@1C	ɒ	400	4	ˈet
ː	@2V	w	333	2	1ɑ
ː	@1V	ʕ	333	2	
u	@1C	f	333	2	a
r	@2C	u	333	2	ar
a	@1V	x	666	2	ˈa
i	@0C	t	333	2	a
u	@2V	s	333	2	e
o	@0C	m	400	4	a
i	@0C	n	200	4	ˈa
a	@2V	h	500	3	ˌa
i	@0C	ʕ	333	2	e
ː	@2V	q	500	5	ɑ
ː	@1V	ɡ	333	2	ː
a	@2C	z	666	2	
o	@0C	d	750	3	a
ː	@2C	q	666	2	ɑ
ː	@0C	w	750	3	
d	@0C	͡	333	2	ːd
a	@2V	l	500	5	o
d	@1C	ˤ	666	2	z
i	@1V	d	333	2	ˈa
r	@1V	u	333	2	ˈor
a	@2V	ʋ	333	2	ˈa
d	@2C	ˤ	666	2	z
ˤ	@2C	a	333	2	ˈ
a	@1C	b	500	3	a
a	@1C	q	666	2	ˈa
u	@2V	n	333	2	ˌo
a	@0C	t	285	6	ːja
ɛ	@0C	k	333	2	ˈe
a	@1C	x	500	3	ɑ
e	@2V	m	333	2	a
i	@1C	d	250	3	o
æ	@2V	z	333	2	a
a	@1C	w	333	2	ˈa
ɛ	@2V	d	333	2	a
d	@2V	ɾ	666	2	ːd
ʔ	@2C	e	333	2	ʔ
o	@2V	ɡ	333	2	vˌa
i	@2C	b	333	2	e
u	@2C	m	333	2	ˈo
a	@0C	n	333	2	
f	@2V	z	666	2	ːf
ə	@1V	l	333	2	ˈo
j	@2V	j	333	2	i
a	@1V	z	666	2	ˈa
