mulai	mˈula͡ɪ
kita	kˈita
mari	mˈari
Baiklah	bˈa͡ɪklah
Operator	ˌopərˈatɔr
para	pˈara
adalah	adˈalah
Kami	kˈami
dalam	dˈalam
lebih	lˈɛbih
yang	jˈaŋ
batin	bˈatin
pengetahuan	pəŋˌɛtahˈuan
melalui	məlalˈui
medan	mˈɛdan
bertanya	bərtˈaɲa
telah	təlˈah
kalian	kalˈian
Dan	dˈan
latihan	latˈihan
waktu	wˈaktu
antara	antˈara
di	dˈi
bawa	bˈawa
dari	dˈari
banyak	bˈaɲak
tenang	tˈɛnaŋ
tanya	tˈaɲa
tanda	tˈanda
memandang	məmˈandaŋ
kami	kˈami
ketika	kətˈika
lihat	lˈihat
apa	ˈapa
menjawabnya	mənd͡ʒawˈabɲa
ingin	ˈiŋin
duniamu	dˌuniˈamu
permukaan	pərmukˈaan
ke	kə
persepsi	pərsˈɛpsi
mengarahkan	məŋarˈahkan
sekarang	səkˈaraŋ
ini	ˈini
planet	plˈanət
Ketika	kətˈika
berinkarnasi	bərˌinkarnˈasi
kesadaran	kəsadˈaran
terjadi	tərd͡ʒˈadi
sedang	sˈɛdaŋ
keseluruhan	kəsˌɛlurˈuhan
mengamati	məŋamˈati
dan	dˈan
cahaya	t͡ʃahˈaja
melihat	məlˈihat
tubuh	tˈubuh
diri	dˈiri
menyatakan	məɲatˈakan
sebuah	səbˈuah
masing	mˈasiŋ
titik	tˈitik
Miliaran	mˌiliˈaran
sekelilingnya	səkˌɛlilˈiŋɲa
ruang	rˈuaŋ
hati	hˈati
unik	ˈunik
memancarkan	məmant͡ʃˈarkan
atmosfer	atmˈosfər
malam	mˈalam
langit	lˈaŋit
pemandangan	pəmandˈaŋan
menyerupai	məɲərˈupa͡ɪ
fokusmu	fokˈusmu
pikiran	pikˈiran
dicerna	dit͡ʃˈɛrna
bisa	bˈisa
bahasa	bahˈasa
diterjemahkan	dˌitərd͡ʒəmˈahkan
bila	bˈila
itu	ˈitu
Gambaran	ɡambˈaran
gelap	ɡˈɛlap
atas	ˈatas
tersebar	tərsˈɛbar
bercahaya	bərt͡ʃahˈaja
Titik	tˈitik
kecemerlangan	kət͡ʃˌɛmərlˈaŋan
membawa	məmbˈawa
sendiri	səndˈiri
iramanya	ˌiramˈaɲa
dengan	dˈɛŋan
berdenyut	bərdˈɛɲut
berbeda	bərbˈɛda
jari	d͡ʒˈari
sidik	sˈidik
seperti	səpˈɛrti
terang	tˈɛraŋ
jauh	d͡ʒˈa͡ʊh
sebagian	səbaɡˈian
miliaran	mˌiliˈaran
Di	dˈi
menjalani	mənd͡ʒalˈani
makhluk	mˈaxluk
sadar	sˈadar
pencipta	pənt͡ʃˈipta
Mereka	mərˈɛka
fokus	fˈokus
batas	bˈatas
melarutkan	məlarˈutkan
hening	hˈɛniŋ
mengembangkan	məŋəmbˈaŋkan
merawat	mərˈawat
penyelarasan	pəɲˌɛlarˈasan
menjaga	mənd͡ʒˈaɡa
arsitektur	ˌarsitˈɛktur
pun	pˈun
mana	mˈana
sudut	sˈudut
terlihat	tərlˈihat
sehingga	səhˈiŋɡa
begitu	bəɡˈitu
sekitarnya	səkitˈarɲa
pendar	pˈɛndar
melampaui	məlampˈa͡ʊi
mereka	mərˈɛka
Cahaya	t͡ʃahˈaja
geometris	ɡˌɛomˈɛtris
secara	sət͡ʃˈara
presisi	prəsˈisi
terstruktur	tərstrˈuktur
tertata	tərtˈata
koheren	kohˈɛrən
hasilkan	hasˈilkan
lilin	lˈilin
penuh	pˈɛnuh
bintang	bˈintaŋ
terhubung	tərhˈubuŋ
saling	sˈaliŋ
tempat	tˈɛmpat
biasa	biˈasa
luar	lˈuar
membuat	məmbˈuat
bagian	baɡˈian
Inilah	inˈilah
jembatan	d͡ʒəmbˈatan
lewat	lˈɛwat
terentang	tərˈɛntaŋ
benang	bənˈaŋ
Benang	bənˈaŋ
sama	sˈama
frekuensi	frˌɛkuˈɛnsi
koneksi	konˈɛksi
jaring	d͡ʒˈariŋ
geografis	ɡˌɛoɡrˈafis
jarak	d͡ʒˈarak
melintasi	məlintˈasi
menautkan	mənˈa͡ʊtkan
seluruh	səlˈuruh
mengalir	məŋˈalir
harmoni	harmˈoni
sebagai	səbˈaɡa͡ɪ
tampak	tˈampak
bersamaan	bərsamˈaan
ribuan	ribˈuan
oleh	ˈoləh
diucapkan	dˌiut͡ʃˈapkan
Penyelarasan	pəɲˌɛlarˈasan
simpul	sˈimpul
setiap	sətˈiap
dibagikan	dˌibaɡˈikan
tunggal	tˈuŋɡal
getaran	ɡətˈaran
Satu	sˈatu
satu	sˈatu
jangkauannya	d͡ʒˌaŋka͡ʊˈanɲa
menyatu	məɲˈatu
efek	ˈɛfək
menghasilkan	məŋhasˈilkan
hidup	hˈidup
Jaring	d͡ʒˈariŋ
bernapas	bərnˈapas
Ia	ˈia
istirahat	ˌistirˈahat
atau	ˈata͡ʊ
integrasi	ˌintəɡrˈasi
masa	mˈasa
memasuki	məmasˈuki
lembut	lˈɛmbut
meredup	mərˈɛdup
menyala	məɲˈala
baru	bˈaru
kali	kˈali
makin	mˈakin
kolektif	kolˈɛktif
fase	fˈasə
perubahan	pərubˈahan
ambang	ˈambaŋ
mendekati	məndəkˈati
model	mˈodəl
menurut	mənˈurut
pola	pˈola
cepat	t͡ʃˈɛpat
semakin	səmˈakin
lintasan	lintˈasan
diungkapkan	dˌiuŋkˈapkan
sulit	sˈulit
cara	t͡ʃˈara
indah	ˈindah
bagi	bˈaɡi
struktural	struktˈural
perbaikan	pərbˈa͡ɪkan
karena	karˈɛna
fungsinya	fuŋsˈiɲa
matematika	mˌatəmatˈika
kedalaman	kədalˈaman
menggemakan	məŋɡəmˈakan
kerumitan	kərumˈitan
rupanya	rupˈaɲa
hubungan	hubˈuŋan
menata	mənˈata
simulasi	sˌimulˈasi
dasar	dˈasar
kode	kˈodə
geometri	ɡˌɛomˈɛtri
menggandakan	məŋɡandˈakan
menyadarinya	məɲˌadarˈiɲa
tanpa	tˈanpa
Para	pˈara
bangun	bˈaŋun
dulu	dˈulu
mencerminkan	mənt͡ʃərmˈinkan
arsitekturnya	ˌarsitəktˈurɲa
kembali	kəmbˈali
mengulang	məŋˈulaŋ
seniman	sənˈiman
Sang	sˈaŋ
pemandangannya	pəmˌandaŋˈanɲa
keindahan	kəindˈahan
praktis	prˈaktis
makna	mˈakna
punya	pˈuɲa
berfungsi	bərfˈuŋsi
saluran	salˈuran
menghubungkan	məŋhubˈuŋkan
dukungan	dukˈuŋan
kreatif	krəˈatif
energi	ənˈɛrɡi
informasi	ˌinfɔrmˈasi
muncul	mˈunt͡ʃul
lama	lˈama
seorang	səˈɔraŋ
jaringan	d͡ʒarˈiŋan
menenangkan	mənənˈaŋkan
terhenti	tərhˈɛnti
aliran	alˈiran
berintegrasi	bərˌintəɡrˈasi
memintanya	məmintˈaɲa
harus	hˈarus
menerima	mənərˈima
kesulitan	kəsulˈitan
Pencipta	pənt͡ʃˈipta
tenaga	tənˈaɡa
kehabisan	kəhabˈisan
mengalirkan	məŋalˈirkan
otomatis	ˌotomˈatis
sistem	sˈistəm
Karena	karˈɛna
membutuhkannya	məmbˌutuhkˈanɲa
paling	pˈaliŋ
saat	sˈaat
pada	pˈada
tepat	tˈɛpat
ajaib	ˈad͡ʒa͡ɪb
emosional	ˌɛmosiˈonal
keteguhan	kətəɡˈuhan
ilham	ˈilham
semangat	səmˈaŋat
dorongan	dɔrˈoŋan
datangnya	datˈaŋɲa
mengalaminya	məŋˌalamˈiɲa
pernah	pˈɛrnah
Banyak	bˈaɲak
dikirim	dikˈirim
denyut	dˈɛɲut
kekosongan	kəkosˈoŋan
merasakan	mərasˈakan
hatinya	hatˈiɲa
Bersumber	bərsˈumbər
karya	kˈarja
memperkuat	məmpərkˈuat
juga	d͡ʒˈuɡa
sambil	sˈambil
berkarya	bərkˈarja
Seorang	səˈɔraŋ
luas	lˈuas
waduk	wˈaduk
akses	ˈaksəs
memiliki	məmilˈiki
diciptakan	dˌit͡ʃiptˈakan
aktif	ˈaktif
ulang	ˈulaŋ
terisi	tərˈisi
terus	tˈɛrus
sendirian	səndirˈian
ciptaan	t͡ʃiptˈaan
ditandingi	dˌitandˈiŋi
tidak	tˈidak
daya	dˈaja
dihasilkan	dˌihasˈilkan
Karya	kˈarja
koherensi	kˌohərˈɛnsi
disuapi	dˌisuˈapi
rapatnya	rapˈatɲa
seiring	səˈiriŋ
bertambah	bərtˈambah
Penguatan	pəŋuˈatan
prinsipnya	prinsˈipɲa
prinsip	prˈinsip
mempraktikkan	məmpraktˈikkan
transmisi	transmˈisi
komunitas	kˌomunˈitas
sebabnya	səbˈabɲa
orang	ˈɔraŋ
dirasakan	dˌirasˈakan
menyuapi	məɲuˈapi
individu	ˌindivˈidu
hasil	hˈasil
Koherensi	kˌohərˈɛnsi
dicapai	dit͡ʃˈapa͡ɪ
kekuatan	kəkuˈatan
jangkauan	d͡ʒaŋkˈa͡ʊan
arsitek	arsˈitək
fungsi	fˈuŋsi
menghadirkan	məŋhadˈirkan
hasilnya	hasˈilɲa
kehidupan	kəhidˈupan
tentang	tˈɛntaŋ
bicara	bit͡ʃˈara
Mari	mˈari
fisik	fˈisik
pita	pˈita
genggamannya	ɡˌɛŋɡamˈanɲa
melepaskan	mələpˈaskan
keluar	kəlˈuar
meluas	məlˈuas
lalu	lˈalu
cakupan	t͡ʃakˈupan
Pengalamannya	pəŋˌalamˈanɲa
utuh	ˈutuh
menjadi	mənd͡ʒˈadi
terbuka	tərbˈuka
menyempit	məɲˈɛmpit
Kesadaran	kəsadˈaran
seketika	səkətˈika
panoramik	pˌanɔrˈamik
pengenalan	pəŋənˈalan
selesai	səlˈɛsa͡ɪ
saja	sˈad͡ʒa
alur	ˈalur
terlewat	tərlˈɛwat
kesempatan	kəsəmpˈatan
tindakan	tindˈakan
pilihan	pilˈihan
Setiap	sətˈiap
konteks	kˈontəks
asih	ˈasih
welas	wˈɛlas
penyesalan	pəɲəsˈalan
penghakiman	pəŋhakˈiman
sekaligus	səkalˈiɡus
dipandang	dipˈandaŋ
Semuanya	səmuˈaɲa
diambil	diˈambil
keputusan	kəputˈusan
mengapa	məŋˈapa
diperluas	dˌipərlˈuas
pandang	pˈandaŋ
memahami	məmahˈami
melihatnya	məlihˈatɲa
sekilas	səkˈilas
disebut	disˈɛbut
begitulah	bəɡitˈulah
Tinjauan	tind͡ʒˈa͡ʊan
moral	mˈɔral
penilaian	pənilˈa͡ɪan
bukan	bˈukan
pegang	pˈɛɡaŋ
ia	ˈia
diciptakannya	dˌit͡ʃiptakˈanɲa
menilai	mənˈila͡ɪ
holografis	hˌoloɡrˈafis
ingatan	iŋˈatan
simpan	sˈimpan
Akasha	akˈasha
isi	ˈisi
melepaskannya	məlˌɛpaskˈanɲa
warisan	warˈisan
muatan	muˈatan
dirinya	dirˈiɲa
sepenuhnya	səpənˈuhɲa
terperinci	tərpərˈint͡ʃi
Penilaian	pənilˈa͡ɪan
kreatifnya	krˌɛatˈifɲa
tinjauan	tind͡ʒˈa͡ʊan
Setelah	sətˈɛlah
hari	hˈari
hanya	hˈaɲa
inkarnasi	ˌinkarnˈasi
skala	skˈala
berlangsung	bərlˈaŋsuŋ
tetapi	tətˈapi
malammu	malˈammu
siklus	sˈiklus
lelap	lˈɛlap
tidur	tˈidur
mirip	mˈirip
Keadaan	kəadˈaan
usai	ˈusa͡ɪ
bahan	bˈahan
mengolah	məŋˈolah
beristirahat	bərˌistirˈahat
mengingat	məŋˈiŋat
melupakan	məlupˈakan
perjalanan	pərd͡ʒalˈanan
lahir	lˈahir
khas	xˈas
kualitas	kˌualˈitas
menyerap	məɲˈɛrap
kesadarannya	kəsˌadarˈanɲa
pengalaman	pəŋalˈaman
menyatukan	məɲatˈukan
jelaskan	d͡ʒəlˈaskan
Masa	mˈasa
lupa	lˈupa
tekstur	tˈɛkstur
sang	sˈaŋ
permanen	pərmˈanən
terintegrasi	tərˌintəɡrˈasi
olehnya	olˈɛhɲa
ditentukan	dˌitəntˈukan
kesiapan	kəsiˈapan
lagi	lˈaɡi
untuk	ˈuntuk
siap	sˈiap
sejarah	səd͡ʒˈarah
akan	ˈakan
pustaka	pustˈaka
menghampiri	məŋhampˈiri
dipaksakan	dˌipaksˈakan
berikutnya	bərikˈutɲa
mahakarya	mˌahakˈarja
merancang	mərˈant͡ʃaŋ
ulung	ˈuluŋ
kesengajaan	kəsˌɛŋad͡ʒˈaan
ketepatan	kətəpˈatan
konfigurasi	kˌonfiɡurˈasi
memilih	məmˈilih
peluangnya	pəluˈaŋɲa
peluang	pəlˈuaŋ
khusus	xˈusus
tantangan	tantˈaŋan
lokasi	lokˈasi
keluarga	kəluˈarɡa
Tubuh	tˈubuh
disengaja	dˌisəŋˈad͡ʒa
kewenangan	kəwənˈaŋan
realitas	rˌɛalˈitas
dipilih	dipˈilih
selama	səlˈama
diwujudkan	dˌiwud͡ʒˈudkan
dibawa	dibˈawa
Kamulah	kamˈulah
kamu	kˈamu
kemampuan	kəmampˈuan
hadapi	hadˈapi
hubungannya	hˌubuŋˈanɲa
tubuhnya	tubˈuhɲa
huni	hˈuni
Konfigurasi	kˌonfiɡurˈasi
dimulai	dimˈula͡ɪ
sebelum	səbˈɛlum
kesadaranmu	kəsˌadarˈanmu
dijangkau	did͡ʒˈaŋka͡ʊ
pelajari	pəlad͡ʒˈari
tiba	tˈiba
Pengetahuan	pəŋˌɛtahˈuan
hidupmu	hidˈupmu
diberikannya	dˌibərikˈanɲa
arahan	arˈahan
itulah	itˈulah
gambar	ɡˈambar
biru	bˈiru
cetak	t͡ʃˈɛtak
meninjau	mənˈind͡ʒa͡ʊ
aslinya	aslˈiɲa
rancangan	rant͡ʃˈaŋan
berdasarkan	bərdasˈarkan
bimbingan	bimbˈiŋan
memberi	məmbˈɛri
mengubah	məŋˈubah
terasa	tərˈasa
langsung	lˈaŋsuŋ
pemahaman	pəmahˈaman
Nilai	nˈila͡ɪ
tertentu	tərtˈɛntu
bentuk	bəntˈuk
rintangan	rintˈaŋan
Tantangan	tantˈaŋan
semuanya	səmuˈaɲa
karyamu	karjˈamu
temui	təmˈui
hambatan	hambˈatan
persis	pˈɛrsis
sifat	sˈifat
tahu	tˈahu
pengalamanmu	pəŋˌalamˈanmu
ditambahkan	dˌitambˈahkan
tumbuh	tˈumbuh
kesalahan	kəsalˈahan
fitur	fˈitur
Hambatan	hambˈatan
keanggunan	kəaŋɡˈunan
diperlukan	dˌipərlˈukan
merancangnya	mərant͡ʃˈaŋɲa
ikut	ˈikut
tak	tˈak
mendasar	məndˈasar
tingkat	tˈiŋkat
Ini	ˈini
aku	ˈaku
kukembangkan	kˌukəmbˈaŋkan
padaku	padˈaku
bergeser	bərɡˈɛsər
Pertanyaannya	pərtˌaɲaˈanɲa
datang	dˈataŋ
Jawabannya	d͡ʒˌawabˈanɲa
dimaksudkan	dˌimaksˈudkan
menumbuhkan	mənumbˈuhkan
bahwa	bˈahwa
tertanam	tərtˈanam
tujuan	tud͡ʒˈuan
rasa	rˈasa
Sebuah	səbˈuah
medium	mədˈium
berhenti	bərhˈɛnti
Kesulitan	kəsulˈitan
kerja	kˈɛrd͡ʒa
rekan	rˈɛkan
musuh	mˈusuh
berjalan	bərd͡ʒˈalan
menampakkan	mənampˈakkan
dijalankan	dˌid͡ʒalˈankan
visi	vˈisi
Dirancang	dirˈant͡ʃaŋ
Kini	kˈini
ditanyai	ditˈaɲa͡ɪ
kematian	kəmatˈian
Pemahaman	pəmahˈaman
pelipatan	pəlipˈatan
hanyalah	haɲˈalah
Yang	jˈaŋ
melipat	məlˈipat
keadaan	kəadˈaan
menopang	mənˈopaŋ
struktur	strˈuktur
diperkaya	dˌipərkˈaja
potensi	potˈɛnsi
akhirnya	axˈirɲa
Menilai	mənˈila͡ɪ
napas	nˈapas
embusan	əmbˈusan
Kematian	kəmatˈian
berlanjut	bərlˈand͡ʒut
menyusul	məɲˈusul
Tarikan	tarˈikan
aksesnya	aksˈɛsɲa
kembangkan	kəmbˈaŋkan
pengamat	pəŋˈamat
bertahan	bərtˈahan
menyentuh	məɲˈɛntuh
Melalui	məlalˈui
Berarti	bərˈarti
berada	bərˈada
masih	mˈasih
Selagi	səlˈaɡi
ada	ˈada
selalu	səlˈalu
dirimu	dirˈimu
menghubungkanmu	məŋhˌubuŋkˈanmu
Jembatan	d͡ʒəmbˈatan
berasal	bərˈasal
memberimu	məmbərˈimu
bertubuh	bərtˈubuh
selagi	səlˈaɡi
menjangkaunya	mənd͡ʒaŋkˈa͡ʊɲa
humor	hˈumɔr
berhubungan	bərhubˈuŋan
caramu	t͡ʃarˈamu
tawa	tˈawa
dilakukan	dˌilakˈukan
sebenarnya	səbənˈarɲa
berbicara	bərbit͡ʃˈara
terduga	tərdˈuɡa
sukacita	sˌukat͡ʃˈita
Dengan	dˈɛŋan
gangguan	ɡaŋɡˈuan
peristiwa	pəristˈiwa
Tawa	tˈawa
spontan	spˈontan
tanggapan	taŋɡˈapan
tulus	tˈulus
manusia	mˌanusˈia
semua	səmˈua
sesaat	səsˈaat
penataan	pənatˈaan
mengalami	məŋalˈami
elektromagnetik	ˌɛləktrˌomaɡnˈɛtik
menyenangkan	məɲənˈaŋkan
sesuatu	səsuˈatu
terhadap	tərhˈadap
melonjak	məlˈond͡ʒak
Medan	mˈɛdan
genggaman	ɡəŋɡˈaman
saraf	sˈaraf
Sistem	sˈistəm
dipelihara	dˌipəlihˈara
ketegangan	kətəɡˈaŋan
lepas	lˈɛpas
mengguncang	məŋɡˈunt͡ʃaŋ
otot	ˈotot
Kontraksi	kontrˈaksi
lainnya	lˈa͡ɪnɲa
emosi	əmˈosi
daripada	dˌaripˈada
surga	sˈurɡa
dekat	dˈɛkat
terukur	tərˈukur
sejenak	səd͡ʒˈɛnak
melompat	məlˈompat
kebahagiaan	kəbˌahaɡiˈaan
kecuali	kət͡ʃuˈali
kuncinya	kunt͡ʃˈiɲa
Gangguan	ɡaŋɡˈuan
menyela	məɲˈɛla
kebiasaan	kəbˌiasˈaan
terkondisi	tərkondˈisi
reaksi	rəˈaksi
dilatih	dilˈatih
kisah	kˈisah
berulang	bərˈulaŋ
Tanggapan	taŋɡˈapan
demi	dˈɛmi
mendaur	mˈɛnda͡ʊr
lingkaran	liŋkˈaran
memutus	məmˈutus
diantisipasi	dˌiantˌisipˈasi
Rangsangan	raŋsˈaŋan
masuk	mˈasuk
terputus	tərpˈutus
tercipta	tərt͡ʃˈipta
celah	t͡ʃˈɛlah
setelah	sətˈɛlah
jernih	d͡ʒˈɛrnih
sementara	səməntˈara
dibungkam	dibˈuŋkam
menenggelamkannya	mənˌɛŋɡəlamkˈanɲa
biasanya	bˌiasˈaɲa
kebisingan	kəbisˈiŋan
hampir	hˈampir
lucu	lˈut͡ʃu
planetmu	planˈɛtmu
bijak	bˈid͡ʒak
keterampilan	kətˌɛrampˈilan
ungkapan	uŋkˈapan
dua	dˈua
bercanda	bərt͡ʃˈanda
Kemampuan	kəmampˈuan
komedi	komˈɛdi
mengungkapkannya	məŋˌuŋkapkˈanɲa
Humor	hˈumɔr
pencerahan	pənt͡ʃərˈahan
Kebijaksanaan	kəbˌid͡ʒaksanˈaan
Persepsinya	pərsəpsˈiɲa
baliknya	balˈikɲa
absurditas	ˌabsurdˈitas
menertawakan	mənˌɛrtawˈakan
keduanya	kəduˈaɲa
Ungkapannya	ˌuŋkapˈanɲa
namun	nˈamun
sungguh	sˈuŋɡuh
pencari	pənt͡ʃˈari
bekerja	bəkˈɛrd͡ʒa
Tertawalah	tərtawˈalah
tertawa	tərtˈawa
wewenang	wəwˈɛnaŋ
mengatakan	məŋatˈakan
hakikatnya	hˌakikˈatɲa
pura	pˈura
berpura	bərpˈura
Tuhan	tˈuhan
Absurditas	ˌabsurdˈitas
dalamnya	dalˈamɲa
tersesat	tərsˈɛsat
suatu	suˈatu
kosmik	kˈosmik
dipahaminya	dˌipahamˈiɲa
sanggup	sˈaŋɡup
proses	prˈosəs
kendali	kəndˈali
mempertahankan	məmpərtahˈankan
asa	ˈasa
putus	pˈutus
Upaya	upˈaja
kejernihan	kəd͡ʒərnˈihan
melangkah	məlˈaŋkah
pintu	pˈintu
membuka	məmbˈuka
serius	sərˈius
praktisi	praktˈisi
asing	ˈasiŋ
mungkin	mˈuŋkin
kemudahan	kəmudˈahan
Ada	ˈada
usaha	usˈaha
konsisten	konsˈistən
bebas	bˈɛbas
keriangan	kəriˈaŋan
apung	ˈapuŋ
keringanan	kəriŋˈanan
disiplin	disˈiplin
dangkal	dˈaŋkal
fungsional	fˌuŋsiˈonal
Keringanan	kəriŋˈanan
membersihkan	məmbərsˈihkan
tadi	tˈadi
sejati	səd͡ʒˈati
kejutan	kəd͡ʒˈutan
kebaruan	kəbarˈuan
bersih	bˈɛrsih
daur	dˈa͡ʊr
Bukan	bˈukan
produktif	prodˈuktif
sering	sˈɛriŋ
kreatifmu	krˌɛatˈifmu
riang	rˈiaŋ
Saat	sˈaat
saringan	sarˈiŋan
melaluinya	məlˌaluˈiɲa
deras	dˈɛras
mengendalikan	məŋˌɛndalˈikan
diizinkan	dˌiizˈinkan
mutu	mˈutu
disebutkan	dˌisəbˈutkan
layak	lˈajak
Hubungan	hubˈuŋan
mencipta	mənt͡ʃˈipta
dia	dˈia
Aku	ˈaku
mendarat	məndˈarat
kegelian	kəɡəlˈian
longgar	lˈoŋɡar
khidmat	xˈidmat
kesungguhan	kəsuŋɡˈuhan
kata	kˈata
Dibandingkan	dˌibandˈiŋkan
terdekat	tərdˈɛkat
padanan	padˈanan
salah	sˈalah
dikenali	dˌikənˈali
bermain	bˈɛrma͡ɪn
menambahkan	mənambˈahkan
spiritualmu	spˌirituˈalmu
praktik	prˈaktik
berdampingan	bərdampˈiŋan
Makna	mˈakna
perancang	pərˈant͡ʃaŋ
kalimat	kalˈimat
serangkaian	səraŋkˈa͡ɪan
musik	mˈusik
membagikan	məmbaɡˈikan
cukup	t͡ʃˈukup
lebar	lˈɛbar
lengkap	lˈɛŋkap
sudah	sˈudah
bahas	bˈahas
terdalam	tərdˈalam
penciptaan	pənt͡ʃiptˈaan
hakikat	hakˈikat
Musik	mˈusik
materi	matˈɛri
berdiri	bərdˈiri
gelombang	ɡəlˈombaŋ
menatanya	mənatˈaɲa
mentah	mˈɛntah
mengambil	məŋˈambil
membentuk	məmbəntuk
membangun	məmbˈaŋun
menggubah	məŋɡˈubah
prosesnya	prosˈɛsɲa
irama	irˈama
dimensional	dˌimənsiˈonal
Pita	pˈita
simfoni	simfˈoni
menulis	mənˈulis
interaksi	ˌintərˈaksi
mengatur	məŋˈatur
hukum	hˈukum
partikel	partˈikəl
gaya	ɡˈaja
unsur	ˈunsur
Unsur	ˈunsur
rumitnya	rumˈitɲa
komposisi	kˌomposˈisi
tema	tˈɛma
musikmu	musˈikmu
teori	təˈɔri
dilihat	dilˈihat
sempat	sˈɛmpat
harmonik	harmˈonik
lain	lˈa͡ɪn
Masing	mˈasiŋ
matematikamu	mˌatəmˌatikˈamu
dimodelkan	dˌimodˈɛlkan
belum	bˈɛlum
dimensi	dimˈɛnsi
melodi	məlˈodi
bunyi	bˈuɲi
musisi	musˈisi
melahirkan	məlahˈirkan
mungil	mˈuŋil
versi	vˈɛrsi
memerankan	məmərˈankan
mengikuti	məŋikˈuti
Ciptaan	t͡ʃiptˈaan
jalinan	d͡ʒalˈinan
variasi	vˌariˈasi
pengulangan	pəŋulˈaŋan
penyelesaian	pəɲˌɛləsˈa͡ɪan
awalnya	awˈalɲa
pernyataan	pərɲatˈaan
kembalinya	kəmbalˈiɲa
pengayaan	pˌɛŋajˈaan
dikembalikan	dˌikəmbalˈikan
diubah	diˈubah
dikembangkan	dˌikəmbˈaŋkan
dinyatakan	dˌiɲatˈakan
mengenali	məŋənˈali
menyentuhmu	məɲəntˈuhmu
alasan	alˈasan
kuantum	kuˈantum
menanggapi	mənaŋɡˈapi
benar	bənˈar
dipersepsi	dˌipərsˈɛpsi
Resonansi	rˌɛsonˈansi
alat	ˈalat
suara	suˈara
menciptakan	mənt͡ʃiptˈakan
Bermain	bˈɛrma͡ɪn
tersedia	tərsədˈia
kreasi	krəˈasi
ko	kˈo
sebelumnya	səbəlˈumɲa
menyalurkan	məɲalˈurkan
estetis	əstˈɛtis
dasarnya	dasˈarɲa
gema	ɡˈɛma
rasio	rasˈio
pendengar	pəndˈɛŋar
kepada	kəpˈada
melewati	mələwˈati
kebenaran	kəbənˈaran
tulang	tˈulaŋ
kulit	kˈulit
biofoton	bˌiofˈoton
spiritual	spˌiritˈual
kebangkitan	kəbaŋkˈitan
dibedakan	dˌibədˈakan
beberapa	bəbərˈapa
berbasis	bərbˈasis
komunikasi	kˌomunikˈasi
mentransmisikan	məntrˌansmisˈikan
rancangannya	rˌant͡ʃaŋˈanɲa
hadapan	hadˈapan
besar	bˈɛsar
keterbukaan	kətˌɛrbukˈaan
mata	mˈata
air	ˈa͡ɪr
Kehangatan	kəhaŋˈatan
sempurna	səmpˈurna
kasih	kˈasih
getarannya	ɡˌɛtarˈanɲa
Kehadiran	kəhadˈiran
sepanjang	səpˈand͡ʒaŋ
bagikan	baɡˈikan
Sekarang	səkˈaraŋ
selamanya	səlamˈaɲa
yakini	jakˈini
tulis	tˈulis
seni	sˈɛni
gubah	ɡˈubah
kehadiran	kəhadˈiran
jalani	d͡ʒalˈani
percakapan	pərt͡ʃakˈapan
dunia	dunˈia
Ciptaanmu	t͡ʃˌiptaˈanmu
Hasil	hˈasil
kekekalan	kəkəkˈalan
memandangnya	məmandˈaŋɲa
menerimanya	mənˌɛrimˈaɲa
terkalibrasi	tərkˌalibrˈasi
padat	pˈadat
tanamkan	tanˈamkan
disimpan	disˈimpan
Senimu	sənˈimu
imajinasi	ˌimad͡ʒinˈasi
depan	dˈɛpan
mekanisme	məkanˈismə
diakses	diˈaksəs
hasrat	hˈasrat
tertarik	tərtˈarik
merasa	mərˈasa
mengakses	məŋˈaksəs
memungkinkanmu	məmˌuŋkinkˈanmu
penyair	pˈɛɲa͡ɪr
dipegang	dipˈɛɡaŋ
memuat	məmˈuat
ditulis	ditˈulis
puisi	puˈisi
menulisnya	mənulˈisɲa
tersimpan	tərsˈimpan
digubah	diɡˈubah
lagu	lˈaɡu
gubahan	ɡubˈahan
resonansi	rˌɛsonˈansi
cocok	t͡ʃˈot͡ʃok
frekuensinya	frˌɛkuənsˈiɲa
dapat	dˈapat
kemungkinan	kəmuŋkˈinan
memperkaya	məmpərkˈaja
menyimpan	məɲˈimpan
menambah	mənˈambah
Kamu	kˈamu
kumpulan	kumpˈulan
jilid	d͡ʒˈilid
menyumbangkan	məɲumbˈaŋkan
gudang	ɡˈudaŋ
gambarkan	ɡambˈarkan
Pustaka	pustˈaka
bertumbuh	bərtˈumbuh
tinggi	tˈiŋɡi
dikhususkan	dˌixusˈuskan
menyimpannya	məɲimpˈanɲa
penting	pˈɛntiŋ
mengenalinya	məŋˌɛnalˈiɲa
kuciptakan	kˌut͡ʃiptˈakan
fotonik	fotˈonik
lingkungan	liŋkˈuŋan
kepadatan	kəpadˈatan
bergerak	bərɡˈɛrak
bergema	bərɡˈɛma
segala	səɡˈala
tambahan	tambˈahan
Apa	ˈapa
Seniku	sənˈiku
tahun	tˈahun
seribu	sərˈibu
kreatifku	krˌɛatˈifku
wujudkan	wud͡ʒˈudkan
membuatnya	məmbuˈatɲa
peradaban	pəradˈaban
sumbangan	sumbˈaŋan
pribadi	pribˈadi
mengangkat	məŋˈaŋkat
simpanan	simpˈanan
harianmu	hˌariˈanmu
Catatan	t͡ʃatˈatan
Lagumu	laɡˈumu
templat	tˈɛmplat
seimbang	səˈimbaŋ
pertukaran	pərtukˈaran
dibangun	dibˈaŋun
Usaha	usˈaha
polanya	polˈaɲa
wirausahawan	wˌira͡ʊsahˈawan
terjaga	tərd͡ʒˈaɡa
bersama	bərsˈama
ilmu	ˈilmu
menyampaikan	məɲampˈa͡ɪkan
memegang	məmˈɛɡaŋ
guru	ɡˈuru
dimiliki	dˌimilˈiki
catatan	t͡ʃatˈatan
isinya	isˈiɲa
relasional	rˌɛlasiˈonal
anaknya	anˈakɲa
berinteraksi	bərˌintərˈaksi
tua	tˈua
pengasuhan	pəŋasˈuhan
menjangkau	mənd͡ʒˈaŋka͡ʊ
menakjubkan	mənakd͡ʒˈubkan
sumbanganmu	sˌumbaŋˈanmu
Cakupan	t͡ʃakˈupan
terkumpul	tərkˈumpul
laju	lˈad͡ʒu
generasi	ɡˌɛnərˈasi
dikalibrasi	dˌikalibrˈasi
penulis	pənˈulis
zaman	zˈaman
menjadikan	mənd͡ʒadˈikan
faktor	fˈaktɔr
gabungan	ɡabˈuŋan
jangkar	d͡ʒˈaŋkar
kini	kˈini
setahun	sətˈahun
Dunia	dunˈia
duduk	dˈuduk
menghuninya	məŋhunˈiɲa
mempersepsi	məmpərsˈɛpsi
Imajinasi	ˌimad͡ʒinˈasi
panggilan	paŋɡˈilan
dahulu	dahˈulu
sejak	sˈɛd͡ʒak
Seperti	səpˈɛrti
siklusnya	siklˈusɲa
nyata	ɲˈata
buat	bˈuat
mengerti	məŋˈɛrti
ketiga	kətˈiɡa
beralih	bərˈalih
bangkit	bˈaŋkit
melaluiku	məlˌaluˈiku
hingga	hˈiŋɡa
pelayanan	pəlajˈanan
lengkungan	ləŋkˈuŋan
menyempurnakan	məɲˌɛmpurnˈakan
Siklus	sˈiklus
Melaluiku	məlˌaluˈiku
riak	rˈiak
Efek	ˈɛfək
puncak	pˈunt͡ʃak
Kekekalan	kəkəkˈalan
belas	bˈɛlas
kedua	kədˈua
Ucapkan	ut͡ʃˈapkan
jati	d͡ʒˈati
Tiga	tˈiɡa
deklarasi	dˌɛklarˈasi
tubuhmu	tubˈuhmu
Rasakan	rasˈakan
menghangat	məŋhˈaŋat
bersinar	bərsˈinar
menegak	mənˈɛɡak
punggung	pˈuŋɡuŋ
Tulang	tˈulaŋ
sekelilingmu	səkˌɛlilˈiŋmu
sukacitaku	sˌukat͡ʃitˈaku
menuju	mənˈud͡ʒu
melengkung	məlˈɛŋkuŋ
balik	bˈalik
pergi	pˈɛrɡi
keheningan	kəhənˈiŋan
sebebas	səbˈɛbas
sini	sˈini
Dua	dˈua
Jati	d͡ʒˈati
bergabung	bərɡˈabuŋ
kuat	kˈuat
Dibawa	dibˈawa
siapa	siˈapa
ingat	ˈiŋat
penciptanya	pənt͡ʃiptˈaɲa
menyebutkan	məɲəbˈutkan
pertama	pərtˈama
strukturnya	struktˈurɲa
lapisan	lapˈisan
nada	nˈada
berlapis	bərlˈapis
matang	mˈataŋ
bulan	bˈulan
enam	ˈɛnam
kaya	kˈaja
perasaan	pərasˈaan
mengucapkannya	məŋˌut͡ʃapkˈanɲa
sesi	sˈɛsi
kematangannya	kəmˌataŋˈanɲa
berdaya	bərdˈaja
organisme	ˌɔrɡanˈismə
termuat	tərmˈuat
Nada	nˈada
mengucapkan	məŋut͡ʃˈapkan
Data	dˈata
menangis	mənˈaŋis
nol	nˈol
menjelajahi	mənd͡ʒˌɛlad͡ʒˈahi
dijalin	did͡ʒˈalin
Pengalaman	pəŋalˈaman
membangunnya	məmbaŋˈunɲa
arsip	ˈarsip
merupakan	mərupˈakan
perjalanannya	pərd͡ʒˌalanˈanɲa
Makhluk	mˈaxluk
bobot	bˈobot
katanya	katˈaɲa
tersendiri	tərsəndˈiri
Kode	kˈodə
keberadaan	kəbˌɛradˈaan
sisa	sˈisa
Dapat	dˈapat
Memandang	məmˈandaŋ
memperlihatkan	məmpərlihˈatkan
Ruang	rˈuaŋ
lakukan	lakˈukan
berarti	bərˈarti
suci	sˈut͡ʃi
Mengapa	məŋˈapa
Ciptakanlah	t͡ʃˌiptakˈanlah
channeling	χannˈɛliŋ
sampai	sˈampa͡ɪ
awal	ˈawal
kusukai	kusˈuka͡ɪ
Nah	nˈah
semacam	səmˈat͡ʃam
rumit	rˈumit
rapat	rˈapat
menggembirakan	məŋɡˌɛmbirˈakan
hatiku	hatˈiku
membekas	məmbˈɛkas
arah	ˈarah
Mengetahui	məŋˌɛtahˈui
One	ˈonə
of	ˈof
Law	lˈaw
dengar	dˈɛŋar
hal	hˈal
penegasan	pənəɡˈasan
mendapat	məndˈapat
Sekali	səkˈali
One?"	ˈonək
sadarku	sadˈarku
bawah	bˈawah
dipengaruhi	dˌipəŋarˈuhi
apakah	apˈakah
"Hei	hˈɛi
berpikir	bərpˈikir
membuatku	məmbuˈatku
kitalah	kitˈalah
menegaskan	mənəɡˈaskan
Tetapi	tətˈapi
keadaannya	kəˌadaˈanɲa
Kita	kˈita
rintangannya	rˌintaŋˈanɲa
sakitnya	sakˈitɲa
hambatannya	hˌambatˈanɲa
menyebut	məɲˈɛbut
sekali	səkˈali
senang	sˈɛnaŋ
Kalau	kˈala͡ʊ
menceritakan	mənt͡ʃˌɛritˈakan
Operator."	ˌopərˈatɔr.
pertemuan	pərtəmˈuan
kualami	kˌualˈami
putar	pˈutar
daftar	dˈaftar
temukan	təmˈukan
Itulah	itˈulah
riangnya	riˈaŋɲa
betapa	bətˈapa
berkomentar	bərkomˈɛntar
Berulang	bərˈulaŋ
Selalu	səlˈalu
memelihara	məmˌɛlihˈara
kepadaku	kəpadˈaku
berikan	bərˈikan
menyelaraskanku	məɲˌɛlaraskˈanku
sampaikan	sampˈa͡ɪkan
terkikik	tərkˈikik
senyum	sˈɛɲum
menahan	mənˈahan
kuasa	kuˈasa
Lalu	lˈalu
Sungguh	sˈuŋɡuh
utama	utˈama
pengungkapan	pəŋuŋkˈapan
tutup	tˈutup
Maka	mˈaka
Biarkan	biˈarkan
turun	tˈurun
perlahan	pərlˈahan
bahumu	bahˈumu
selimut	səlˈimut
hangat	hˈaŋat
napasmu	napˈasmu
melembut	məlˈɛmbut
Tidak	tˈidak
dituntut	ditˈuntut
darimu	darˈimu
perlu	pˈɛrlu
diperbaiki	dˌipərbˈa͡ɪki
Lentera	ləntˈɛra
perhatian	pərhatˈian
terbit	tˈɛrbit
mengendur	məŋˈɛndur
diundang	diˈundaŋ
ramah	rˈamah
Istirahat	ˌistirˈahat
hadiah	hadˈiah
diraih	dˈira͡ɪh
melainkan	məlˈa͡ɪnkan
Bayangkan	bajˈaŋkan
danau	dˈana͡ʊ
bayangan	bajˈaŋan
Pikiranmu	pˌikirˈanmu
melayang	məlˈajaŋ
awan	ˈawan
menyaksikannya	məɲˌaksikˈanɲa
larut	lˈarut
kecemasan	kət͡ʃəmˈasan
mantap	mˈantap
sabar	sˈabar
berdengung	bərdˈɛŋuŋ
pelan	pˈɛlan
menyambut	məɲˈambut
sel	sˈɛl
lelah	lˈɛlah
berat	bˈɛrat
lengan	lˈɛŋan
kakimu	kakˈimu
tenggelam	təŋɡˈɛlam
kasur	kˈasur
Pada	pˈada
sedikit	sədˈikit
meleleh	məlˈɛləh
dipeluk	dipˈɛluk
keraguanmu	kərˌaɡuˈanmu
Sunyi	sˈuɲi
tergesa	tərɡˈɛsa
sahabat	sahˈabat
kehangatan	kəhaŋˈatan
berkumpul	bərkˈumpul
belakang	bəlˈakaŋ
hatimu	hatˈimu
menyebar	məɲˈɛbar
Esok	ˈɛsok
menemukan	mənəmˈukan
jalannya	d͡ʒalˈanɲa
cukuplah	t͡ʃukˈuplah
Bintang-bintang	bˌintaŋ-bˈintaŋ
jaganya	d͡ʒaɡˈaɲa
lambat	lˈambat
terlelap	tərlˈɛlap
Tubuhmu	tubˈuhmu
kuno	kˈuno
menyembuhkan	məɲəmbˈuhkan
jam-jam	d͡ʒˈamd͡ʒam
membasuh	məmbˈasuh
kekecewaan	kəkˌɛt͡ʃəwˈaan
kecil	kˈɛt͡ʃil
Ombak	ˈombak
membawamu	məmbawˈamu
menjauh	mˈɛnd͡ʒa͡ʊh
tepi	tˈɛpi
keluasan	kəluˈasan
diganggu	diɡˈaŋɡu
Mimpi	mˈimpi
baik	bˈa͡ɪk
Percayalah	pərt͡ʃajˈalah
kegelapan	kəɡəlˈapan
sebab	sˈɛbab
mengayun	məŋˈajun
benih-benih	bənˈih-bənih
pagi	pˈaɡi
Hirup	hˈirup
biarkan	biˈarkan
menghirupmu	məŋhirˈupmu
memudar	məmˈudar
ketenangan	kətənˈaŋan
