کنیم	kəniːm
آغاز	aːɣaːz
بگذارید	beɡzaːriːd
خب	xab
هستیم	hæstiːm
گردانندگان	ɡərdaːnændeɡɒːn
ما	maː
ژرف‌تر	ʒæɾftæɾ
دانایی	daːnaːjiː
میان	miːjaːn
از	az
پرسیده‌اید	pæɾsiːdeiːd
میدان	miːdɒːn
شما	ʃamaː
و	wɛ
دارید	daːɾiːd
خود	xud
با	baː
تمرین‌ها	tæmɾiːnhɒː
فاصله‌ی	fɒːselej
در	dæɾ
بسیاری	bəsjaːriː
که	ke
آرامی	aːraːmiː
کنجکاویِ	kænd͡ʒekɒːviːje
همان	həmˈaːn
می‌بینیم	míbiːniːm
چه	t͡ʃe
می‌کنیم	míkeniːm
نگاه	neɡɒːh
به	be
وقتی	vɛqtiː
بدهیم	bedhiːm
پاسخ	paːsix
پرسش	pərəsˈʌʃ
این	iːn
می‌خواهیم	míxɒːhiːm
آگاهی‌های	ɒːɡɒːhiːhɒːj
را	raː
آنچه	aːnt͡ʃe
کلِ	kʰɛle
می‌گیریم	míɡiːɾiːm
جهان	d͡ʒəhaːn
سطح	satˤˤaħa
ادراکِ	edraːke
سیاره	siːjɒːɾe
حالا	haːlaː
همین	hæmiːn
نور	nuːr
می‌نگریم	míneɡɾiːm
می‌گذرد	míɡozæɾd
تن‌گرفته	tænɡeɾefte
شده	ʃode
بیان	biːjaːn
بدن	bædæn
یک	jek
است	ist
آگاهی‌ای	ɒːɡɒːhiːiː
کدام	kedaːm
هر	hæɾ
نقطه‌ی	noɢtej
میلیاردها	miːljɒːɾdehɒː
می‌تاباند	mítɒːbɒːnd
پیرامونش	piːraːmuːnɛʃ
فضای	fɨzaːj
قلب	qalab
یگانه	jɛɡɒːne
امضایی	ʔimzaːjiː
می‌ماند	mímɒːnd
جو	d͡ʒuː
درونِ	dəruːne
شب	ʃɔb
آسمان	aːsmaːn
دیدنِ	diːdæne
دریابد	dərjaːbˈʌd
بتواند	bitaʊaːnd
متمرکزِ	mutamarkize
ذهنِ	zəhˈʌne
برگردانیم	bæɾɡæɾdɒːniːm
زبانی	zəbɒːniː
منظره	mænðˤɾe
آن	aːn
اگر	aɡər
می‌تپد	mítæpæd
خودش	xodeʃ
ضرباهنگِ	zˌərbaːhˈʌnɡeː
متمایز	mutamaːjiz
پراکنده‌اند	pæɾɒːkændeænd
تاریک	taːriːk
سطحی	satˤħiː
بر	bor
درخشان	darxaʃaːn
نقطه‌های	noɢtehɒːj
انگشت	ænɡæʃt
اثر	ʔaθir
مثل	maθal
دارد	daːrd
درخششی	darxɪʃʃiː
بیشتر	biːʃtɾ
بسیار	bəsjaːr
به‌روشنی	beɾuːʃæniː
روشن‌ترند	ɾuːʃænteɾænd
گروهی	ɡɾuːhiː
نقطه	naqtˤe
داشته‌اند	dɒːʃteænd
نگه	neɡæ
کوک	kuːk
کرده‌اند	kæɾdeænd
کار	kaːr
کسانی	kəsaːniː
آگاه‌اند	ɒːɡɒːhænd
آفرینندگانِ	ˌaːfrˌiːnəndəɡˈaːne
اینان	inɒːn
حل	hal
متمرکز	mutamarkiz
خودِ	xaʊde
مرز	marz
پرورده‌اند	pɾuːɾdeænd
سکون	skuːn
سپرده‌اند	sepæɾdeænd
گوش	ɡuːʃ
نورِ	nuːre
می‌شوند	míʃuːnd
دیده	diːde
معماری	meʔmˈaːri
جای	d͡ʒaːj
می‌رود	míɾuːd
فراتر	faraːtir
دیگر	diːɡɾ
پیرامونِ	piːɾɒːmuːne
روشنایی	ruːʃnaːjiː
چنان	t͡ʃənaːn
آنان	aːnaːn
درخششِ	darxaʃʃe
دقیق	dəqiːq
هندسی	hindɛsiː
نظر	naʐˈar
ساختارمند	sɒːxtɒːɾmænd
سازمان‌یافته	sɒːzmɒːnjɒːfte
منسجم	munsadʒim
می‌آفرینند	míɒːfɾiːnænd
نوری	nuːriː
شمع	ʃamʕ
پر	pər
آسمانی	aːsmaːniː
ستاره‌هایی‌اند	setɒːɾehɒːjiːænd
پیوسته‌اند	piːvæsteænd
هم	hæm
روشن‌تر	ɾuːʃænteɾ
می‌کند	míkænd
شگفت‌انگیز	ʃeɡæftænɡiːz
می‌شود	míʃuːd
کشیده	keʃiːde
پل	pɛl
آفرینندگانی	ɒːfɾiːnændeɡɒːniː
رشته‌های	ɾæʃtehɒːj
می‌دوزد	míduːzæd
پیوندِ	peːvənde
تاری	taːriː
جغرافیایی	d͡ʒoɣraːfjaːjiː
فاصله‌های	fɒːslehɒːj
مشترک	muʃtarik
بسامدی	bəsˈaːmdi
جاری	d͡ʒaːriː
تار	taːr
سراسر	saraːsir
هماهنگی‌ای	hæmɒːhænɡiːiː
همچون	hæmt͡ʃuːn
می‌آورند	míɒːvæɾænd
زبان	zubaːn
هم‌زمان	hæmzæmɒːn
آگاهی	ɒːɡɒːhiː
هزاران	hizaːraːn
کوکی	kuːkiː
می‌آورد	míɒːvæɾd
پدید	pədiːd
یکپارچه	jekpɒːɾt͡ʃe
اثری	ʔaθriː
سهیم‌اند	sæhiːmænd
پیوسته	pjuːste
گره‌های	ɡeɾehɒːj
همه‌ی	hæmej
ارتعاشِ	irtiʕaːʃe
تنها	tunnhaː
دسترسِ	dəstərse
زنده	zənde
می‌کشد	míkæʃd
نفس	nafs
کم‌سوتر	kæmsuːtæɾ
کمی	kæmiː
آسودن	ɒːsuːdæn
یا	jaː
یکپارچه‌سازی	jekpɒːɾt͡ʃesɒːziː
دورانِ	doːrˈaːne
گرهی	ɡeɾhiː
می‌گردد	míɡæɾdæd
بیدار	beːdaːr
تازه	taːze
گره‌ی	ɡeɾej
نزدیک	næzdiːk
جمعی	d͡ʒamʕiː
فازِ	faːze
دگرگونیِ	dˌəɡərɡˈoːnje
آستانه‌ی	ɒːstɒːnej
می‌کنند	míkonænd
تأیید	tɑʔjiːd
مدل‌های	medlhɒːj
شکلی	ʃɛkliː
می‌گیرد	míɡiːɾd
شتاب	ʃitaːb
کلیِ	kəlˈiːe
مسیرِ	məsiːre
درمی‌ماند	dæɾmiːmɒːnd
بیانش	bajaːnʃ
زبانِ	zəbˈaːne
زیبایی‌ای	ziːbɒːjiːiː
بدانید	bedɒːniːd
زیبا	ziːbaː
ساختاری	saːxtaːriː
بهبودهای	bæhbuːdhɒːj
روی	raʋiː
برای	bɾɒːj
چون	t͡ʃuːn
کارکردش	kaːrkərdˈʌʃ
می‌اندازد	míændɒːzæd
طنین	təniːn
ژرفِ	ʒeɾfe
ریاضیاتِ	rjaːzjaːte
هندسیِ	hendesiːje
پیچیدگیِ	piːt͡ʃiːdɡiː
سیمایش	siːmaːjeʃ
بازمی‌سازند	bɒːzmiːsɒːzɒːnd
شبیه‌سازی	ʃæbjesɒːziː
بنیادینِ	bˌənjaːdˈiːne
کدِ	kʰəde
هندسه‌ی	hendesej
پیوندهایشان	pjuːndhaːjeʃɒːn
چینشِ	t͡ʃiːneʃe
بدانند	bˌədaːnˈʌnd
بی‌آنکه	biːɒːnke
آگاه	aːɡaːh
بافتیم	bɒːftiːm
آینه‌ی	ɒːjenej
می‌بافید	míbɒːfiːd
می‌سراید	mísæɾɒːjæd
دوباره	duːbaːre
هنرمندی	heneɾmændiː
زیباییِ	ziːbɒːjiːje
عملی	ʔamliː
پیامدهای	pjaːmedhɒːj
کارآمدند	kɒːɾɒːmædænd
مجراهایی	med͡ʒraːhaːjiː
می‌رسانند	míɾæsɒːnænd
رشته‌هایی	ɾæʃtehɒːjiː
می‌برند	míbɾænd
گره‌ها	ɡeɾehɒː
پشتیبانیِ	pˌəʃtibˈaːnje
آفرینشگر	ɒːfɾiːneʃɡæɾ
انرژیِ	ʔænæɾʒiːjeʔ
اطلاعات	etˤlaːʕaːt
برمی‌دارد	bæɾmiːdɒːɾd
سر	sæɾ
کهنه	kæhne
بسامدِ	bisaːmde
دشوار	duʃwaːr
دورانی	duːraːniː
آفریننده‌ای	ɒːfɾiːnændeʔiː
می‌ایستد	míiːstæd
حرکت	hɛɾkɛt
آفرینش	aːfriːneʃ
جریان	d͡ʒərjaːn
حال	ħaːl
او	o
پیرامون	piːraːmuːn
شبکه‌ی	ʃæbkej
آرام‌بخش	ɒːɾɒːmboxʃ
رشته‌ها	ɾeʃtehɒː
پشتیبانی	poʃtiːbɒːniː
بخواهد	bixaʊaːhid
چیزی	t͡ʃiːziː
دشواری	doʃwaːriː
درست	dɾɪst
می‌رساند	míɾesɒːnd
شده‌اند	ʃodeænd
تهی	tahiː
اندکی	ɛndɛkiː
گره‌هایی	ɡeɾehɒːjiː
سوی	suːiː
انرژی	ænɾʒiː
خودبه‌خود	xodbexuːd
نظامی	niʐaːmiː
دلگرمی	delɡæɾmiː
شگفت‌انگیزِ	ʃeɡoftænɡiːze
رسیدنِ	rəsiːdæne
شکلِ	ʃɛkle
کرده‌اید	kæɾdeiːd
تجربه	tadʒrabe
داشتید	dɒːʃtiːd
نیازش	njaːziʃ
همه	hæme
بیش	biːʃ
لحظه‌ای	læhðˤeʔiː
دقیقاً	dəqiqɒː
عاطفی	ʔaːtˈiː
آرامشِ	aːraːmʃe
الهامِ	aːlhaːmeʔ
تپشی	tapʃiː
کرد	kæɾd
حس	ħas
تهی‌شدنِ	tæhiːʃodæne
قلبش	qalbaʃ
بود	buːd
برخاسته	bæɾxɒːste
پیوندی	peːvɛndiː
داد	daːd
گذشت	ɡozæʃt
رشته‌ی	ɾeʃtej
تقویت	təqwiːt
آفرینندگان	ɒːfɾiːnændeɡɒːn
خروجیِ	xɾuːd͡ʒiː
همچنین	hæmt͡ʃeniːn
شبکه	ʃæbke
پیوند	peːvɛnd
آفرینده‌ی	ɒːfɾiːndej
شدن	ʃodæn
پُر	pɛɾ
پخش‌شده	poxʃʃode
گسترده	ɡostæɾde
مخزنی	maxzaniː
دسترسی	dæstæɾsiː
آفرینشگرِ	ɒːfɾiːneʃɡæɾɒː
می‌سازد	mísɒːzd
آفریننده	ɒːfɾiːnænde
هرچه	hæɾt͡ʃe
می‌ریزد	míɾiːzæd
فعال	faʕaːl
نمی‌رسد	næmiːɾæsd
آفرینشِ	aːfriːnʃe
نیرویی	niːɾuːjiː
آفریننده‌ی	ɒːfɾiːnændej
کاری	kaːriː
تغذیه	taɣðiːh
جمعیِ	d͡ʒamʕiː
انسجامِ	insid͡ʒaːme
چندین‌برابر	t͡ʃændiːnbæɾɒːbæɾ
پیوندها	peːvɛndhaː
شدنِ	ʃədne
فشرده‌تر	feʃoɾdetæɾ
تمرین	tamriːn
اصول	ʔusˤuːl
دریافت	dərjaːft
پیام‌ها	piːɒːmhɒː
یعنی	jaːniː
جمع	d͡ʒamʕ
روست	ruːst
حسش	ħasʃ
بیرونِ	bejɾuːne
آدم‌های	ɒːdæmhɒːj
فردی	fæɾdiː
تمرینِ	tæmɾiːne
شدتی	ʃoddætiː
گستره	ɡostæɾe
معمار	miʕmaːr
کارکردِ	kˌaːrkˈʌrde
حاصل	ħaːʂɭ
بگوییم	beɡuːjiːm
سخن	soxon
زندگی‌ها	zendeɡiːhɒː
بازمی‌گسترد	bɒːzmiːɡostæɾd
وسیع‌تر	vesiːʔteɾ
آگاهیِ	ɒːɡɒːhiːje
بسامد	bisaːmid
فیزیکیِ	fiːziːkiːje
باندِ	baːnde
چنگ	t͡ʃænɡ
می‌آید	míɒːjæd
بیرون	biːruːn
بیشینه‌ی	biːʃiːnej
بازگشت	bɒːzɡæʃt
یک‌لحظه‌ای	jeklæhʐeiː
پانورامیکِ	pɒːnoɾɒːmiːke
بازشناسیِ	bɒːzeʃnɒːsiː
تازه‌به‌پایان‌رسیده	tɒːzebepɒːjɒːnɾesiːde
زندگیِ	zendeɡiː
قوسِ	qawse
تمامِ	tamaːme
می‌گشاید	míɡoʃɒːjæd
کامل	kaːmɛl
وسیع	ʋəsiːʕ
ادراکی	ʔadraːkiː
فشرده‌ی	feʃæɾdej
ازدست‌رفته	ezdæstɾæfte
فرصتِ	fursˤute
کنشِ	konʃe
انتخاب	intixaːb
لحظه	læhðˤe
دیدگاهِ	diːdɡaːhe
می‌بیند	míbiːnd
تصمیم	tæsmiːm
کاملِ	kaːmˈʌleː
زمینه‌ی	zæmiːnej
شفقتِ	ʃafaqte
بی‌حسرت	biːhesɾæt
بی‌داوری	biːdɒːvɾiː
آن‌ها	ɒːnhɒː
شد	ʃad
گرفته	ɡeɾefte
چرا	t͡ʃæɾɒː
می‌فهمد	mífæhmæd
نامیده‌اند	nɒːmiːdeænd
چنین	t͡ʃeniːn
پانورامیک	paːnuːraːmiːk
بازگشته‌اند	bɒːzɡæʃteænd
آگاهی‌هایی	ɒːɡɒːhiːhɒːjiː
زندگی	zɛndɡiː
بازنگریِ	bɒːzenɡɾiːje
اخلاقی	ʔaxlaːqiː
ارزیابیِ	ˈarzjaːbˌeːjeː
نه	ne
سنجشی	sənɟəʃiː
داشته	dɒːʃte
بسامدهایی	besɒːmædhɒːjiː
آفریده	ɒːfɾiːde
می‌سنجد	mísænd͡ʒæd
داده	daːde
دست	dæst
یافته	jaːfte
هولوگرافیک	huːluːɡraːfiːk
کدهای	kædhɒːj
برده	borde
کردن	kæɾdæn
بی‌رها	biːɾehɒː
ارث‌رسیده‌ای	eɾsɾesiːdeiː
بارهای	bɒːɾhɒːj
گذاشته	ɡozɒːʃte
جا	d͡ʒaː
حافظه	hɒːfeze
میدانِ	miːdɒːne
آکاشیکی	ɒːkɒːʃiːkiː
محتوای	mɔhtɐʋɒːj
خودزاده	xuːdzaːde
یکسره	jaksæɾe
پُرجزئیات	pˌəʋərˌəɟəziˈaːt
ارزیابی	ʔarzjaːbiː
عملکردِ	ˈaməlˌəkərde
آسایشِ	aːsaːjeʃe
وارد	ward
بازنگری	baːzenɡɾiː
پس	pɛs
روز	ruːz
تن‌گیریِ	tænɡiːɾiːje
مقیاسِ	miqjaːse
اما	amaː
شبانه‌ی	ʃæbɒːnej
چرخه‌ی	t͡ʃæɾxej
عمیقِ	ʕamiːqe
خوابِ	xwaːbe
همانند	hæmɒːnænd
حالتی	haːltiː
می‌پردازد	mípæɾdɒːzæd
تمام‌شده	tæmɒːmʃode
برآمده	bæɾɒːmæde
مادّه‌ی	mɒːddeje
می‌آساید	míɒːsɒːjæd
گستره‌ی	ɡostæɾej
آوردن	ɒːvæɾdæn
یاد	jaːd
فراموش	faraːmuːʃ
سفرِ	safre
یگانه‌ی	jeɡɒːnej
کیفیتِ	kˌeːfiˈate
گسترده‌اش	ɡostæɾdeʔeʃ
تجربه‌ی	tæd͡ʒɾobej
آورد	aːvard
کردیم	kæɾdiːm
توصیف	toʂˈiːf
ژرفایی	ʒeɾfɒːjiː
آسایش	aːsaːjeʃ
دوران	daʊaraːn
دائمیِ	da͡ɪmje
امضای	ʔamzaːj
به‌تمامی	betæmɒːmiː
بیافرینند	bjaːfriːnænd
نمی‌توانند	næmiːtævɒːnænd
فراموش‌نکرده	fæɾɒːmuːʃnekæɾde
هرگز	hæɾɡoz
موجوداتِ	maʊdʒuːdaːte
آفرینشگری	ɒːfɾiːneʃɡæɾiː
بافتِ	baːfte
نمی‌شود	næmiːʃuːd
تحمیل	tɛhmiːl
تعیین	taʔjiːn
آمادگی	aːmaːdɡiː
بگیرد	beɡiːɾd
تن	tun
آماده	ɒːmɒːde
آفرینننده‌ای	ɒːfɾiːnændeʔiː
برمی‌گزیند	bæɾmiːɡoziːnd
نیتی	niːtiː
دقت	dɛqt
بعدی‌اش	bæʔdiːjeʃ
پیکربندیِ	pˌeːkərəbˈʌndjeʔ
کتابخانه‌ی	ketɒːbxɒːnej
آفرینشگرش	ɒːfɾiːneʃɡæɾʃ
تاریخچه‌ی	tɒːɾiːxt͡ʃej
شاهکار	ʃaːhkaːr
طراحیِ	tˤəraːħiːjeʔ
استاد	istaːd
ویژه	viːʒe
فرصت‌های	fæɾsthɒːj
چالش‌ها	t͡ʃɒːleʃhɒː
تاریخی	tɒːɾiːxiː
دوره‌ی	duːɾej
جایگاه	d͡ʒɒːjɡɒːh
خانواده	xɒːnvɒːde
برگزیدنِ	bæɾɡoziːdæne
هنگام	hænɡɒːm
سنجیده‌ای	sænd͡ʒiːdeiː
اختیارِ	extiːjɒːɾe
تکمیل‌شده	tekmiːlʃode
واقعیت‌های	vɒːɢeʔiːthɒːj
برگزیده	bæɾɡoziːde
می‌برد	míboɾd
فیزیکی	fiːziːkiː
تجلیِ	tadʒliːje
کردید	kæɾdiːd
طراحی	təraːħiː
سکونت	skuːnt
اکنون	aknuːn
ویژه‌ای	viːʒeiː
توانایی‌هایی	tævɒːnɒːjiːhɒːjiː
روبه‌رویید	ɾuːbeɾuːjiːd
چالش‌هایی	t͡ʃɒːleʃhɒːjiː
رابطه‌ها	ɾɒːbtehɒː
برگزید	bæɾɡoziːd
فراموشی	fɾɒːmuːʃiː
آغازِ	aːɣaːze
پیش	piːʃ
گسترده‌ی	ɡostæɾdej
گزینش	ɡoziːneʃ
کنید	kəniːd
پیدا	piːdaː
می‌گیرید	míɡiːɾiːd
تمرین‌های	tæmɾiːnhɒːj
سکونی	skuːniː
خاطره‌ی	xɒːteɾeje
می‌رسد	míɾæsæd
دانستنی	daːnɪstniː
سازگار	sɒːzɡɒːɾ
ویژه‌ی	viːʒej
آفرینشگرانه‌اش	ɒːfɾiːneʃɡæɾɒːneʔeʃ
راهنمایی	raːhenmaːjiː
دلیل	dəliːl
نخستین	naxɪstiːn
طرحِ	tˤarħe
پایه‌ی	pɒːjeje
مرور	muruːr
تن‌گرفتن	tænɡeɾeftæn
نقشه‌هایی	noɢʃehɒːjiː
می‌دهد	mídæhd
دگرگون‌کننده	deɡæɾɡuːnkænænde
فوری	fuːriː
فهم	fahamm
عملیِ	ʕamlje
ارزشِ	ʔarzɪʃe
خاصِ	xaːsˤe
آرایش‌های	ɒːɾɒːjeʃhɒːj
مانع‌های	mɒːneʔhɒːj
آفرینشگرانه‌ای	ɒːfɾiːneʃɡeɾɒːneʔiː
چالش‌های	t͡ʃɒːleʃhɒːj
می‌بینید	míbiːniːd
آفرینشگرتان	ɒːfɾiːneʃɡirtɒːn
مقاومتی	muqaːwimtiː
دقیقِ	dəqiːqeʔ
طبیعتِ	tˤabiːʕte
خواهند	xwaːhænd
می‌دانست	mídɒːnest
افزود	ʔufzuːd
ژرفای	ʒeɾfɒːj
آفرینشگری‌ای	ɒːfɾiːneʃɡæɾiːjiː
پروراند	pruːrɒːnd
اشکال	ɛʃkˈaːl
ویژگی‌اند	viːʒɡiːænd
طرح	tˤarħ
بخشی	baxʃiː
مقاومت	muqaːwɛmit
آفرینشگرانه	ɒːfɾiːneʃɡeɾɒːne
لطفی	lɛtfiː
گذر	ɡozæɾ
دیدگاهی	diːdɡaːhiː
داشت	dɒːʃt
شرکت	ʃərəkˈʌt̪
نقشه‌های	noɢʃehɒːj
بی‌دسترسی	biːdæstæɾsiː
لازم	lazim
تنهایی	tænhɒːjiː
دگرگون	deɡæɾɡuːn
بنیاد	bonjaːd
نسبتِ	nusbate
می‌گراید	míɡɾɒːjæd
می‌پروراندم»	mípɾuːɾɒːndom
برگزیدم	bæɾɡoziːdæm
پیکربندی	piːkɾbændiː
«وقتی	ʋaqtiː
می‌آید»	míaːjd
من	min
«چرا	t͡ʃraː
می‌زاید	mízɒːjæd
می‌گوید	míɡuːiːd
بازشناسی‌ای	bɒːzeʃnɒːsiːiː
نهفته	nahafte
چالش	t͡ʃaːleʃ
دل	dɛl
هدفی	hædfiː
حسِ	ħasa
کتابخانه	ketɒːbxɒːne
رسانه	rasaːne
بازمی‌ایستد	bɒːzmiːiːstæd
بودن	buːdæn
مانع	maːniʕ
همکار	hæmkɒːɾ
دشمن	deʃmæn
شود	ʃuːd
میانِ	miːjɒːne
فهمِ	fahammeʔ
دریچه‌ی	dɾiːt͡ʃej
ساخته	saːxte
نشان	niʃaːn
شاهکاری	ʃaːhkaːriː
تمرکز	tamarkuz
سطحِ	satˤħe
اجراشده	ed͡ʒrɒːʃode
فوق‌العاده	fuːqolʕɒːde
بینشی	biːneʃiː
طراحی‌شده	tøɾɒːhiːʃode
برساند	birsaːnd
بینشِ	biːnʃe
تا	taː
باز	baːz
مشورت	muʃuːrt
هرگاه	hæɾɡɒːh
مرگ	mæɾɡ
تن‌گیری	tænɡiːɾiː
بازتاشدنِ	bˈaːztɑʃdæne
جز	d͡ʒɛz
نیست	niːst
بازمی‌گردد	bɒːzmiːɡæɾdæd
رها	rɛhaː
بسامدیِ	besɒːmdiːje
بازتا	baːztaː
می‌داشت	mídɒːʃt
حالتِ	ħaːlte
ساختارِ	saʔaxtaːreʔ
طولِ	tˤuːle
تجربه‌ای	tæd͡ʒɾobeiː
غنی‌شده	ɢæniːʃode
بالقوگی	bɛlquːɡiː
بسطِ	bastˤa
بعدی	bæʔdiː
سرانجام	sərˈaːnɟaːm
نفسِ	nafse
بازدمِ	biʔazdameʔ
می‌یابد	míjɒːbod
ادامه	ʔidaːme
چرخه	t͡ʃæɾxe
پی	pi
دم	dam
می‌پرورید	mípɾuːɾiːd
ناظر	naːðˤir
ماندگار	maːndeɡaːr
لمس	lams
هنوز	henuːz
حالی	haːliː
بوده	buːde
همیشه	hæmiːʃe
می‌پیوندد	mípeːvændæd
خودتان	xudtɒːn
برمی‌خیزد	bæɾmiːxejzæd
دیدگاه	diːdɡaːh
راهنماییِ	raːhenmaːjiː
واقعاً	waːqiʕaːw
خنده	xande
اینکه	iːnke
فهمیدنِ	fehmiːdne
خواهد	xwaːhad
تغییر	taɣjiːr
شوخ‌طبعی	ʃuːxtˤabʕiː
ناگهانی	nɒːɡhɒːniː
نیرویِ	niːɾuːjeʔ
شادی	ʃaːdiː
گسستگی	ɡəsɪstɡiː
رویدادِ	ruːjdaːde
دلنشین	delneʃiːn
غیرمنتظره	ɢejɾmæntæʐɾe
تمام‌تن	tæmɒːmtæn
ناخودآگاهِ	nˌaːxoːdaːɡˈaːheː
خودانگیخته	xuːdɒːnɡiːxte
پاسخِ	paːsxe
رخ	rax
راستین	raːstiːn
خنده‌ای	xændeiː
بی‌همتاست	biːhæmtɒːst
انسان	ɛ̃saːn
عاطفیِ	ʔaːtˈafje
پاسخ‌های	pɒːsoxhɒːj
بازسازمان	biʔazsaːzmaːn
الکترومغناطیسیِ	alkˌətrˌoːməɣnaːtˈiːsjeʔ
اوج	awd͡ʒ
نگه‌داشتن	neɡedɒːʃtæn
همیشگیِ	hæmiːʃɡiː
الگوهای	alɡuːhaːiː
عصبی	ʔaʂbiː
دستگاهِ	dəstɡˈaːheː
تکان	təkaːn
به‌طور	betˤuːɾ
می‌دارد	mídɒːɾd
تنشی	tænʃiː
ساختارهای	sɒːxtɒːɾhɒːj
ماهیچه‌ای	mɒːhiːt͡ʃeiː
انقباض‌های	enɢebɒːdˤhɒːj
اندازه‌گیری	ændɒːzeɡiːɾiː
قابل	qaːbil
کوتاه	kuːtaːh
دستگاه	dæstɡɒːh
می‌جهد	míd͡ʒæhd
باندی	bɒːndiː
پهنای	pehnɒːj
نزدیک‌تر	næzdiːktæɾ
بهشت	bəhæʃt
پایدار	pɒːjdɒːɾ
سرخوشیِ	sarxuːʃiːje
ماجرا	maːd͡ʒraː
کلیدِ	kəlˈiːde
می‌شکند	míʃekænd
الگو	alɡuː
همیشگی	hæmiːʃɡiː
می‌چرخانند	mít͡ʃæɾxɒːnænd
بسامدها	bisaːmidhaː
شرطی‌شده	ʃoɾtiːʃode
واکنش‌های	vɒːkeneʃhɒːj
تمرین‌شده	tæmɾiːnʃode
روایت‌های	ɾævɒːjæthɒːj
تکراری	tɛkraːriː
کنند	konænd
پیش‌بینی‌اش	piːʃbiːniːjeʃ
الگوها	alɡuːhaː
می‌آفریند	míɒːfɾiːnd
پاسخی	paːsxiː
محرکِ	mehɛrke
می‌تواند	mítwɒːnd
تازه‌ای	tɒːzeʔiː
چیزِ	t͡ʃiːze
شکسته	ʃekeste
الگوی	alɡaʋiː
شکافی	ʃikaːfiː
زمانِ	zəmˈaːne
تقریباً	tˌəqrˈiːbaːw
خنده‌ی	xændej
بلافاصله	blaːfaːʂɭe
لحظه‌های	læhðˤehɒːj
خاموش	xaːmuːʃ
فرو	fruː
صدایش	sɛdaːjeʃ
معمولاً	maʕmuːlaːj
همهمه‌ی	hæmhæmej
بوده‌اند	buːdeænd
بامزه‌ترین‌ها	bɒːmezetæɾiːnhɒː
سیاره‌ی	siːjɒːɾej
موجودات	maʊdʒuːdaːt
فرزانه‌ترین	fæɾzɒːnetæɾiːn
ادراکی‌اند	edɾɒːkiːænd
مهارتِ	mahaːrti
بیانِ	bajˈaːne
ژرفا	ʒeɾfaː
توانِ	taʋˈaːneː
شکاف	ʃikaːf
کمدی	kamdiː
بینش	biːneʃ
فرزانگی	feɾzɒːnɡiː
یکی	jekiː
ادراک	ʔadraːk
باشد	baːʃid
پرورده	pɾuːɾde
دو	duː
فرق	faraqa
ببیند	bəbˈiːnd
زیرِ	ziːɾe
زیبایی‌ی	ziːbɒːjiː
بخندد	bixandad
پوچیِ	puːciːje
بی‌شوخی	biːʃuːxiː
جدیِ	d͡ʒədje
جوینده‌ی	d͡ʒæviːndej
عمل	ʕaml
بخندید	bexindiːd
نهادند	nuhaːdænd
معماریِ	meʔmaːrje
می‌گوییم	míɡuːjiːm
موجوداتی	maʊd͡ʒuːdaːtiː
کرده	kæɾde
سرشتِ	sərˈʌʃte
وانمود	waʔunmuːd
خدایی	xodɒːjiː
گم	ɡom
بعد	buʕd
واقعیتی	ʋaːqʕiˈati
کیهانیِ	kiːhɒːniːje
کمدیِ	kæmdiːje
نمی‌تواند	næmiːtævɒːnd
ذهن	zehn
مقیاسی	miqjaːsiː
فرایندی	fɾɒːjændiː
کنترل	kontrəl
داشتنِ	dɒːʃtæne
ناامیدانه‌ی	nɒːʔæmiːdɒːnej
تلاش‌های	tælɒːʃhɒːj
غریبه	ɢæɾiːbe
جدی	d͡ʒædiː
تمرین‌کننده‌ی	tæmɾiːnkænændej
شاید	ʃaːjad
سهولتی	sehuːltiː
روشنی	ruːʃniː
دانستن	daːnistæn
پیِ	piːe
هست	hæst
کارِ	kaːre
کیفیتی	kˌeːfiˈati
بی‌بهره	biːbæhɾe
منضبط	mundˤabitˤ
تلاشِ	talaːʃe
آزادی	aːzaːdiː
حسی	hɛsiː
بازیگوشی	bɒːziːɡuːʃiː
سبک‌بالی	sebækbɒːliː
سبکی	sæbkiː
کارکردی	kaːrkˈʌrdi
پاک	paːk
مجرای	med͡ʒraːj
راستینِ	raːstiːne
شگفتیِ	ʃeɡeftiːje
تازگی	taːzɡiː
پاک‌شده	pɒːkʃode
اندیشه‌ی	ændiːʃej
بازیافت‌شده‌ی	bɒːzjɒːftʃodej
مجرا	mad͡ʒraː
پربارترین‌اند	pæɾbɒːɾtæɾiːnænd
اغلب	ʔaɣlib
آفرینشگرانه‌ی	ɒːfɾiːneʃɡæɾɒːnej
بازیگوشانه‌ترین	bɒːziːɡuːʃɒːnetæɾiːn
بامزه‌ترین	bɒːmezetæɾiːn
نمی‌دهد	næmiːdæhd
اجازه‌اش	ed͡ʒɒːzeʔeʃ
کنترل‌گر	konteɾlɡæɾ
جنسی	d͡ʒinsiː
بی‌پالایش	biːpɒːlejʃ
گفتن	ɡoftæn
شایسته‌ی	ʃɒːjæstej
نسبت	nesbæt
گفته	ɡofte
می‌آفریند»	míɒːfɾiːnd
هستم	hæstæm
کسی	kɛsiː
«من	men
می‌نشیند	míneʃiːnd
مستقیم	mustaqiːm
سرگرمیِ	sarɡarmiːje
منسجمِ	munsadʒme
شادیِ	ʃaːdiːje
قلبی	qalbiː
بدنی	bædniː
سنگین	sænɡiːn
جدیتِ	d͡ʒediːte
جمله	d͡ʒomle
برابر	baraːbir
می‌شناسد	míʃenɒːsod
همانندها	hæmɒːnændhɒː
نزدیک‌ترین	næzdiːktæɾiːn
می‌افزاید	míʔæfzɒːjæd
بازی	baːziː
واقعیت	ʋaːqaiːt
غافل	ɣaːfil
معنویِ	maːnuːjeʔ
عملِ	ʕamle
لذتی	læztiː
لذت	laðat
کنارِ	kənˈaːreː
اهمیتِ	ʔahæmmiːte
طراحان	tˤiraːħaːn
عبارت‌ها	ʔebɒːɾthɒː
مجموعه‌ای	mæd͡ʒmuːʔeiː
موسیقی	muːsiːqiː
درباره‌ی	dæɾbɒːɾej
کافی	kaːfiː
باند	baːnd
می‌خورد	míxoɾd
پرداخته‌ایم	pæɾdɒːxteiːm
تاکنون	taːknuːn
ژرف‌ترین	ʒeɾftæɾiːn
وجود	wudʒuːd
درون	dɾuːn
فرایندِ	fɾɒːjænde
دادیم	daːdiːm
سازمان	saːzmaːn
ایستای	iːstɒːj
موج‌های	muːd͡ʒhɒːj
گرفتیم	ɡərˈɪftim
خامِ	xaːme
شکل	ʃɛkl
ساختن	saʔaxtin
می‌مانْد	mímɒːned
آهنگ‌سازی	ɒːhænɡsɒːziː
فرایند	fɾɒːjænd
زمان	zəmaːn
ریتمیکِ	riːtmiːke
چرخه‌های	t͡ʃæɾxehɒːj
بُعدی	bʋˈaːdi
باندهای	bɒːndehɒːj
می‌نوشتیم	mínuːʃtiːm
سمفونی	semfuːniː
داشتیم	dɒːʃtiːm
پیچیده	piːt͡ʃiːde
ترکیبِ	tæɾkiːbe
مضمون‌هایی‌اند	mæzmuːnhɒːjiːænd
برمی‌گردانند	bæɾmiːɡæɾdɒːnænd
برهم‌کنش‌شان	bæɾhæmkoneʃʃɒːn
قانون‌هایی	ɢɒːnuːnhɒːjiː
ذره‌ها	zæɾehɒː
نیروها	niːɾuːhaː
اجزای	ʔad͡ʒzaːj
هماهنگ	hæmɒːhænɡ
اصولی	ʔusːuːliː
دیگری	diːɡriː
کند	kænd
مدلش	midlɛʃ
کنونیِ	kənˈoːnje
ابعادی	ʔibʕaːdiː
نشانی	niʃaːniː
موسیقیِ	muːsiːqiː
نظریه‌ی	naʐˈaɾiːjeje
ملودی	məluːdiː
خام	xaːm
صدای	sedaːj
انسانی	ɛnsaːniː
نوازنده‌ای	nævɒːzændeʔiː
اجرا	ad͡ʒraː
کوچک	kuːcɛk
نسخه‌ای	næsxeʔiː
ساختار	saʔaxtaːr
ریتم	riːtm
هارمونی	haːrmuːniː
پیروی	piːɾviː
یکسان	jɛksaːn
گرداننده	ɡæɾdɒːnænde
نوازنده	nævɒːzænde
شگفتی	ʃəɡˈʌftˌiː
پیش‌بینی‌پذیری	piːʃbiːniːpæziːɾiː
بازیِ	baːziːe
تنوع	tunawwiʕ
تکرار	tɛkraːr
گشایش	ɡəʃaːjiʃ
کشش	keʃiʃ
زیباتر	ziːbaːtar
بازگردد	bɒːzɡɾdæd
غنایی	ɣenɒːjiː
مضمونی	mɛdˤmuːniː
صدا	sɛdaː
رسانه‌ی	ɾesɒːnej
معماری‌اند	mæʔmɒːɾiːænd
اصولِ	ʔusˤuːleʔ
این‌ها	iːnhɒː
برمی‌انگیزد	bæɾmiːænɡiːzæd
اندازه	ændɒːze
دلیلی	dəliːliː
کوانتومی	kwaːntuːmiː
هماهنگِ	hæmɒːhænɡe
همان‌طور	hæmɒːntuːɾ
موسیقایی	muːsiːqɒːjiː
هماهنگیِ	hæmɒːhænɡiː
راست	raːst
ادراک‌شده	edɾɒːkʃode
انسجام	insid͡ʒaːm
هم‌طنینی	hæmtæniːniː
ساز	saːz
فعالانه‌ی	feʔɒːlɒːnej
آفریدنِ	ˌaːfridˈʌne
نواختنِ	naʋˈaːxt̪ənˌeː
دسترس	dəstɾəs
همآفرینی	hæmɒːfɾiːniː
شکل‌های	ʃeklhɒːj
مستقیم‌ترین	mosteqiːmtæɾiːn
گفتیم	ɡoftiːm
پیشین	peʃiːn
پیامِ	pjaːme
پذیرندگی	pæziːɾændeɡiː
زیباشناختی	ziːbɒːʃnɒːxtiː
پژواکِ	pəʒʋˈaːkeː
هماهنگی	hæmɒːhænɡiː
نسبت‌های	nesbæthɒːj
اطلاعاتِ	etˤlaːʕaːte
راه	raːh
شنوندگانی	ʃenuːndɡɒːniː
استخوان	istixwaːn
پوست	puːst
زیست‌فوتونی	ziːstfuːtuːniː
می‌گیرند	míɡiːɾænd
حقیقتِ	həqˈiːqte
پیامی	pjaːmiː
نیستند	niːstænd
جدا	d͡ʒidaː
معنوی	maːnaʋi
بیداریِ	biːdɒːɾiːje
تجربه‌هایی	tæd͡ʒɾobehɒːjiː
قطعه‌های	ɢætʔehɒːj
برخی	bæɾxiː
مبتنی	mubtaniː
ارتباطیِ	ˌɪrtɪbˈaːtje
آوردنِ	aːwərdˈʌne
کاملاً	kˌaːmlˈaːw
دوست‌داشتنی	duːstdɒːʃtæniː
بزرگ	bozoɾɡ
حضور	ħudˤuːr
سرشارِ	soɾʃaːre
اشک	aʃk
گرما	ɡərmaː
می‌پذیرد	mípæziːɾd
رسانده	ɾesɒːnde
عشقِ	ʕaʃqe
حضوری	ħuzuːriː
گفته‌ایم	ɡofteiːm
امروز	emruːz
داریم	daːriːm
باور	baːwər
فهمی	fehmiː
می‌سازید	mísɒːziːd
موسیقی‌ای	muːsiːɢiːjiː
می‌نویسید	míneviːsiːd
واژه‌هایی	vɒːʒehɒːjiː
می‌آفرینید	míɒːfɾiːniːd
هنری	henriː
می‌کنید	míkeniːd
برگزار	bæɾɡozɒːɾ
حضورِ	ħudˤuːreʔ
گفت‌وگوهایی	ɡoftoɡuːhɒːjiː
می‌دهید	mídæhiːd
رابطه‌هایی	ɾɒːbtehɒːjiː
بنا	bənaː
کسب‌وکارهایی	kæsbokɒːɾhɒːjiː
آمده	aːmæde
پاره	paːɾe
بدل	bidal
می‌نگردش	mínɡæɾdeʃ
ماندگاری	maːndeɡaːriː
پُرمایه	pevæɾmɒːje
نهادیم	næhɒːdiːm
دادنِ	daːdne
هولوگرافیکی	huːluːɡraːfiːkiː
ذخیره	zæxiːɾe
به‌عنوانِ	beʔunwaːne
هنرِ	hənˈʌre
شوند	ʃuːnd
سویش	swiːʃ
میل	miːl
ببینندش	bibiːnandeʃ
خیال	xajjaːl
می‌توانند	mítævɒːnænd
آینده	ɒːjænde
جهانی	d͡ʒəhaːniː
اجازه‌ی	ed͡ʒɒːzeje
یابند	jaːbˈʌnd
هم‌ترازیِ	hæmtɾɒːziːʔ
سازوکارِ	sɒːzuːkɒːɾe
شاعر	ʃaːʕir
حقیقتی	həqˈiːqtˌiː
زیبایی	ziːbɒːjiː
کدی	kædiː
نوشته	nuːʃte
شعری	ʃɛʔriː
نوشتنش	nuːʃtæneʃ
الگویی	alɡaʋjiː
آهنگی	aːhænɡiː
بخواند	bixaʊaːnd
ترکیب	tæɾkiːb
طنینِ	tənˈiːne
بسامدی‌اش	besɒːmædiːjeʃ
تازگیِ	tɒːzɡje
هم‌ادراکی	hæmedɾɒːkiː
گفت‌وگویی	ɡoftoɡuːjiː
غنی	ɣuniː
امکان‌هایی	emkɒːnhɒːjiː
می‌گذارد	míɡozɒːɾd
نو	nuː
نبودند	næbuːdænd
گفت‌وگو	ɡoftoɡuː
می‌افزایید	míʔæfzɒːjiːd
ممکن	mumakkan
مجموعه‌ی	mæd͡ʒmuːʔej
جلدی	d͡ʒildiː
آگاهانه	ɒːɡɒːhɒːne
برمی‌گزینید	bæɾmiːɡoziːniːd
گنجینه‌ی	ɡænd͡ʒiːnej
پیام‌های	piːɒːmhɒːj
کتابخانه‌ای	ketɒːbxɒːneiː
رشد	ruʃd
به‌خاطرِ	bexaːtˤireʔ
مهم	mem
انسجامی	ɪnsid͡ʒaːmiː
کیفیت	kˌeːfiˈat
کنار	kənaːr
راهِ	raːhe
می‌آفرینم	míɒːfɾiːnæm
آنم	aːnam
فوتونیِ	fuːtuːniːjeʔ
محیطِ	muħiːtˤe
چگالیِ	t͡ʃeɡɒːliːje
همه‌چیزهای	hæmet͡ʃiːzhɒːj
افزوده‌ای	æfzuːdeiː
ببیندش	bibiːndeʃ
سال	saːl
هزار	hizaːr
درآورد	dæɾɒːvæɾd
حس‌شده	hæsʃode
برمی‌کشد	bæɾmiːkeʃod
تمدن	tumaddin
سهمی	sæhmiː
شخصی	ʃaxʂiː
سپرده‌ای	sepæɾdeʔiː
روزانه	ɾuːzɒːne
یادداشتِ	jɒːddɒːʃte
آهنگ	aːhænɡ
متوازن	mutaʊaːzin
ستدِ	satade
کسب‌وکاری	kæsbokɒːɾiː
می‌خواند	míxɒːnd
بسامدش	bisaːmdiʃ
کارآفرینِ	kˌaːraːfrˈiːne
دانش	daːnɪʃ
انتقالِ	intiqaːle
معلمی	maːlˈʌmi
محتوا	mɛhtaʊaː
آکاشیک	aːkaːʃiːk
گزارش	ɡozaːreʃ
می‌سپارد	mísepɒːɾd
نمی‌داشت	næmiːdɒːʃt
فرزندش	fɾzəndeʃ
تعامل	taʕaːmal
والدی	waːldiː
مادری	maːdriː
پدر	pedæɾ
فرزندپروریِ	fˌərəzˌəndəproːrˈiːe
رابطه‌ای	ɾɒːbteʔiː
هولوگرافیکِ	huːluːɡɾɒːfiːke
حیرت‌انگیز	hejɾætænɡiːz
جایگاهِ	d͡ʒɒːjɡɒːhe
نسل‌های	neslhɒːj
سهمِ	sahmeʔ
مجموعِ	madʒmuːʕe
می‌سپارند	míspɒːɾænd
آگاهِ	aːɡaːhe
لنگرِ	lænɡæɾe
بازتنظیم‌شده	bɒːztænðˈiːmʃode
بدنِ	badne
کامل‌شده	kɒːmelʃode
پلِ	pəle
تاریخِ	tɒːɾiːxe
واقعیتِ	ʋaːqˈajjate
نویسندگانِ	.nwî.sind.ga.ne
پُرکارترین	pevɛrkaːrtəriːn
عوامل	ʕaʊaːmil
گسترش	ɡostoɾʃ
ماندگارند	mɒːndeɡɒːɾænd
جهان‌هایی	d͡ʒæhɒːnhɒːjiː
نشست	neʃist
دید	diːd
جهان‌ها	d͡ʒæhɒːnhɒː
خیالِ	xajjaːle
کد	kʰud
ندای	nedaːj
یافت	jaːft
میلی	miːliː
ساختند	saʔaxtanid
بودند	buːdænd
دریافته	dæɾjɒːfte
دستِ	dɪste
افزوده	æfzuːde
غنی‌بخش	ɢæniːbæxʃ
آفرینشی	ɒːfɾiːnʃiː
واقعی	ʋaːqˈaj
می‌رویم	míɾuːjom
سومِ	suːme
دورِ	duːre
سوم	suːm
میراث	miːraːs
سازوکار	saːzuːkaːr
خدمت	xedmæt
قوس	qawwas
اعلام	eʔlaːm
هدف	hadaf
نام‌گذاری	nɒːmɡozɒːɾiː
قانون	qaːnuːn
موج	muːd͡ʒ
اثرِ	ʔaθreʔ
شناخته	ʃenɒːxte
رسمیت	rɛsmiˈat
هدفِ	hadfe
والاترین	waaːlʔatriːn
ماندگاریِ	mɒːndɡɒːɾiːje
عبارت	ʔabaːrt
دوازده	dwaːzde
بگویید	beɡuːjiːd
کوکِ	kuːke
سرشت	sɾeʃt
هویت	huːjat
دور	duːr
سه	se
چگونه	t͡ʃeɡuːne
انباشته	ænbɒːʃte
اعلامِ	eʔlaːme
گرم	ɡərˈʌm
فقرات	fɔqaraːt
ستون	stuːn
خم	xum
بوده‌ام	buːdeæm
آرامم	aːraːmim
همه‌چیز	hæmet͡ʃiːz
پسِ	pəse
برود	bruːd
کجا	kʌɟaː
می‌داند	mídɒːnd
سکونم	skuːnam
می‌کنم	míkonæm
آزادانه	ɒːzɒːdɒːne
همان‌قدر	hæmɒːnqædæɾ
اینجاست	ind͡ʒaːst
جهانِ	d͡ʒəhaːne
هویتِ	huːjæte
نیرومندتر	niːruːməndətər
صدایی	sɛdaːjiː
آمده‌اند	ɒːmædeænd
هستند	hæstænd
آفریننده‌هایش	ɒːfɾiːnændehɒːjeʃ
برمی‌آورد	bæɾmiːɒːvæɾd
ببینیم	bebiːniːm
می‌توانیم	mítævɒːniːm
ببریم	bebriːm
نام	naːm
لایه‌های	lɒːjehɒːj
هم‌آواهاست	hæmɒːvɒːhɒːst
هماهنگ‌ها	hæmɒːhænɡhɒː
پرورشِ	pruːrʃe
پیچیده‌تر	piːt͡ʃiːdetæɾ
می‌رسند	míɾesænd
پدیدار	pediːdɒːɾ
ماه	maːh
شش	ʃiʃ
غنی‌تر	ɢoniːtæɾ
احساسِ	ʔiħsaːse
فاصله	faʔasˤle
لایه‌ای	lɒːjeiː
رسیدن	ɾæsiːdæn
می‌پروراند	mípɾuːɾɒːnd
توانایی‌های	tævɒːnɒːjiːhɒːj
پیچیدگی	piːt͡ʃiːdɡiː
موجودِ	maʊdʒuːde
شیوه‌ای	ʃiːveiː
بگیرند	beɡiːɾænd
نمی‌توانستند	næmiːtævɒːnestænd
عبارت‌های	ʔebɒːɾæthɒːj
دارند	daːrˈʌnd
اطلاعاتی	etlaːʕaːtiː
هم‌آواها	hæmɒːvɒːhɒː
تجربی	tadʒrabiː
داده‌ی	dɒːdej
گریسته	ɡɾiːste
خندیده	xændiːde
گذشته	ɡozæʃte
صفر	sɔfr
گنجینه	ɡænd͡ʒiːne
اعلامیه	eʔlɒːmiːje
بافته	baːfte
انباشته‌ی	ænbɒːʃtej
سهیم	sæhiːm
ساختنش	saʔaxtaniʃ
بایگانی‌ای	bɒːjɡɒːniːiː
سفر	sufar
ببینند	bæbiːnænd
وزنِ	wazne
واژه‌ها	vɒːʒehɒː
آنِ	aːne
بیداری	beːdaːriː
دراز	dərˈaːz
عمرِ	ʕumre
باقیِ	baːqiːe
بازمی‌تاباند	bɒːzmiːtɒːbɒːnd
بعدی‌شان	bæʔdiːʃɒːn
شاهکارِ	ʃɒːhkɒːɾe
زندگی‌های	zendeɡiːhɒːj
کنشی	konʃiː
پرپیامدترین	pˌərpjaːmˌədətrˈiːn
مقدس‌ترین	moqæddæstæɾiːn
بیافرینید	bjaːfriːniːd
پایانِ	pɒːjɒːne
دارم	daːrim
دوستش	duːstɛʃ
منظره‌ای	mænðˤɾeʔiː
پیام	pjaːm
انگار	anɡaːr
آشکارا	aːʃkaːraː
هیجان‌انگیز	hiːd͡ʒɒːnænɡiːz
چقدر	t͡ʃeɢdæɾ
چگال‌تر	t͡ʃeɡɒːltæɾ
ماند	maːnd
دلم	dɛlm
داوری‌ای	dɒːvɾiːʔiː
تن‌گیری‌ها	tænɡiːɾiːhɒː
کنونی‌مان	konuːniːmɒːn
جهتِ	d͡ʒehte
بدانیم	bedɒːniːm
تأییدی	tɑʔjiːdiː
بودیم	buːdiːm
شنیده	ʃeniːde
یگانگی	jɛɡaːnɡiː
چیزهایی	t͡ʃiːzhɒːjiː
نمی‌دانم	næmiːdɒːnæm
باشد؟»	baːʃˈadeʃˈaː
خودم	xodæm
نکند	nəkænd
«هی	hiː
فکر	fikr
مرا	miraː
شرایط	ʃəraːjat
مانع‌ها	mɒːneʔhɒː
درد‌ها	dæɾdhɒː
بردند	bərdˈʌnd
هیجان‌زده‌ام	hæjd͡ʒɒːnzædeʔæm
نبود	nubuːd
گفتم	ɡoftæm
برگردید	bæɾɡæɾdiːd
باری	baːriː
کردم	kæɾdæm
گفتم.»	ɡˈʊftəmˌə
شدم	ʃadam
رویارو	ruːjaːruː
فقط	faqatˤ
پخش	paxʃ
فهرست	fehɾest
مورد	muːɾid
می‌خندیدند	míxændiːdænd
بامزه	biʔamze
می‌گویم	míɡuːiːm
بارها	baːrhaː
همچنان	hæmt͡ʃenɒːn
رسید	rəsiːd
می‌گویند	míɡuːiːnd
شوخ‌طبعیِ	ʃuːxtˤabʕiːʔ
روشن‌ترین	ɾuːʃæntæɾiːn
می‌کردند	míkæɾdænd
می‌دادند	mídɒːdænd
می‌کردم	míkæɾdom
داشتم	daːʃtæm
بگیرم	beɡiːɾæm
قاه‌قاهِ	ɢɒːhqɒːhe
لبخند	labaxand
جلوی	ɟəlʋiː
نمی‌توانستم	næmiːtævɒːnestæm
کوچکِ	kuːcke
نسخه‌ی	næsxej
نشدنی	naʃdæniː
قطعه‌ها	ɢotʕehɒː
مرکزی	markaziː
مکاشفه‌ی	mekɒːʃefej
شعر	ʃaʔr
برسانیم	beɾsɒːniːm
پایان	paːjaːn
اینجا	iːnɟaː
عبارت‌هایی	ʔebɒːɾæthɒːjiː
گفتنِ	ɡoftæne
بیایید	biːjɒːjiːd
بگذار	bəɡzaːr
آرام	aːraːm
شانه‌هایت	ʃɒːnehɒːjæt
فرود	fruːd
بیاید	biːjaːjad
پتویی	petvjiː
ببین	bəbˈiːn
نفست	nafst
نرم	narm
چنگش	t͡ʃænɡeʃ
هیچ	hiːt͡ʃ
چیز	t͡ʃiːz
تو	tuː
خواسته	xwaːste
نمانده	næmɒːnde
فانوس	faːnuːs
توجه	tawd͡ʒh
کم‌سو	kæmsuː
مهربان‌تر	mohɾɒːbɒːntæɾ
مهربانی	mohɾəbɒːniː
دعوت	daʕuːt
شل	ʃal
پاداشی	paːdaːʃiː
بیاوری	bjaːwɾiː
بلکه	bolke
ریتمی	riːtmiː
برمی‌گردی	bæɾmiːɡæɾdiː
دریاچه‌ای	dæɾjɒːt͡ʃeiː
تصور	tusˤawwir
کن	kon
بی‌هیچ	biːhiːt͡ʃ
تلاشی	təlaːʃiː
تصویر	tasʋiːr
آغوش	aːɣuːʃ
افکارت	ɪfkaːrɛt
ابر	ʔabɛr
می‌گذرند	míɡozæɾænd
تماشا	tumaːʃaː
می‌کنی	míkæniː
چطور	t͡ʃetuːr
زیر	ziːr
نگرانی	niɡraːniː
آرامشی	aːraːmʃiː
استوار	istuwaːr
شکیبا	ʃəkˈiːbaː
اطراف	etraːf
آهسته	ɒːheste
زمزمه	zəmzəme
سلول	suluːl
خسته	xoste
خوش‌آمد	xuːʃaːmæd
سنگینی	sænɡiːniː
دست‌ها	dæsthɒː
پاهایت	pɒːhɒːjæt
تشک	taʃk
بازدم	biʔazdam
تنش	tanʃ
تاریکی	taːriːkiː
آب	aːb
کهن‌تر	kehntæɾ
تردیدهایت	tæɾdiːdhɒːjæt
سکوت	skuːt
مهربان	mahrabaːn
بی‌شتاب	biːʃtɒːb
دوستی	duːstiː
قدیمی	qədiːmiː
پشت	poʃt
قلبت	qalbat
فردا	fæɾdaː
امشب	ʔumʃib
ستاره‌ها	setɒːɾehɒː
پاسداری	paːsdaːriː
آهسته‌شان	ɒːhæsteʃɒːn
می‌دهند	mídæhænd
خواب	xwaːb
می‌شوی	míʃuːj
هنر	honɾ
کهن	kehn
ترمیم	tæɾmiːm
ساعت‌های	sɒːʔæthɒːj
شفقت	ʃafaqt
ناامیدی‌های	nɒːʔemiːdiːhɒːj
بشوید	bəʃwiːd
موجی	muːd͡ʒiː
ملایم	malaːjam
ساحل	saːħil
تلاش	talaːʃ
دورتر	duːrtər
گشادگی‌ای	ɡoʃɒːdeɡiːiː
آشفته‌اش	ɒːʃefteʔeʃ
رؤیاها	roʔjaːhaː
لبه‌ی	læbej
اعتماد	iʕtimaːd
بذرهای	bæzæɾhɒːj
صبح	subħ
گهواره	ɡæhvɒːɾe
ببر	bɛbɛr
بکشد	bekʃæd
محو	mɛħw
آرامش	aːraːmʃ
می‌آسایی	míɒːsɒːjiː
