b	*	*	990	109	b
ɪ	*	*	966	925	ɪ
g	*	*	933	14	ɡ
ˈ	*	*	925	1175	ˈ
n	*	*	973	530	n
$	*	*	997	1177	
ɐ	*	*	500	101	ə
s	*	*	977	435	s
l	*	*	997	335	l
ɛ	*	*	955	246	ɛ
t	*	*	990	543	t
ə	*	*	939	659	ə
ʊ	*	*	947	133	ʊ
ɒ	*	*	932	102	ɒ
p	*	*	995	210	p
ɹ	*	*	996	330	ɹ
ˌ	*	*	907	139	ˌ
e	*	*	976	170	e
z	*	*	970	237	z
ð	*	*	964	27	ð
w	*	*	986	75	w
i	*	*	965	228	i
ː	*	*	905	339	ː
ŋ	*	*	992	127	ŋ
d	*	*	983	307	d
θ	*	*	891	36	θ
u	*	*	965	85	u
f	*	*	983	119	f
ɑ	*	*	604	42	ɑ
k	*	*	997	338	k
h	*	*	975	40	h
v	*	*	989	98	v
j	*	*	985	70	j
æ	*	*	978	141	a
m	*	*	995	220	m
ɔ	*	*	835	72	ɔ
ʌ	*	*	964	55	ʌ
a	*	*	973	113	a
ɜ	*	*	961	51	ɜ
ʃ	*	*	993	152	ʃ
ɡ	*	*	953	63	ɡ
ʒ	*	*	977	43	ʒ
ɐ	ˈ	*	857	6	ʌ
f	ʊ	*	333	2	v
ɪ	ð	*	666	2	ˈɪ
ɐ	^	*	875	39	ɐ
ˌ	ɪ	*	750	3	ʲˌ
d	s	*	800	4	t
θ	ɪ	*	500	3	ð
ɪ	ː	*	400	4	ʲɪ
ˈ	ː	*	846	12	ʲˈ
ɔ	^	*	333	2	
ˈ	ɪ	*	857	6	ʲˈ
ɐ	ɡ	*	333	2	ɐ
ɐ	*	s	333	5	ʌ
ɛ	*	$	666	2	ə
ɛ	*	ə	571	6	e
ː	*	ɹ	600	4	ə
ʊ	*	f	333	2	ɒ
ː	*	f	500	7	a
n	*	k	923	12	ŋ
ɐ	*	m	600	4	ɐ
ˌ	*	i	454	10	
ɐ	*	k	375	7	ɐ
ɐ	*	t	750	3	ɐ
ɐ	*	l	625	7	ɐ
ɐ	*	p	666	5	ɐ
ɐ	*	d	500	3	ɐ
ˌ	*	ɔ	250	3	ˈ
ɐ	*	ɹ	800	4	ɐ
ɐ	*	b	800	4	ɐ
ɐ	*	w	800	4	ɐ
ɐ	*	n	666	2	ɐ
ɐ	*	ɡ	666	2	ɐ
ʊ	*	ɹ	666	2	ə
ɒ	*	ɡ	333	2	əʊ
ˈ	^	ɐ	333	2	ˌ
ɛ	ˈ	$	666	2	ə
ɛ	ˈ	ə	571	6	e
ˈ	w	i	500	5	
ː	ɑ	s	833	5	a
ɪ	e	v	333	2	a
ˈ	j	ɔ	600	4	
ː	ɔ	ɹ	750	3	ə
ʊ	ə	f	333	2	ɒ
ə	ɪ	t	500	3	ʲə
ˈ	w	ɒ	500	9	ˌ
ɪ	ð	s	666	2	ˈɪ
ˈ	t	u	333	2	
n	ɪ	k	857	6	ŋ
ə	n	t	333	2	ɪ
d	s	$	800	4	t
ː	ɑ	z	500	3	a
θ	ɪ	$	666	2	ð
ɪ	ː	ŋ	400	4	ʲɪ
ˈ	ː	e	846	12	ʲˈ
ə	z	b	666	2	ɪ
s	ɒ	ɪ	666	5	z
ˈ	ð	e	800	4	
ə	ː	ʊ	666	2	ʲə
ɪ	d	n	500	3	i
ə	ɪ	d	333	2	ʲə
ˌ	ɹ	i	666	5	
ɪ	t	f	333	2	i
ː	ɔ	z	400	4	ɒ
n	ɛ	k	666	2	ŋ
ə	ɪ	n	600	4	ʲə
ː	ɑ	f	800	4	a
ˈ	b	ʌ	500	3	ˌ
ʊ	j	ɹ	666	2	ə
ˌ	^	ɒ	333	2	
ɔ	^	ː	333	2	
ː	ɔ	θ	333	2	ɐ
ˈ	ɪ	æ	800	4	ʲˈ
ɪ	ɹ	n	500	3	ə
ə	ɪ	s	250	3	ʲɪ
ɪ	d	m	666	2	aɪ
ɪ	ˈ	ə	750	3	i
n	ə	k	666	2	ŋ
ɐ	@0C	*	857	6	ʌ
ɛ	@0V	*	666	2	ə
ɑ	@1V	*	571	6	
ɐ	@1C	*	555	8	ɐ
ˌ	@1V	*	714	6	
ɐ	@2C	*	891	36	ɐ
ɑ	@1C	*	428	6	
ɔ	@1V	*	400	4	a
ˈ	@1V	ɛ	666	2	
ɛ	@0V	$	666	2	ə
ɛ	@1V	ə	400	4	e
ː	@1C	ɹ	500	3	ə
ɑ	@1V	ː	571	6	
ː	@1V	n	333	2	a
n	@2C	k	875	7	ŋ
ə	@1V	t	250	3	ɪ
ˌ	@1V	i	833	5	
ɒ	@0C	ŋ	333	2	ʌ
ɛ	@1C	ə	666	2	e
ɑ	@1C	ː	428	6	
n	@2V	k	666	2	ŋ
ː	@1V	f	500	3	a
ʊ	@2C	ɹ	666	2	ə
ɔ	@1V	ː	666	2	a
ˈ	@1V	ɜ	333	2	
n	@1C	k	666	2	ŋ
