m	*	*	997	477	m
ˈ	*	*	984	1182	ˈ
u	*	*	997	450	u
l	*	*	996	294	l
a	*	*	999	1621	a
͡	*	*	994	174	
ɪ	*	*	965	28	ɪ
$	*	*	999	1184	
k	*	*	995	460	k
i	*	*	998	650	i
t	*	*	997	494	t
r	*	*	997	427	r
b	*	*	995	228	b
h	*	*	994	192	h
ˌ	*	*	994	177	ˌ
o	*	*	988	83	o
p	*	*	996	268	p
ə	*	*	998	595	ə
ɔ	*	*	933	14	ɔ
d	*	*	996	287	d
ɛ	*	*	994	180	ɛ
j	*	*	954	21	j
ŋ	*	*	996	249	ŋ
n	*	*	998	598	n
ɲ	*	*	992	135	ɲ
w	*	*	969	32	w
ʒ	*	*	985	67	ʒ
s	*	*	997	410	s
ʃ	*	*	984	63	ʃ
f	*	*	971	34	f
ɡ	*	*	989	98	ɡ
ʊ	*	*	941	16	ʊ
x	*	*	875	7	x
v	*	*	800	4	v
z	*	*	666	2	z
χ	*	*	500	1	χ
.	*	*	500	1	.
ˈ	@1V	*	500	3	
ˈ	@1V	i	666	2	
