بگذار	beɡzˈɑr
آرام	ˈɑrˈm
شانه‌هایت	ʃˈɑnehˈɑjat
فرود	fruːd
بیاید	bijˈɑjad
پتویی	petvi
ببین	babin
نفست	nafst
نرم	narm
چنگش	tʃˈanɡeʃ
هیچ	hitʃ
چیز	tʃiz
تو	tˈo
خواسته	xˈɑste
نمانده	nˌemˈɑnde
فانوس	fˈɑnuːs
توجه	tˈndʒh
کم‌سو	kˈamsˈu
مهربان‌تر	mohrˈɑbˈɑntar
مهربانی	mohrabˈɑni
دعوت	daʔuːt
شل	ʃˈl
پاداشی	pˈɑdˈɑʃi
بیاوری	biˈɑvri
بلکه	bˈolke
ریتمی	ritmi
برمی‌گردی	barmiɡˈardi
دریاچه‌ای	darjˈtʃeːˈi
تصور	tosavvar
کن	kˈon
بی‌هیچ	bihitʃ
تلاشی	talˈɑʃi
تصویر	tˈsvir
آغوش	ˈɑq1uːʃ
افکارت	efkˈɑrat
ابر	abar
می‌گذرند	miɡozarand
تماشا	tˈomˈɑʃˈɑ
می‌کنی	mikˈani
چطور	tʃetˈoːr
زیر	zir
نگرانی	niɡrˈɑni
آرامشی	ˈɑrˈɑmʃi
استوار	istˈuvˈɑr
شکیبا	ʃkˈibˈɑ
اطراف	ˌetrˈɑf
آهسته	ˈɑheste
زمزمه	zamzame
سلول	sˈulol
خسته	xˈoste
خوش‌آمد	xoːʃˈɑmad
سنگینی	sanɡini
دست‌ها	dasthˈɑ
پاهایت	pˈhˈɑjat
تشک	tˈʃk
بازدم	bɑzdˈam
تنش	tanʃ
تاریکی	tˈɑriki
آب	ˈɑb
کهن‌تر	kehntar
تردیدهایت	tardidhˈɑjat
سکوت	skˈuːt
مهربان	mˈhrabˈɑn
بی‌شتاب	biʃtˈɑb
دوستی	dˈuːsti
قدیمی	qadimi
پشت	poʃt
قلبت	q1ˈalbˈt
فردا	fˈardˈɑ
امشب	omʃib
ستاره‌ها	setˈɑrehˈɑ
پاسداری	pˈːsdˈɑri
آهسته‌شان	ˈhˈasteʃˈɑn
می‌دهند	midˈahand
خواب	xˈɑb
می‌شوی	miʃuːj
هنر	hˈonr
کهن	kehn
ترمیم	tˈarmim
ساعت‌های	sˈathˈɑj
شفقت	ʃafˈqt
ناامیدی‌های	nˈʔemidihˈɑj
بشوید	boʃvid
موجی	mˈuːdʒˈi
ملایم	mˈlˈɑjˈm
ساحل	sˈɑhel
تلاش	t1ˈalˈɑʃ
دورتر	dˈuːrtar
گشادگی‌ای	ɡoʃˈɑdeɡii
آشفته‌اش	ˈɑʃefteːˈaʃ
رؤیاها	rˈoʔjˈɑhɑ
لبه‌ی	labeːj
اعتماد	iʔtimˈɑd
بذرهای	bˈazarhˈɑj
صبح	sˈubh
گهواره	ɡˈahvˈɑre
ببر	bebar
بکشد	bekʃad
محو	mahn
آرامش	ˈɑrˈmʃ
می‌آسایی	miˈːsˈɑi
