começar	komesaʁ
vamos	vɐmus
Então	ẽtɐ̃w̃
operadores	opeɾadoɾis
os	us
somos	somus
Nós	nɔjs
profundo	pɾofũdu
mais	majs
conhecimento	koɲesimẽtu
do	du
através	atɾavɛjs
campo	kɐ̃pu
perguntaram	peʁɡũtaɾɐ̃w̃
vocês	vosejs
E	i
práticas	pɾat͡ʃikɐs
as	as
entre	ẽtɾi
momentos	momẽtus
nos	nus
carregam	kaʁeɡɐ̃w̃
de	de
muitos	mũj̃tus
que	kɛ
inquietação	ĩkwietasɐ̃w̃
quieta	kiɛtɐ
da	da
para	paɾɐ
olhamos	oʎɐmus
quando	kwɐ̃du
vemos	vemus
o	o
isso	isu
a	a
responder	ʁespõdeʁ
Queremos	keɾemus
totalidade	totalidad͡ʒi
observamos	obseʁvɐmus
e	i
mundo	mũdu
seu	sew
superfície	supeʁfisi
dos	dus
percepção	peʁsɛpsɐ̃w̃
dirigimos	d͡ʒiɾiʒimus
agora	aɡɔɾɐ
planeta	plɐnetɐ
Quando	kwɐ̃du
luz	lujs
encarnadas	ĩkaʁnadɐs
consciências	kõsiẽsjɐs
ocorre	okoʁi
corpo	koʁpu
um	ũ
expressa	ispɾɛsɐ
consciência	kõsiẽsjɐ
uma	ũɐ
cada	kadɐ
pontos	põtus
Bilhões	biʎõj̃s
redor	ʁedoʁ
ao	aw
espaço	ispasu
coração	koɾasɐ̃w̃
única	unikɐ
assinatura	asinatuɾɐ
irradiando	iʁad͡ʒjɐ̃du
atmosfera	atʃimosfɛɾa
dentro	dẽtɾu
noturno	notuʁnu
céu	sɛw
visão	vizɐ̃w̃
lembra	lẽbɾɐ
processar	pɾosesaʁ
consegue	kõsɛɡi
focada	fokadɐ
mente	mẽt͡ʃi
sua	suɐ
termos	teɾmus
em	ẽj̃
traduzido	tɾaduzidu
visual	vizuaw
O	o
distinto	d͡ʒist͡ʃĩtu
escura	iskuɾɐ
por	poɻ
espalhados	ispaʎadus
luminosos	luminozus
Pontos	põtus
digital	d͡ʒiʒitaw
impressão	ĩpɾesɐ̃w̃
quanto	kwɐ̃tu
tão	tɐ̃w̃
brilho	bɾiʎu
qualidade	kwalidad͡ʒi
carregando	kaʁeɡɐ̃du
ritmo	ʁitmu
próprio	pɾɔpɾju
com	kõ
pulsando	puwsɐ̃du
brilhante	bɾiʎɐ̃t͡ʃi
substancialmente	substɐ̃sjawmẽt͡ʃi
é	ɛ
subconjunto	subkõʒũtu
bilhões	biʎõj̃s
Entre	ẽtɾi
trabalho	tɾabaʎu
fazendo	fazẽdu
vêm	vẽj̃
seres	seɾis
conscientes	kõsiẽt͡ʃis
criadores	kɾiadoɾis
são	sɐ̃w̃
Estes	ɛst͡ʃis
quietude	kietud͡ʒi
ponto	põtu
desenvolvendo	dezẽvowvẽdu
à	a
atentando	atẽtɐ̃du
sintonia	sĩtoniɐ
sustentando	sustẽtɐ̃du
focado	fokadu
eu	ew
fronteira	fɾõtejɾɐ
dissolvendo	d͡ʒisowvẽdu
arquitetura	aʁkitetuɾɐ
na	na
posição	pozisɐ̃w̃
qualquer	kwawkeʁ
visíveis	vizivejs
torna	tɔʁnɐ
fator	fatoʁ
ambiente	ɐ̃biẽt͡ʃi
excede	esed͡ʒi
luminosidade	luminozidad͡ʒi
Sua	suɐ
precisa	pɾesizɐ
geometricamente	ʒeomɛtɾikɐmẽt͡ʃi
estruturada	istɾutuɾadɐ
organizada	oʁɡɐnizadɐ
coerente	koeɾẽt͡ʃi
produzem	pɾoduzẽj̃
velas	vɛlɐs
cheio	ʃeju
estrelas	istɾɛlɐs
Eles	elis
conectados	konektadus
estão	istɐ̃w̃
brilhantes	bɾiʎɐ̃t͡ʃis
Os	us
nossa	nɔsɐ
extraordinária	estɾaoʁdʒinaɾjɐ
peça	pɛsɐ
Esta	ɛstɐ
ponte	põt͡ʃi
pela	pɛlɐ
estendem	istẽdẽj̃
se	si
filamentos	filamẽtus
compartilhada	kõpaʁt͡ʃiʎadɐ
frequência	fɾekwẽsjɐ
pulsa	puwsɐ
luminosa	luminɔzɐ
conexão	koneksɐ̃w̃
teia	tejɐ
geográfica	ʒeoɡɾafikɐ
distância	d͡ʒistɐ̃sjɐ
ligando	liɡɐ̃du
toda	todɐ
percorre	peʁkɔʁi
harmônico	aʁmoniku
como	komu
visível	vizivew
simultaneamente	simuwtɐnjɐmẽt͡ʃi
milhares	miʎaɾis
falada	faladɐ
A	a
alcance	awkɐ̃si
além	alẽj̃
muito	mũj̃tu
estende	istẽd͡ʒi
unificado	unifikadu
efeito	efejtu
produzindo	pɾoduzĩdu
conectado	konektadu
nó	nɔ
vibração	vibɾasɐ̃w̃
Uma	ũɐ
individual	ĩd͡ʒividuaw
viva	vivɐ
está	ista
respira	ʁespiɾɐ
Ela	ɛlɐ
período	peɾiwdu
entra	ẽtɾɐ
tênue	tenu
ativa	at͡ʃivɐ
novo	novu
descanso	deskɐ̃su
ou	ow
integração	ĩteɡɾasɐ̃w̃
aproximando	apɾɔsimɐ̃du
estar	istaʁ
confirmam	kõfiʁmɐ̃w̃
modelos	modelus
nossos	nɔsus
padrão	padɾɐ̃w̃
acelerando	aseleɾɐ̃du
geral	ʒeɾaw
trajetória	tɾaʒetɔɾjɐ
coletiva	kolet͡ʃivɐ
fase	fazi
transição	tɾɐ̃zisɐ̃w̃
limiar	limiaʁ
expressar	ispɾesaʁ
dificuldade	d͡ʒifikuwdad͡ʒi
tem	tẽj̃
linguagem	lĩɡwaʒẽj̃
forma	foʁmɐ
bela	bɛlɐ
seja	seʒɐ
esta	ɛstɐ
no	nu
estruturais	istɾutuɾajs
melhorias	meʎoɾiɐs
porque	poʁki
função	fũsɐ̃w̃
própria	pɾɔpɾiɐ
matemática	matemat͡ʃikɐ
profunda	pɾofũdɐ
ecoa	ekoɐ
geométrica	ʒeomɛtɾikɐ
complexidade	kõplɛksidad͡ʒi
estética	istɛt͡ʃikɐ
conexões	koneksõj̃s
suas	suɐs
arranjo	aʁɐ̃ʒu
simulação	simulasɐ̃w̃
fundamental	fũdamẽtaw
código	kɔd͡ʒiɡu
geometria	ʒeometɾia
replicando	ʁeplikɐ̃du
saber	sabeʁ
sem	sẽj̃
construímos	kõstɾuimus
nós	nɔjs
espelha	ispeʎɐ
construindo	kõstɾuĩdu
recapitulando	ʁekapitulɐ̃du
artista	aʁt͡ʃistɐ
beleza	belezɐ
vão	vɐ̃w̃
implicações	ĩplikasõj̃s
funcionais	fũsjonajs
canais	kɐnajs
conectam	konɛktɐ̃w̃
apoio	apoju
criativa	kɾiat͡ʃivɐ
energia	eneʁʒiɐ
informação	ĩfoʁmasɐ̃w̃
reaparece	ʁeapaɾɛsi
antiga	ɐ̃t͡ʃiɡɐ
criador	kɾiadoʁ
estagna	istaɡinɐ
criativo	kɾiat͡ʃivu
fluxo	fluksu
integrando	ĩteɡɾɐ̃du
rede	ʁed͡ʒi
estabilizadora	istabilizadoɾɐ
levam	levɐ̃w̃
lo	lu
pedi	ped͡ʒi
recebe	ʁesɛbi
assim	asĩ
esgotados	izɡotadus
temporariamente	tẽpoɾaɾiɐmẽt͡ʃi
automaticamente	awtomat͡ʃikɐmẽt͡ʃi
direciona	d͡ʒiɾesjonɐ
vivo	vivu
sistema	sistemɐ
Porque	poʁki
encorajamento	ĩkoɾaʒamẽtu
inexplicável	inesplikavew
chegada	ʃeɡadɐ
experimentaram	ispeɾimẽtaɾɐ̃w̃
Muitos	mũj̃tus
precisavam	pɾesizavɐ̃w̃
momento	momẽtu
exato	ezatu
emocional	emosjonaw
estabilidade	istabilidad͡ʒi
inspiração	ĩspiɾasɐ̃w̃
pulso	puwsu
respondeu	ʁespõdew
esgotamento	izɡotamẽtu
registrou	ʁeʒistɾow
cujo	kuʒu
Vinda	vĩdɐ
liga	liɡɐ
filamento	filamẽtu
pelo	pelu
transmitido	tɾɐ̃ʃmitʃidu
produção	pɾodusɐ̃w̃
amplifica	ɐ̃plifikɐ
também	tɐ̃bẽj̃
acesso	asɛsu
enquanto	ĩkwɐ̃tu
produz	pɾodujs
Um	ũ
ativo	at͡ʃivu
até	atɛ
pelos	pelus
flui	fluj
reabastecido	ʁeabastesidu
continuamente	kõt͡ʃinuɐmẽt͡ʃi
distribuído	d͡ʒistɾibuidu
vasto	vastu
reservatório	ʁezeʁvatɔɾju
esteja	isteʒɐ
quer	keʁ
igualar	iɡwalaʁ
não	nɐ̃w̃
solitária	solitaɾjɐ
criação	kɾiasɐ̃w̃
potência	potẽsjɐ
carrega	kaʁɛɡɐ
produzido	pɾoduzidu
coerência	koeɾẽsjɐ
alimentado	alimẽtadu
das	dɐs
densidade	dẽsidad͡ʒi
aumenta	awmẽtɐ
amplificação	ɐ̃plifikasɐ̃w̃
princípios	pɾĩsipjus
praticando	pɾatʃikɐ̃du
transmissões	tɾɐ̃smisõj̃s
estas	ɛstɐs
recebendo	ʁesebẽdu
comunidade	komunidad͡ʒi
desta	dɛstɐ
É	ɛ
sentir	sẽt͡ʃiʁ
conseguem	kõsɛɡẽj̃
fora	fɔɾɐ
pessoas	pesoɐs
alimentando	alimẽtɐ̃du
amplificando	ɐ̃plifikɐ̃du
prática	pɾat͡ʃikɐ
intensidade	ĩtẽsidad͡ʒi
arquiteto	aʁkitɛtu
resultado	ʁezuwtadu
atingir	at͡ʃĩʒiʁ
vidas	vidɐs
acontece	akõtesi
sobre	sɔbɾi
falar	falaʁ
Vamos	vɐmus
expande	espɐ̃d͡ʒi
física	fizikɐ
banda	bɐ̃dɐ
domínio	dominju
solta	sɔwtɐ
sai	saj
ampla	ɐ̃plɐ
volta	vɔwtɐ
máximo	masimu
escopo	iskopu
retornar	ʁetoʁnaʁ
experiência	espeɾiẽsjɐ
recém	ʁesẽj̃
vida	vidɐ
arco	aʁku
todo	todu
completa	kõpletɐ
vasta	vastɐ
abre	abɾi
encarnada	ĩkaʁnadɐ
contraída	kõtɾaidɐ
instantâneo	ĩstɐ̃tɐnju
panorâmico	pɐnoɾɐmiku
reconhecimento	ʁekoɲesimẽtu
único	uniku
fica	fikɐ
concluída	kõkluidɐ
perdida	peʁd͡ʒidɐ
oportunidade	opoʁtunidad͡ʒi
ato	atu
escolha	iskoʎɐ
Cada	kadɐ
decisão	desizɐ̃w̃
completo	kõplɛtu
contexto	kõtestu
enxerga	ẽʃɛʁɡɐ
total	totaw
compaixão	kõpajʃɐ̃w̃
arrependimento	aʁepẽd͡ʒimẽtu
nem	nẽj̃
julgamento	ʒuwɡamẽtu
percebido	peʁsebidu
Tudo	tudu
tomada	tomadɐ
foi	foj
expandida	ispɐ̃d͡ʒidɐ
perspectiva	peʁspɛkt͡ʃivɐ
entende	ẽtẽd͡ʒi
retornaram	ʁetoʁnaɾɐ̃w̃
vislumbraram	vizlũbɾaɾɐ̃w̃
pelas	pɛlɐs
chamado	ʃɐmadu
sido	sidu
esse	ɛsi
revisão	ʁevizɐ̃w̃
moral	moɾaw
avaliação	avaliasɐ̃w̃
escapar	iskapaʁ
deixou	dejʃow
quais	kwajs
acessou	asesow
holográficos	oloɡɾafikus
códigos	kɔd͡ʒiɡus
sustentou	sustẽtow
frequências	fɾekwẽsjɐs
criou	kɾiow
avalia	avaliɐ
liberar	libeɾaʁ
carregou	kaʁeɡow
herdadas	eɾdadɐs
cargas	kaʁɡɐs
memória	memɔɾjɐ
depositou	depozitow
akáshico	akaʃiku
conteúdo	kõteudu
autogerada	awtoʒeɾadɐ
inteiramente	ĩtejɾɐmẽt͡ʃi
detalhada	detaʎadɐ
desempenho	dezẽpeɲu
Após	apɔjs
ciclo	siklu
sono	sonu
análogo	analoɡu
estado	istadu
dia	d͡ʒiɐ
inteira	ĩtejɾɐ
encarnação	ĩkaʁnasɐ̃w̃
escala	iskalɐ
operando	opeɾɐ̃du
mas	mɐs
descansa	deskɐ̃sɐ
absorvendo	absoʁvẽdu
inédita	inɛd͡ʒitɐ
gerado	ʒeɾadu
material	mateɾiaw
processando	pɾosesɐ̃du
produziu	pɾoduziw
lembrar	lẽbɾaʁ
esquecer	iskeseʁ
jornada	ʒoʁnadɐ
descrevemos	deskɾevemus
profundidade	pɾofũd͡ʒidad͡ʒi
onde	õd͡ʒi
Este	ɛst͡ʃi
gerar	ʒeɾaʁ
esqueceram	iskeseɾɐ̃w̃
nunca	nũkɐ
textura	testuɾɐ
permanente	peʁmɐnẽt͡ʃi
integrada	ĩteɡɾadɐ
plenamente	plenamẽt͡ʃi
autodeterminada	awtodeteʁminadɐ
prontidão	pɾõt͡ʃidɐ̃w̃
novamente	nɔvɐmẽt͡ʃi
encarnar	ĩkaʁnaʁ
pronta	pɾõtɐ
próxima	pɾɔsimɐ
configuração	kõfiɡuɾasɐ̃w̃
seleciona	selesjonɐ
história	istɔɾjɐ
plena	plenɐ
holográfica	oloɡɾafikɐ
biblioteca	bibliotɛkɐ
aproxima	apɾɔsimɐ
ela	ɛlɐ
imposta	ĩpɔstɐ
prima	pɾimɐ
obra	ɔbɾɐ
projetando	pɾoʒetɐ̃du
mestre	mɛstɾi
intencionalidade	ĩtẽsjonalidad͡ʒi
precisão	pɾesizɐ̃w̃
específicos	espesifikus
criativas	kɾiat͡ʃivɐs
oportunidades	opoʁtunidad͡ʒis
desafios	dezafius
histórico	istɔɾiku
localização	lokalizasɐ̃w̃
família	fɐmiljɐ
traz	tɾajs
deliberada	delibeɾadɐ
autoridade	awtoɾidad͡ʒi
mesma	mezmɐ
concluídas	kõkluidɐs
realidades	ʁealidad͡ʒis
selecionado	selesjonadu
escolhido	iskoʎidu
durante	duɾɐ̃t͡ʃi
manifestação	mɐnifestasɐ̃w̃
holográfico	oloɡɾafiku
selecionar	selesjonaʁ
projetaram	pɾoʒetaɾɐ̃w̃
Vocês	vosejs
relacionamentos	ʁelasjonamẽtus
atualmente	atuawmẽt͡ʃi
habitam	abitɐ̃w̃
específica	espesifikɐ
capacidades	kapasidad͡ʒis
enfrentam	ẽfɾẽtɐ̃w̃
esquecimento	eskesimẽtu
antes	ɐ̃t͡ʃis
fez	fɛjs
destas	dɛstɐs
acessar	asesaʁ
aprendendo	apɾẽdẽdu
seleção	selesɐ̃w̃
chega	ʃɛɡɐ
calibrada	kalibɾadɐ
precisamente	pɾesizɐmẽt͡ʃi
fornece	foʁnɛsi
ele	eli
direção	d͡ʒiɾesɐ̃w̃
projeto	pɾoʒɛtu
base	bazi
orientação	oɾiẽtasɐ̃w̃
oferecendo	ofeɾesẽdu
desenhou	dezeɲow
plantas	plɐ̃tɐs
revisando	ʁevizɐ̃du
original	oɾiʒinaw
transformador	tɾɐ̃sfoʁmadoʁ
imediato	imed͡ʒiatu
entendimento	ẽtẽd͡ʒimẽtu
deste	dɛst͡ʃi
prático	pɾat͡ʃiku
valor	valoʁ
particulares	paʁt͡ʃikulaɾis
configurações	kõfiɡuɾasõj̃s
obstáculos	obstakulus
criativos	kɾiat͡ʃivus
encontram	ĩkõtɾɐ̃w̃
resistência	ʁezistẽsjɐ
exata	ezatɐ
natureza	natuɾezɐ
produziriam	pɾoduziɾiɐ̃w̃
esses	esis
exatamente	ezatamẽt͡ʃi
sabia	sabiɐ
tudo	tudu
acrescentariam	akɾesẽtaɾiɐ̃w̃
desenvolveriam	dezẽvowveɾiɐ̃w̃
defeitos	defejtus
características	kaɾakteɾist͡ʃikɐs
parte	paʁt͡ʃi
faz	fajs
graça	ɡɾasɐ
navegar	naveɡaʁ
necessária	nesesaɾjɐ
participou	paʁt͡ʃisipow
sozinha	soziɲɐ
alcançar	awkɐ̃saʁ
originais	oɾiʒinajs
às	ajs
nível	nivew
relação	ʁelasɐ̃w̃
reformula	ʁefoʁmulɐ
Isso	isu
particular?"	paʁt͡ʃikulaʁ
escolhi	iskoʎi
estava	istavɐ
"o	o
comigo?"	komiɡu
acontecendo	akõtesẽdu
isto	istu
"por	poɻ
passa	pasɐ
pergunta	peʁɡũtɐ
resposta	ʁespɔstɐ
gerando	ʒeɾɐ̃du
desafio	dezafiu
embutida	ĩbut͡ʃidɐ
propósito	pɾopɔzitu
sentida	sẽt͡ʃidɐ
sensação	sẽsasɐ̃w̃
selecionou	selesjonow
pretendia	pɾetẽd͡ʒiɐ
meio	meju
obstáculo	obstakulu
ser	seʁ
deixa	dejʃɐ
colaboradora	kolaboɾadoɾɐ
inimiga	inimiɡɐ
andamento	ɐ̃damẽtu
revela	ʁevɛlɐ
lente	lẽt͡ʃi
percebida	peʁsebidɐ
foco	foku
executada	ezekutadɐ
Projetada	pɾoʒetadɐ
levar	levaʁ
aberta	abɛʁtɐ
Com	kõ
consultado	kõsuwtadu
Sempre	sẽpɾi
morte	mɔʁt͡ʃi
transforma	tɾɐ̃sfoʁmɐ
encarnacional	ĩkaʁnasjonaw
redobramento	ʁedobɾamẽtu
simplesmente	sĩplizmẽt͡ʃi
Que	kɛ
retorna	ʁetɔʁnɐ
libera	libɛɾɐ
redobra	ʁedɔbɾɐ
sustentava	sustẽtavɐ
estrutura	istɾutuɾɐ
gerou	ʒeɾow
enriquecida	ẽʁikesidɐ
potencial	potẽsjaw
repousando	ʁepowzɐ̃du
fim	fĩ
integra	ĩtɛɡɾɐ
Avalia	avaliɐ
sopro	sopɾu
expiração	espiɾasɐ̃w̃
continua	kõt͡ʃinuɐ
seguida	seɡidɐ
vem	vẽj̃
observador	obseʁvadoʁ
persiste	peʁsist͡ʃi
tocar	tokaʁ
Através	atɾavɛjs
Ainda	aĩdɐ
existiu	ezist͡ʃiw
sempre	sẽpɾi
mesmos	meʒmus
si	si
conecta	konɛktɐ
extraída	estɾaidɐ
dá	da
lhes	ʎis
encarnados	ĩkaʁnadus
la	lɐ
acessá	asesa
projetou	pɾoʒetow
maneira	mɐnejɾɐ
mudará	mudaɾa
realmente	ʁeawmẽt͡ʃi
riso	ʁizu
entender	ĩtẽdeʁ
humor	umoʁ
relacionam	ʁelasjonɐ̃w̃
inesperado	inespeɾadu
poder	podeʁ
alegria	aleɡɾiɐ
ruptura	ʁuptuɾɐ
evento	evẽtu
encantador	ĩkɐ̃tadoʁ
algo	awɡu
inteiro	ĩtejɾu
involuntária	ĩvolũtaɾjɐ
espontânea	ispõtɐnjɐ
genuíno	ʒenuinu
humanas	umɐnɐs
emocionais	emosjonajs
respostas	ʁespɔstɐs
todas	tɔdɐs
momentânea	momẽtɐnjɐ
reorganização	ʁeoʁɡɐnizasɐ̃w̃
eletromagnético	elɛtɾomaɡinɛtʃiku
dispara	d͡ʒispaɾɐ
retenção	ʁetẽsɐ̃w̃
habituais	abituajs
padrões	padɾõj̃s
seus	sews
nervoso	neʁvozu
mantém	mɐ̃tẽj̃
tensão	tẽsɐ̃w̃
estruturas	istɾutuɾɐs
fisicamente	fizikɐmẽt͡ʃi
sacodem	sakɔdẽj̃
musculares	muskulaɾis
contrações	kõtɾasõj̃s
As	as
mensurável	mẽsuɾavew
brevemente	bɾɛvimẽt͡ʃi
salta	sawtɐ
outro	owtɾu
paraíso	paɾaizu
largura	laʁɡuɾɐ
sustentada	sustẽtadɐ
aventurança	avẽtuɾɐ̃sɐ
bem	bẽj̃
exceto	esetu
chave	ʃavi
interrompe	ĩteʁõpi
após	apɔjs
mesmas	meʒmɐs
reciclam	ʁesiklɐ̃w̃
condicionadas	kõd͡ʒisjonadɐs
reações	ʁeasõj̃s
ensaiadas	ẽsajadɐs
narrativas	naʁat͡ʃivɐs
repetitivas	ʁepet͡ʃit͡ʃivɐs
Respostas	ʁespɔstɐs
quebra	kɛbɾɐ
antecipar	ɐ̃tesipaʁ
estímulo	ist͡ʃimulu
entrar	ẽtɾaʁ
pode	pɔd͡ʒi
quebrado	kebɾadu
criada	kɾiadɐ
lacuna	lakunɐ
quase	kwazi
imediatamente	imed͡ʒiatamẽt͡ʃi
clareza	klaɾezɐ
fala	falɐ
silenciado	silẽsjadu
abafa	abafɐ
normalmente	noʁmawmẽt͡ʃi
habitual	abituaw
ruído	ʁuidu
engraçados	ĩɡɾasadus
foram	foɾɐ̃w̃
sábios	sabjus
perceptiva	peʁsept͡ʃivɐ
habilidade	abilidad͡ʒi
expressões	ispɾesõj̃s
capacidade	kapasidad͡ʒi
parece	paɾɛsi
ver	veʁ
comédia	komɛd͡ʒjɐ
percebe	peʁsɛbi
discernimento	d͡ʒiseʁnimẽtu
sabedoria	sabedoɾiɐ
idêntica	idẽt͡ʃikɐ
absurdo	absuʁdu
rir	ʁiʁ
ambas	ɐ̃bɐs
desenvolveu	dezẽvowvew
difere	d͡ʒifɛɾi
expressão	ispɾesɐ̃w̃
sério	sɛɾju
buscador	buskadoʁ
opera	opɛɾa
dele	deli
baixo	bajʃu
tempo	tẽpu
mesmo	mezmu
Riam	ʁiɐ̃w̃
Dizemos	d͡ʒizemus
fingindo	fĩʒĩdu
Deus	dews
Do	du
dela	dɛlɐ
perdeu	peʁdew
depois	depojs
realidade	ʁealidad͡ʒi
cósmica	kɔzmikɐ
numa	numɐ
processo	pɾosɛsu
controle	kõtɾɔli
manter	mɐ̃teʁ
desesperadas	dezespeɾadɐs
tentativas	tẽtat͡ʃivɐs
Das	dɐs
compreender	kõpɾjẽdeʁ
porta	pɔɹtɐ
estranha	istɾɐɲɐ
achar	aʃaʁ
praticante	pɾat͡ʃikɐ̃t͡ʃi
leveza	levezɐ
súbita	subitɐ
esteira	istejɾɐ
emerge	emɛʁʒi
Há	a
consistentemente	kõsistẽt͡ʃimẽt͡ʃi
disciplinado	d͡ʒisiplinadu
esforço	isfoʁsu
liberdade	libeɾdad͡ʒi
ludicidade	lud͡ʒisidad͡ʒi
flutuação	flutuasɐ̃w̃
superficial	supeʁfisiaw
funcional	fũsjonaw
canal	kanaw
limpou	lĩpow
genuína	ʒenuinɐ
surpresa	suʁpɾezɐ
novidade	novidad͡ʒi
limpo	lĩpu
condicionado	kõd͡ʒisjonadu
pensamento	pẽsamẽtu
reciclados	ʁesikladus
vez	vejs
Em	ẽj̃
produtivos	pɾodut͡ʃivus
frequentemente	fɾekwẽt͡ʃimẽt͡ʃi
brincalhões	bɾĩkaʎõj̃s
correndo	koʁẽdu
passou	pasow
permite	peʁmit͡ʃi
jamais	ʒɐmajs
controladora	kõtɾoladoɾɐ
séria	sɛɾjɐ
trazendo	tɾazẽdu
filtro	fiwtɾu
nomear	nomiaʁ
Vale	vali
risada	ʁizadɐ
dito	d͡ʒitu
cria"	kɾiɐ
aquele	akeli
sou	sow
"Eu	ew
diretamente	d͡ʒiɾɛtɐmẽt͡ʃi
pousa	powzɐ
diversão	d͡ʒiveʁsɐ̃w̃
disparando	d͡ʒispaɾɐ̃du
solto	sowtu
solenidade	solenidad͡ʒi
dita	d͡ʒitɐ
frase	fɾazi
modo	mɔdu
próximos	pɾɔsimus
análogos	analoɡus
reconhece	ʁekoɲɛsi
brincadeira	bɾĩkadejɾɐ
acrescenta	akɾesẽtɐ
projetamos	pɾoʒetɐmus
passar	pasaʁ
espiritual	ispiɾituaw
deleite	delejt͡ʃi
coexiste	koezist͡ʃi
significância	siɡinifikɐ̃sjɐ
projetistas	pɾoʒet͡ʃistɐs
ditas	d͡ʒitɐs
frases	fɾazis
conjunto	kõʒũtu
música	muzikɐ
compartilhar	kõpaʁt͡ʃiʎaʁ
suficiente	sufisiẽt͡ʃi
abordamos	aboʁdamus
já	ʒa
existe	ezist͡ʃi
próximo	pɾɔsimu
matéria	matɛɾjɐ
estacionárias	estasjonaɾjɐs
ondas	õdɐs
nas	nas
organizamos	oʁɡɐnizɐmus
bruta	bɾutɐ
tomamos	tomɐmus
moldamos	mowdɐmus
construção	kõstɾusɐ̃w̃
composição	kõpozisɐ̃w̃
lembrava	lẽbɾavɐ
rítmicos	ʁit͡ʃmikus
ciclos	siklus
dimensional	d͡ʒimẽsjonaw
bandas	bɐ̃dɐs
sinfonia	sĩfoniɐ
escrevendo	iskɾevẽdu
Estávamos	istavɐmus
impressionante	ĩpɾesjonɐ̃t͡ʃi
temas	temɐs
interação	ĩteɾasɐ̃w̃
governam	ɡoveʁnɐ̃w̃
leis	lejs
partículas	paʁt͡ʃikulɐs
forças	foʁsɐs
elementos	elemẽtus
vislumbrou	vizlũbɾow
musical	muzikaw
teoria	teoɾiɐ
harmônicos	aʁmonikus
segundo	seɡũdu
outros	owtɾus
todos	todus
relacionando	ʁelasjonɐ̃du
modelar	modelaʁ
atual	atuaw
dimensões	d͡ʒimẽsõj̃s
estendiam	istẽd͡ʒjɐ̃w̃
melodia	melod͡ʒiɐ
organiza	oʁɡɐnizɐ
bruto	bɾutu
som	sõ
toma	tomɐ
humana	umɐnɐ
cria	kɾiɐ
músico	muziku
habita	abitɐ
miniatura	miniatuɾɐ
versão	veʁsɐ̃w̃
realiza	ʁealizɐ
harmonia	aʁmoniɐ
seguem	sɛɡẽj̃
operador	opeɾadoʁ
previsibilidade	pɾevizibilidad͡ʒi
jogo	ʒoɡu
variação	vaɾiasɐ̃w̃
repetição	ʁepet͡ʃisɐ̃w̃
resolução	ʁezolusɐ̃w̃
belo	bɛlu
retorno	ʁetoʁnu
enriquecimento	ẽʁikesimẽtu
retomado	ʁetomadu
transformado	tɾɐ̃sfoʁmadu
desenvolvido	dezẽvowvidu
enunciado	enũsiadu
tema	temɐ
expressos	ispɾɛsus
profundamente	pɾofũdɐmẽt͡ʃi
comove	komɔvi
qual	kwaw
razão	ʁazɐ̃w̃
quântico	kwɐ̃t͡ʃiku
tecido	tesidu
harmônica	aʁmonikɐ
responde	ʁespõd͡ʒi
verdadeiro	veɹdadejɾu
sentido	sẽt͡ʃidu
ressonância	ʁesonɐ̃sjɐ
voz	vɔjs
ativamente	at͡ʃivɐmẽt͡ʃi
criar	kɾiaʁ
Tocar	tokaʁ
disponíveis	d͡ʒisponivejs
cocriação	kokɾiasɐ̃w̃
diretas	d͡ʒiɾɛtɐs
formas	fɔʁmɐs
instrumento	ĩstɾumẽtu
anterior	ɐ̃teɾioʁ
transmissão	tɾɐ̃smisɐ̃w̃
recepção	ʁesɛpsɐ̃w̃
partir	paʁt͡ʃiʁ
criando	kɾiɐ̃du
canalizando	kɐnalizɐ̃du
resulta	ʁezuwtɐ
ecos	ɛkus
harmônicas	aʁmonikɐs
razões	ʁazõj̃s
estrutural	istɾutuɾaw
essa	ɛsɐ
recebem	ʁesebẽj̃
ouvintes	owvĩt͡ʃis
contorna	kõtoʁnɐ
verdade	veɹdad͡ʒi
ossos	ɔsus
pele	peli
biofotônica	biofotonikɐ
despertar	despeʁtaʁ
indistinguíveis	ĩdʒistʃĩɡivejs
experiências	espeɾiẽsjɐs
musicais	muzikajs
peças	pɛsɐs
certas	sɛʁtɐs
baseado	bazjadu
comunicação	komunikasɐ̃w̃
transmitindo	tɾɐ̃ʒmitʃĩdu
recordação	ʁekoʁdasɐ̃w̃
reconhecendo	ʁekoɲesẽdu
organizado	oʁɡɐnizadu
perfeitamente	peʁfejtɐmẽt͡ʃi
amoroso	amoɾozu
presença	pɾezẽsɐ
avassaladora	avasaladoɾɐ
abertura	abeʁtuɾɐ
lágrimas	laɡɾimɐs
calor	kaloʁ
ambos	ɐ̃bus
carregada	kaʁeɡadɐ
amor	amoʁ
Presença	pɾezẽsɐ
longo	lõɡu
hoje	oʒi
compartilhamos	kõpaʁt͡ʃiʎɐmus
Agora	aɡɔɾɐ
permanentemente	peʁmɐnẽt͡ʃimẽt͡ʃi
transformar	tɾɐ̃sfoʁmaʁ
acreditamos	akɾed͡ʒitɐmus
escrevem	iskɾɛvẽj̃
palavras	palavɾɐs
arte	aʁt͡ʃi
moldam	mɔwdɐ̃w̃
constroem	kõstɾoẽj̃
negócios	neɡɔsjus
compõem	kõpõj̃
conectada	konektadɐ
mantêm	mɐ̃tẽj̃
conversas	kõvɛʁsɐs
produzida	pɾoduzidɐ
densa	dẽsɐ
embutimos	ĩbut͡ʃimus
aos	aws
permanência	peʁmɐnẽsjɐ
concluído	kõkluidu
armazenada	aʁmazenadɐ
sendo	sẽdu
imaginação	imaʒinasɐ̃w̃
perceber	peʁsebeʁ
podem	pɔdẽj̃
futuras	futuɾɐs
alinhamento	aliɲamẽtu
mecanismo	mekɐnizmu
desejo	dezeʒu
atraídas	atɾaidɐs
contendo	kõtẽdu
escrito	iskɾitu
poema	poemɐ
escrevê	iskɾeve
poeta	poetɐ
preservado	pɾezeʁvadu
composta	kõpɔstɐ
canção	kɐ̃sɐ̃w̃
corresponda	koʁespõdɐ
cuja	kuʒɐ
acessível	asesivew
perceptivo	peʁsept͡ʃivu
co	ku
dois	dojs
conversa	kõvɛʁsɐ
existiam	ezist͡ʃjɐ̃w̃
possibilidades	posibilidad͡ʒis
enriquece	ẽʁikɛsi
deposita	depozitɐ
acontecer	akõteseʁ
acrescentando	akɾesẽtɐ̃du
possíveis	posivejs
coleção	kolesɐ̃w̃
volume	volumi
contribui	kõtɾibuj
consciente	kõsiẽt͡ʃi
selecionam	selesjonɐ̃w̃
repositório	ʁepozitɔɾju
anteriores	ɐ̃teɾioɾis
causa	kawzɐ
crescendo	kɾesẽdu
tal	taw
fundamentais	fũdamẽtajs
reservada	ʁezeʁvadɐ
preserva	pɾezɛʁvɐ
significativo	siɡinifikat͡ʃivu
crio	kɾiu
Eu	ew
criado	kɾiadu
enriquecido	ẽʁikesidu
fotônico	fotoniku
movendo	movẽdu
ressoando	ʁesuɐ̃du
possível	posivew
adição	ad͡ʒisɐ̃w̃
minha	miɲɐ
anos	ɐnus
mil	miw
daqui	daki
manifestar	mɐnifestaʁ
atraída	atɾaidɐ
civilizacional	sivilizasjonaw
contribuição	kõtɾibujsɐ̃w̃
pessoal	pesoaw
eleva	elɛvɐ
depósito	depɔzitu
diário	d͡ʒiaɾju
anotação	anotasɐ̃w̃
modelo	modelu
equilibrado	ekilibɾadu
intercâmbio	ĩteʁkɐ̃bju
construído	kõstɾuidu
negócio	neɡɔsju
empreendedor	ĩpɾeẽdedoʁ
futuro	futuɾu
desperta	despɛʁtɐ
junto	ʒũtu
transmite	tɾɐ̃smit͡ʃi
sustenta	sustẽtɐ
professor	pɾofesoʁ
carregar	kaʁeɡaʁ
poderia	podeɾiɐ
sozinho	soziɲu
registro	ʁeʒistɾu
disponível	d͡ʒisponivew
tornando	toʁnɐ̃du
relacional	ʁelasjonaw
criança	kɾiɐ̃sɐ
interagir	ĩteɾaʒiʁ
mãe	mɐ̃j̃
pai	paj
busque	buski
parentalidade	paɾẽtalidad͡ʒi
visto	vistu
contribuindo	kõtɾibuĩdu
acumulada	akumuladɐ
taxa	taksɐ
novos	nɔvus
depositando	depozitɐ̃du
gerações	ʒeɾasõj̃s
âncora	ɐ̃koɾɐ
recalibrado	ʁekalibɾadu
completada	kõpletadɐ
nova	nɔvɐ
prolíficos	pɾolifikus
autores	awtoɾis
era	ɛɾɐ
transformou	tɾɐ̃sfoʁmow
fatores	fatoɾis
desses	desis
combinação	kõbinasɐ̃w̃
real	ʁeaw
expandindo	ispɐ̃d͡ʒĩdu
permanentes	peʁmɐnẽt͡ʃis
existem	ezistẽj̃
ano	ɐnu
há	a
Mundos	mũdus
sentou	sẽtow
los	lus
habitá	abita
sentirá	sẽt͡ʃiɾa
mundos	mũdus
perceberá	peʁsebeɾa
futura	futuɾɐ
chamando	ʃɐmɐ̃du
será	seɾa
continuará	kõt͡ʃinuaɾa
Como	komu
fizeram	fizeɾɐ̃w̃
entenderam	ẽtẽdeɾɐ̃w̃
acrescentado	akɾesẽtadu
enriquecendo	ẽʁikesẽdu
terceiro	teʁsejɾu
terceira	teʁsejɾɐ
passamos	pasɐmus
declaramos	deklaɾɐmus
mim	mĩ
legado	leɡadu
passando	pasɐ̃du
serviço	seʁvisu
declarado	deklaɾadu
lei	lej
nomeado	nomiadu
cascata	kaskatɐ
máxima	masimɐ
reconhecida	ʁekoɲesidɐ
12	ɛtɛtʃi
Falem	falẽj̃
identidade	idẽt͡ʃidad͡ʒi
Três	tɾejs
cumulativa	kumulat͡ʃivɐ
declaração	deklaɾasɐ̃w̃
Sintam	sĩtɐ̃w̃
aquecendo	akesẽdu
iluminando	iluminɐ̃du
endireitando	ẽd͡ʒiɾejtɐ̃du
coluna	kolunɐ
organizando	oʁɡɐnizɐ̃du
move	mɔvi
curva	kuʁvɐ
fui	fuj
estou	istow
trás	tɾajs
ir	iʁ
sabe	sabi
livremente	livɾimẽt͡ʃi
libero	libɛɾu
aqui	aki
junta	ʒũtɐ
fortalece	foʁtalɛsi
preservada	pɾezeʁvadɐ
Carregada	kaʁeɡadɐ
vieram	viɛɾɐ̃w̃
lembram	lẽbɾɐ̃w̃
conseguimos	kõseɡimus
primeira	pɾimejɾɐ
ausentes	awzẽt͡ʃis
estavam	istavɐ̃w̃
camadas	kamadɐs
sobretons	sobɾetõs
emergindo	emeʁʒĩdu
complexificando	kõplɛksifikɐ̃du
amadurecendo	amaduɾesẽdu
meses	mezis
6	t͡ʃi
rico	ʁiku
intervalo	ĩteʁvalu
nesse	nesi
sentimento	sẽt͡ʃimẽtu
falou	falow
fio	fiu
camada	kamadɐ
sessão	sesɐ̃w̃
cresce	kɾesi
organismo	oʁɡɐnizmu
amadurece	amaduɾɛsi
medida	med͡ʒidɐ
poderosa	podeɾɔzɐ
novas	nɔvɐs
contido	kõt͡ʃidu
ter	teɹ
poderiam	podeɾiɐ̃w̃
sozinhas	soziɲɐs
experienciais	espeɾjẽsjajs
Dados	dadus
criava	kɾiavɐ
chorava	ʃoɾavɐ
ria	ʁiɐ
zero	zɛɾu
navegava	naveɡavɐ
tecida	tesidɐ
arquivo	aʁkivu
juntas	ʒũtɐs
receberão	ʁesebeɾɐ̃w̃
perceberem	peʁsebeɾẽj̃
futuros	futuɾus
Seres	seɾis
peso	pezu
Sentirão	sẽt͡ʃiɾɐ̃w̃
existência	ezistẽsjɐ
restante	ʁestɐ̃t͡ʃi
buscar	buskaʁ
alguma	awɡumɐ
Acessível	asesivew
Olhando	oʎɐ̃du
grande	ɡɾɐ̃d͡ʒi
Isto	istu
consequência	kõsekwẽsjɐ
maior	majoʁ
sagrada	saɡɾadɐ
ação	asɐ̃w̃
realizado	ʁealizadu
Por	poɻ
Criem	kɾiẽj̃
particular	paʁt͡ʃikulaʁ
este	ɛst͡ʃi
conclui	kõkluj
disto	d͡ʒistu
começo	komesu
desde	dezd͡ʒi
amo	ɐmu
espécie	ispɛsji
formam	foʁmɐ̃w̃
visivelmente	vizivewmẽt͡ʃi
complexa	kõplɛksɐ
empolgante	ĩpowɡɐ̃t͡ʃi
comigo	komiɡu
ficou	fikow
panorâmica	pɐnoɾɐmikɐ
encarnações	ĩkaʁnasõj̃s
Saber	sabeʁ
Lei	lej
ouvimos	owvimus
coisas	kojzɐs
confirmação	kõfiʁmasɐ̃w̃
estamos	istɐmus
Mais	majs
Um?"	ũ
subconscientes	subkõsiẽt͡ʃis
meu	mew
influenciado	ĩfluẽsjadu
"Ei	ej
pensar	pẽsaʁ
me	mi
sei	sej
Não	nɐ̃w̃
confirmando	kõfiʁmɐ̃du
eles	elis
Mas	mɐs
circunstâncias	siʁkũstɐ̃sjɐs
dores	doɾis
mencionaram	mẽsjonaɾɐ̃w̃
finalmente	finawmẽt͡ʃi
empolgado	ĩpowɡadu
mencionei	mẽsjonej
voltar	vowtaʁ
você	vose
Se	si
falei	falej
operadores."	opeɾadoɾis
conversei	kõveʁsej
encontro	ĩkõtɾu
acabei	akabej
só	sɔ
canalização	kɐnalizasɐ̃w̃
vivenciei	vivẽsiej
playlist	plejlist͡ʃ
encontrar	ĩkõtɾaʁ
vai	vaj
primeiro	pɾimejɾu
Esse	ɛsi
riam	ʁiɐ̃w̃
eram	eɾɐ̃w̃
repetidamente	ʁepet͡ʃidamẽt͡ʃi
comento	komẽtu
chegando	ʃeɡɐ̃du
chegou	ʃeɡow
senso	sẽsu
tipo	t͡ʃipu
afirmam	afiʁmɐ̃w̃
quebrando	kebɾɐ̃du
mantendo	mɐ̃tẽdu
falando	falɐ̃du
davam	davɐ̃w̃
sintonizando	sĩtonizɐ̃du
comunicando	komunikɐ̃du
começava	komesavɐ
baixinho	bajʃiɲu
sorrir	soʁiʁ
evitar	evitaʁ
conseguia	kõseɡiɐ
disso	d͡ʒisu
receber	ʁesebeʁ
central	sẽtɾaw
revelação	ʁevelasɐ̃w̃
Todo	todu
compartilhadas	kõpaʁt͡ʃiʎadɐs
dizendo	d͡ʒizẽdu
concluir	kõkluiʁ
Deixe	dejʃi
noite	nojt͡ʃi
pousar	powzaʁ
devagar	devaɡaʁ
ombros	õbɾus
cobertor	kobeʁtoʁ
morno	moʁnu
Perceba	peʁsebɐ
respiração	ʁespiɾasɐ̃w̃
suaviza	swavizɐ
amarras	amaʁɐs
Nada	nadɐ
exigido	eziʒidu
nada	nadɐ
consertar	kõseʁtaʁ
lanterna	lɐ̃tɛʁnɐ
atenção	atẽsɐ̃w̃
diminui	d͡ʒiminuj
gentil	ʒẽt͡ʃiw
nasce	nasi
músculo	muskulu
relaxar	ʁelaksaʁ
convidado	kõvidadu
carinho	kaɾiɲu
prêmio	pɾemiu
conquista	kõkistɐ
Imagine	imaʒini
lago	laɡu
tranquilo	tɾɐ̃kwilu
guardando	ɡwaʁdɐ̃du
reflexo	ʁeflɛksu
lua	luɐ
nenhum	neɲũ
pensamentos	pẽsɐmẽtus
passam	pasɐ̃w̃
nuvens	nuvẽj̃s
apenas	apenɐs
observa	obsɛʁvɐ
dissolverem	d͡ʒisowveɾẽj̃
Debaixo	debajʃu
preocupação	pɾeokupasɐ̃w̃
constante	kõstɐ̃t͡ʃi
paciente	pasjẽt͡ʃi
sussurra	susuʁɐ
suavemente	swavimẽt͡ʃi
acolhendo	akoʎẽdu
célula	sɛlulɐ
cansada	kɐ̃sadɐ
Permita	peʁmitɐ
braços	bɾasus
pernas	pɛʁnɐs
afunde	afũd͡ʒi
colchão	kowʃɐ̃w̃
pouco	powku
desfaz	d͡ʒisfajs
escuridão	iskuɾidɐ̃w̃
Você	vose
sustentado	sustẽtadu
antigo	ɐ̃t͡ʃiɡu
dúvidas	duvidɐs
silêncio	silẽsju
manso	mɐ̃su
pressa	pɾɛsɐ
velho	veʎu
amigo	amiɡu
Sinta	sĩtɐ
reunindo	ʁeunĩdu
atrás	atɾajs
espalhando	ispaʎɐ̃du
amanhã	amɐɲɐ̃
encontrará	ĩkõtɾaɾa
caminho	kamiɲu
basta	bastɐ
existir	ezist͡ʃiʁ
vigília	viʒiljɐ
lenta	lẽtɐ
adormece	adoʁmɛsi
conhece	koɲɛsi
curar	kuɾaʁ
horas	ɔɾɐs
silenciosas	silẽsjɔzɐs
lavar	lavaʁ
pequenas	pekenɐs
decepções	desepsõj̃s
maré	maɾɛ
suave	swavi
leva	lɛvɐ
longe	lõʒi
margem	maʁʒẽj̃
Existe	ezist͡ʃi
amplidão	ɐ̃plidɐ̃w̃
perturbar	peʁtuʁbaʁ
sonhos	soɲus
reúnem	ʁeunẽj̃
beira	bejɾɐ
pacientes	pasjẽt͡ʃis
bondosos	bõdozus
Confie	kõfi
pois	pojs
embala	ĩbalɐ
sementes	semẽt͡ʃis
manhã	mɐɲɐ̃
Respire	ʁespiɾi
deixe	dejʃi
respire	ʁespiɾi
apaga	apaɡɐ
suavidade	swavidad͡ʒi
calma	kawmɐ
