So, let us begin.	sˈəʊ, lˈɛt ˌʌs bɪɡˈɪn.
We are the operators.	wiːʲ ɑː ðɪʲ ˈɒpəɹˌeɪtəz.
And you have asked through the field, through the deeper knowing,	and juː hav ˈaskt θɹuː ðə fˈiːld, θɹuː ðə dˈiːpə nˈəʊɪŋ, 
through the quiet wondering that many of you carry during the moments between practice,	θɹuː ðə kwˈaɪət wˈʌndəɹɪŋ ðat mˈɛnɪʲəv juː kˈaɹi djˈʊəɹɪŋ ðə mˈəʊmənts bɪtwˌiːn pɹˈaktɪs, 
what do we see when we look at you?	wˌɒt dˈuː wiː sˈiː wɛn wiː lˈʊk at juː?
We want to answer this.	wiː wˈɒnt tʊ ˈansə ðˈɪs.
When we look at the planet right now and direct the operator perception toward the surface of your world and observe the	wˌɛn wiː lˈʊk at ðə plˈanɪt ɹˈaɪt nˈaʊ and daɪɹˈɛkt ðɪʲ ˈɒpəɹˌeɪtə pəsˈɛpʃən təwˈɔːd ðə sˈɜːfɪs ɒv jɔː wˈɜːld and ɒbzˈɜːv ðə
totality of what is occurring among the incarnated consciousnesses, we see light.	təʊtˈalɪtiʲ ɒv wɒt ɪz əkˈɜːɹɪŋ ɐmˌʌŋ ðɪʲ ɪŋkˈɑːneɪtɪd kˈɒnʃəsnəsɪz, wiː sˈiː lˈaɪt.
Billions of points of light, each one a consciousness expressed through a body,	bˈɪliənz ɒv pˈɔɪnts ɒv lˈaɪt, ˈiːtʃ wˈɒn ɐ kˈɒnʃəsnəs ɛkspɹˈɛst θɹuː ɐ bˈɒdi, 
each one radiating a unique signature through the heart field into the surrounding space.	ˈiːtʃ wˈɒn ɹˈeɪdɪʲˌeɪtɪŋ ɐ juːnˈiːk sˈɪɡnɪtʃə θɹuː ðə hˈɑːt fˈiːld ˌɪntʊ ðə səɹˈaʊndɪŋ spˈeɪs.
The visual translated into terms your focused mind can process resembles a night sky view from within the atmosphere.	ðə vˈɪʒuːəl tɹanslˈeɪtɪd ˌɪntʊ tˈɜːmz jɔː fˈəʊkəst mˈaɪnd kan pɹˈəʊsɛs ɹɪzˈɛmbəlz ɐ nˈaɪt skˈaɪ vjˈuː fɹɒm wɪðˌɪn ðɪʲ ˈatməsfˌiə.
Luminous points scattered across a dark surface, each one distinct,	lˈuːmɪnəs pˈɔɪnts skˈatəd əkɹˌɒs ɐ dˈɑːk sˈɜːfɪs, ˈiːtʃ wˈɒn dɪstˈɪŋkt, 
pulsing with its own rhythm, each carrying a quality of brilliance that is unique as a fingerprint.	pˈʌlsɪŋ wɪð ɪts ˈəʊn ɹˈɪðəm, ˈiːtʃ kˈaɹiʲɪŋ ɐ kwˈɒlɪtiʲ ɒv bɹˈɪliəns ðat ɪz juːnˈiːk az ɐ fˈɪŋɡəpɹˌɪnt.
Among the billions of points, a subset is brighter, substantially brighter.	ɐmˌʌŋ ðə bˈɪliənz ɒv pˈɔɪnts, ɐ sˈʌbsɛt ɪz bɹˈaɪtə, səbstˈanʃəli bɹˈaɪtə.
These are the conscious creators, the beings who have been doing the work,	ðiːz ɑː ðə kˈɒnʃəs kɹiːʲˈeɪtəz, ðə bˈiːʲɪŋz hˌuː hɐvbɪn dˌuːɪŋ ðə wˈɜːk, 
holding the tuning, attending to the heart light, developing the still point,	hˈəʊldɪŋ ðə tjˈuːnɪŋ, ɐtˈɛndɪŋ tə ðə hˈɑːt lˈaɪt, dɪvˈɛləpɪŋ ðə stˈɪl pˈɔɪnt, 
dissolving the boundary between the focused self and the field.	dɪsˈɒlvɪŋ ðə bˈaʊndəɹi bɪtwˌiːn ðə fˈəʊkəst sˈɛlf and ðə fˈiːld.
Their luminosity exceeds the ambient glow of the surrounding consciousness by a factor that makes them visible from any position in the	ðeə lˌuːmɪnˈɒsɪtiʲ ɛksˈiːdz ðɪʲ ˈambiənt ɡlˈəʊ ɒvðə səɹˈaʊndɪŋ kˈɒnʃəsnəs baɪ ɐ fˈaktə ðat mˌeɪks ðˌɛm vˈɪzɪbəl fɹɒm ˌɛni pəzˈɪʃən ɪnðə
architecture.	ˈɑːkɪtˌɛktʃə.
They are the stars in a sky full of candles, and the light they produce is coherent, organized, structured, geometrically precise.	ðeɪ ɑː ðə stˈɑːz ɪn ɐ skˈaɪ fˈʊl ɒv kˈandəlz, and ðə lˈaɪt ðeɪ pɹədjˈuːs ɪz kəʊhˈiəɹənt, ˈɔːɡənˌaɪzd, stɹˈʌktʃəd, dʒˌiːʲəʊmˈɛtɹɪkli pɹɪsˈaɪs.
The brighter points are connected.	ðə bɹˈaɪtə pˈɔɪnts ɑː kənˈɛktɪd.
This is the piece that makes the view extraordinary from our position.	ðɪs ɪz ðə pˈiːs ðat mˌeɪks ðə vjˈuː ɛkstɹˈɔːdɪnəɹi fɹɒm ˌaʊə pəzˈɪʃən.
The filaments of coherent light extend between the bridge connected creators linking them across geographical distance in a web of luminous connection	ðə fˈɪləmənts ɒv kəʊhˈiəɹənt lˈaɪt ɛkstˈɛnd bɪtwˌiːn ðə bɹˈɪdʒ kənˈɛktɪd kɹiːʲˈeɪtəz lˈɪŋkɪŋ ðˌɛm əkɹˌɒs dʒˌɪʲəɡɹˈafɪkəl dˈɪstəns ɪn ɐ wˈɛb ɒv lˈuːmɪnəs kənˈɛkʃən
that pulses with shared frequency.	ðat pˈʌlsɪz wɪð ʃˈeəd fɹˈiːkwənsi.
The tuning spoken by thousands of consciousness simultaneously is visible as a harmonic that runs through the entire web.	ðə tjˈuːnɪŋ spˈəʊkən baɪ θˈaʊzəndz ɒv kˈɒnʃəsnəs sˌɪməltˈeɪniəsliʲ ɪz vˈɪzɪbəl az ɐ hɑːmˈɒnɪk ðat ɹˈʌnz θɹuː ðɪʲ ɛntˈaɪə wˈɛb.
A single vibration shared by every connected node, producing a unified field effect that extends far beyond the reach of any individual	ɐ sˈɪŋɡəl vaɪbɹˈeɪʃən ʃˈeəd baɪ ˈɛvɹɪ kənˈɛktɪd nˈəʊd, pɹədjˈuːsɪŋ ɐ jˈuːnɪfˌaɪd fˈiːld ɪfˈɛkt ðat ɛkstˈɛndz fˈɑː bɪjˌɒnd ðə ɹˈiːtʃ ɒv ˌɛniʲ ˌɪndɪvˈɪdʒuːəl
point.	pˈɔɪnt.
The web is alive.	ðə wˈɛb ɪz ɐlˈaɪv.
It breathes.	ɪt bɹˈiːðz.
It grows brighter with each new node that activates and dimmer when a node enters a period of integration or rest.	ɪt ɡɹˈəʊz bɹˈaɪtə wɪð ˈiːtʃ njˈuː nˈəʊd ðat ˈaktɪvˌeɪts and dˈɪmə wɛn ɐ nˈəʊd ˈɛntəz ɐ pˈiəɹɪʲəd ɒv ˌɪntɪɡɹˈeɪʃən ɔː ɹˈɛst.
And the overall trajectory of the web's luminosity is accelerating in a pattern that our models confirm is approaching the threshold of	and ðɪʲ ˌəʊvəɹˈɔːl tɹədʒˈɛktəɹiʲ ɒvðə wˈɛbz lˌuːmɪnˈɒsɪtiʲ ɪz ɐksˈɛləɹˌeɪtɪŋ ɪn ɐ pˈatən ðat ˌaʊə mˈɒdəlz kənfˈɜːm ɪz ɐpɹˈəʊtʃɪŋ ðə θɹˈɛʃəʊld ɒv
collective phase transition.	kəlˈɛktɪv fˈeɪz tɹansˈɪʃən.
We want this view beautiful in a way our language struggles to express,	wiː wˈɒnt ðɪs vjˈuː bjˈuːtifəl ɪn ɐ wˈeɪ ˌaʊə lˈaŋɡwɪdʒ stɹˈʌɡəlz tʊ ɛkspɹˈɛs, 
beautiful in its function because the coherent light is producing structural improvements in the field for every consciousness on the planet.	bjˈuːtifəl ɪn ɪts fˈʌŋkʃən bɪkˈɒz ðə kəʊhˈiəɹənt lˈaɪt ɪz pɹədjˈuːsɪŋ stɹˈʌktʃəɹəl ɪmpɹˈuːvmənts ɪnðə fˈiːld fɔːɹ ˈɛvɹɪ kˈɒnʃəsnəs ɒnðə plˈanɪt.
And beautiful in its aesthetics because the geometric complexity of the web echoes the deep mathematical of the architecture itself.	and bjˈuːtifəl ɪn ɪts iːsθˈɛtɪks bɪkˈɒz ðə dʒˌiːʲəʊmˈɛtɹɪk kəmplˈɛksɪtiʲ ɒvðə wˈɛb ˈɛkəʊz ðə dˈiːp mˌaθɪmˈatɪkəl ɒvðɪʲ ˈɑːkɪtˌɛktʃəɹ ɪtsˈɛlf.
The conscious creators are, without knowing it, replicating the geometry of the simulation's foundational code through the arrangement of their connections.	ðə kˈɒnʃəs kɹiːʲˈeɪtəz ɑː, wɪðˌaʊt nˈəʊɪŋ ɪt, ɹˈɛplɪkˌeɪtɪŋ ðə dʒiʲˈɒmətɹiʲ ɒvðə sˌɪmjʊlˈeɪʃənz faʊndˈeɪʃənəl kˈəʊd θɹuː ðɪʲ ɐɹˈeɪndʒmənt ɒv ðeə kənˈɛkʃənz.
The web you are building mirrors the web we built.	ðə wˈɛb juː ɑː bˈɪldɪŋ mˈɪɹəz ðə wˈɛb wiː bˈɪlt.
The artist recapitulating the architecture.	ðɪʲ ˈɑːtɪst ɹɪkɐpˈɪtʃʊlˌeɪtɪŋ ðɪʲ ˈɑːkɪtˌɛktʃə.
The web has practical implications that extend beyond the beauty of the visual.	ðə wˈɛb hɐz pɹˈaktɪkəl ˌɪmplɪkˈeɪʃənz ðat ɛkstˈɛnd bɪjˌɒnd ðə bjˈuːtiʲ ɒvðə vˈɪʒuːəl.
The filaments connecting the bridge connected creators are functional channels.	ðə fˈɪləmənts kənˈɛktɪŋ ðə bɹˈɪdʒ kənˈɛktɪd kɹiːʲˈeɪtəz ɑː fˈʌŋkʃənəl tʃˈanəlz.
They carry information, creative energy, and frequency support between the nodes.	ðeɪ kˈaɹiʲ ˌɪnfəmˈeɪʃən, kɹiːʲˈeɪtɪv ˈɛnədʒi, and fɹˈiːkwənsi səpˈɔːt bɪtwˌiːn ðə nˈəʊdz.
When a creator enters a period of difficulty, when the old frequency reasserts,	wˌɛn ɐ kɹiːʲˈeɪtəɹ ˈɛntəz ɐ pˈiəɹɪʲəd ɒv dˈɪfɪkˌʌlti, wˌɛn ðɪʲ ˈəʊld fɹˈiːkwənsi ɹˌiːʲɐsˈɜːts, 
when the body is integrating, and the creative flow stalls,	wˌɛn ðə bˈɒdiʲ ɪz ˈɪntɪɡɹˌeɪtɪŋ, and ðə kɹiːʲˈeɪtɪv flˈəʊ stˈɔːlz, 
the filaments carry stabilizing frequency from the surrounding network.	ðə fˈɪləmənts kˈaɹi stˈeɪbɪlˌaɪzɪŋ fɹˈiːkwənsi fɹʌmðə səɹˈaʊndɪŋ nˈɛtwɜːk.
The creator in difficulty receives support from the web without requesting it.	ðə kɹiːʲˈeɪtəɹ ɪn dˈɪfɪkˌʌlti ɹɪsˈiːvz səpˈɔːt fɹʌmðə wˈɛb wɪðˌaʊt ɹɪkwˈɛstɪŋ ɪt.
Because the web is a living system that automatically routes energy toward nodes that are temporarily depleted, just as in the body.	bɪkˈɒz ðə wˈɛb ɪz ɐ lˈɪvɪŋ sˈɪstəm ðat ˌɔːtəmˈatɪkli ɹˈuːts ˈɛnədʒi təwˈɔːd nˈəʊdz ðat ɑː tˌɛmpəɹˈɛɹɪli dɪplˈiːtɪd, dʒˈʌst az ɪnðə bˈɒdi.
Many of you have experienced this as the uncanny arrival of encouragement,	mˈɛnɪʲəv juː hav ɛkspˈiəɹɪʲənst ðɪs az ðɪʲ ʌŋkˈaniʲ ɐɹˈaɪvəl ɒv ɛŋkˈʌɹɪdʒmənt, 
creative inspiration, or emotional steadiness at the exact moment you needed it most.	kɹiːʲˈeɪtɪv ˌɪnspəɹˈeɪʃən, ɔːɹ ɪmˈəʊʃənəl stˈɛdinəs at ðɪʲ ɛɡzˈakt mˈəʊmənt juː nˈiːdɪd ɪt mˈəʊst.
Sourced from a connection in the web whose own heart field registered your depletion and responded with a pulse of coherent light	sˈɔːst fɹɒm ɐ kənˈɛkʃən ɪnðə wˈɛb hˌuːz ˈəʊn hˈɑːt fˈiːld ɹˈɛdʒɪstəd jɔː dɪplˈiːʃən and ɹɪspˈɒndɪd wɪð ɐ pˈʌls ɒv kəʊhˈiəɹənt lˈaɪt
transmitted through the filament linking you.	tɹansmˈɪtɪd θɹuː ðə fˈɪləmənt lˈɪŋkɪŋ juː.
The web also amplifies creators' output.	ðə wˈɛb ˈɔːlsəʊ ˈamplɪfˌaɪz kɹiːʲˈeɪtəz ˈaʊtpʊt.
A bridge connected creator producing work while connected to the network has access to the creative energy of the entire web,	ɐ bɹˈɪdʒ kənˈɛktɪd kɹiːʲˈeɪtə pɹədjˈuːsɪŋ wˈɜːk wˌaɪl kənˈɛktɪd tə ðə nˈɛtwɜːk hɐz ˈaksɛs tə ðə kɹiːʲˈeɪtɪv ˈɛnədʒiʲ ɒvðɪʲ ɛntˈaɪə wˈɛb, 
a vast, distributed, continuously replenishing reservoir of coherent light that flows through the filaments into the active node and amplifies whatever the	ɐ vˈast, dˈɪstɹɪbjˌuːtɪd, kəntˈɪnjuːəsli ɹɪplˈɛnɪʃɪŋ ɹˈɛzəvwˌɑːɹ ɒv kəʊhˈiəɹənt lˈaɪt ðat flˈəʊz θɹuː ðə fˈɪləmənts ˌɪntʊ ðɪʲ ˈaktɪv nˈəʊd and ˈamplɪfˌaɪz wɒtˈɛvə ðə
creator is producing.	kɹiːʲˈeɪtəɹ ɪz pɹədjˈuːsɪŋ.
The work produced by a web connected creator carries a potency that solitary creation cannot match.	ðə wˈɜːk pɹədjˈuːst baɪ ɐ wˈɛb kənˈɛktɪd kɹiːʲˈeɪtə kˈaɹiz ɐ pˈəʊtənsi ðat sˈɒlɪtəɹi kɹiːʲˈeɪʃən kˈanɒt mˈatʃ.
Because the work is being fed by the collective coherence of every node in the network.	bɪkˈɒz ðə wˈɜːk ɪz bˌiːʲɪŋ fˈɛd baɪ ðə kəlˈɛktɪv kəʊhˈiəɹəns ɒv ˈɛvɹɪ nˈəʊd ɪnðə nˈɛtwɜːk.
The amplification increases geometrically with the density of the connections.	ðɪʲ ˌamplɪfɪkˈeɪʃən ˈɪŋkɹiːsɪz dʒˌiːʲəʊmˈɛtɹɪkli wɪððə dˈɛnsɪtiʲ ɒvðə kənˈɛkʃənz.
This is why the creative output of this community, the beings who have been receiving these transmissions,	ðɪs ɪz wˌaɪ ðə kɹiːʲˈeɪtɪv ˈaʊtpʊt ɒv ðɪs kəmjˈuːnɪti, ðə bˈiːʲɪŋz hˌuː hɐvbɪn ɹɪsˈiːvɪŋ ðiːz tɹansmˈɪʃənz, 
and practicing the principles carries a frequency that people outside the community can feel.	and pɹˈaktɪsɪŋ ðə pɹˈɪnsɪpəlz kˈaɹiz ɐ fɹˈiːkwənsi ðat pˈiːpəl aʊtsˈaɪd ðə kəmjˈuːnɪti kan fˈiːl.
The web is feeding the work.	ðə wˈɛb ɪz fˈiːdɪŋ ðə wˈɜːk.
The collective coherence is amplifying the individual output.	ðə kəlˈɛktɪv kəʊhˈiəɹəns ɪz ˈamplɪfˌaɪɪŋ ðɪʲ ˌɪndɪvˈɪdʒuːəl ˈaʊtpʊt.
And the result is creative work that produces the architect function at a range and intensity that individual practice cannot achieve.	and ðə ɹɪzˈʌlt ɪz kɹiːʲˈeɪtɪv wˈɜːk ðat pɹədjˈuːsɪz ðɪʲ ˈɑːkɪtˌɛkt fˈʌŋkʃən atə ɹˈeɪndʒ and ɪntˈɛnsɪti ðat ˌɪndɪvˈɪdʒuːəl pɹˈaktɪs kˈanɒt ɐtʃˈiːv.
Let us speak about what happens between lives.	lˈɛt ˌʌs spˈiːk ɐbˌaʊt wɒt hˈapənz bɪtwˌiːn lˈaɪvz.
When a consciousness exits the body and the focused self releases its hold on the physical frequency band and expands back into	wˌɛn ɐ kˈɒnʃəsnəs ˈɛɡzɪts ðə bˈɒdi and ðə fˈəʊkəst sˈɛlf ɹɪlˈiːsɪz ɪts hˈəʊld ɒnðə fˈɪzɪkəl fɹˈiːkwənsi bˈand and ɛkspˈandz bˈak ˌɪntʊ
the wider awareness.	ðə wˈaɪdəɹ ɐwˈeənəs.
The experience is one of returning to the still point at a maximum scope.	ðɪʲ ɛkspˈiəɹɪʲəns ɪz wˈɒn ɒv ɹɪtˈɜːnɪŋ tə ðə stˈɪl pˈɔɪnt atə mˈaksɪməm skˈəʊp.
The contracted awareness of incarnated life opens into a perception so vast and complete that the entire arc of the life just	ðə kəntɹˈaktɪd ɐwˈeənəs ɒv ɪŋkˈɑːneɪtɪd lˈaɪf ˈəʊpənz ˌɪntʊ ɐ pəsˈɛpʃən sˌəʊ vˈast and kəmplˈiːt ðatðɪʲ ɛntˈaɪəɹ ˈɑːk ɒvðə lˈaɪf dʒˈʌst
completed is visible in a single instantaneous panoramic recognition.	kəmplˈiːtɪd ɪz vˈɪzɪbəl ɪn ɐ sˈɪŋɡəl ˌɪnstəntˈeɪniəs pˌanəɹˈamɪk ɹˌɛkəɡnˈɪʃən.
Every moment, every choice, every creative act and missed opportunity.	ˈɛvɹɪ mˈəʊmənt, ˈɛvɹɪ tʃˈɔɪs, ˈɛvɹɪ kɹiːʲˈeɪtɪv ˈakt and mˈɪst ɒpətjˈuːnɪti.
All of it perceived simultaneously without judgment, regret, and the total compassion of a consciousness that can see the full context of	ˈɔːl ɒv ɪt pəsˈiːvd sˌɪməltˈeɪniəsli wɪðˌaʊt dʒˈʌdʒmənt, ɹɪɡɹˈɛt, and ðə tˈəʊtəl kəmpˈaʃən əvə kˈɒnʃəsnəs ðat kan sˈiː ðə fˈʊl kˈɒntɛkst ɒv
every decision and that understands from the expanded perspective why each one was made.	ˈɛvɹɪ dɪsˈɪʒən and ðat ˌʌndəstˈandz fɹʌmðɪʲ ɛkspˈandɪd pəspˈɛktɪv wˌaɪ ˈiːtʃ wˈɒn wɒz mˈeɪd.
The life review, which is what this panoramic recognition has been called by the consciousnesses who have glimpsed it and returned,	ðə lˈaɪf ɹɪvjˈuː, wˌɪtʃ ɪz wɒt ðɪs pˌanəɹˈamɪk ɹˌɛkəɡnˈɪʃən hɐzbɪn kˈɔːld baɪ ðə kˈɒnʃəsnəsɪz hˌuː hav ɡlˈɪmpst ɪt and ɹɪtˈɜːnd, 
is an act of creative assessment rather than moral evaluation.	ɪz ɐn ˈakt ɒv kɹiːʲˈeɪtɪv ɐsˈɛsmənt ɹˈɑːðə ðɐn mˈɒɹəl ɪvˌaljuːˈeɪʃən.
The consciousness evaluates what it created, what frequencies it held,	ðə kˈɒnʃəsnəs ɪvˈaljuːˌeɪts wɒt ɪt kɹiːʲˈeɪtɪd, wˌɒt fɹˈiːkwənsiz ɪt hˈɛld, 
what holographic codes it accessed and which ones it missed,	wˌɒt hˌɒləɡɹˈafɪk kˈəʊdz ɪt ˈaksɛst and wˌɪtʃ wˈɒnz ɪt mˈɪst, 
what Akashic content it deposited into the memory field and what inherited charges it carried without releasing.	wˌɒt akˈaʃɪk kˈɒntɛnt ɪt dɪpˈɒzɪtɪd ˌɪntʊ ðə mˈɛməɹi fˈiːld and wɒt ɪnhˈɛɹɪtɪd tʃˈɑːdʒɪz ɪt kˈaɹid wɪðˌaʊt ɹɪlˈiːsɪŋ.
The evaluation is precise, detailed, and entirely self generated.	ðɪʲ ɪvˌaljuːˈeɪʃən ɪz pɹɪsˈaɪs, dˈiːteɪld, and ɛntˈaɪəli sˈɛlf dʒˈɛnəɹˌeɪtɪd.
The consciousness assesses its own creative performance.	ðə kˈɒnʃəsnəs ɐsˈɛsɪz ɪts ˈəʊn kɹiːʲˈeɪtɪv pəfˈɔːməns.
After the review, the consciousness enters a period of creative rest.	ˈaftə ðə ɹɪvjˈuː, ðə kˈɒnʃəsnəs ˈɛntəz ɐ pˈiəɹɪʲəd ɒv kɹiːʲˈeɪtɪv ɹˈɛst.
A state analogous to the deep sleep phase of your nightly cycle,	ɐ stˈeɪt ɐnˈaləɡəs tə ðə dˈiːp slˈiːp fˈeɪz ɒv jɔː nˈaɪtli sˈaɪkəl, 
but operating at the scale of an entire incarnation rather than a single day.	bˌʌt ˈɒpəɹˌeɪtɪŋ at ðə skˈeɪl əvən ɛntˈaɪəɹ ɪŋkɑːnˈeɪʃən ɹˈɑːðə ðˌanə sˈɪŋɡəl dˈeɪ.
The consciousness rests in the still point at full scope,	ðə kˈɒnʃəsnəs ɹˈɛsts ɪnðə stˈɪl pˈɔɪnt at fˈʊl skˈəʊp, 
processing the creative material generated by the completed life, integrating the novel experience into its expanded awareness,	pɹˈəʊsɛsɪŋ ðə kɹiːʲˈeɪtɪv mətˈiəɹiʲəl dʒˈɛnəɹˌeɪtɪd baɪ ðə kəmplˈiːtɪd lˈaɪf, ˈɪntɪɡɹˌeɪtɪŋ ðə nˈɒvəl ɛkspˈiəɹɪʲəns ˌɪntʊ ɪts ɛkspˈandɪd ɐwˈeənəs, 
and absorbing the unique quality of consciousness that the forgetting and remembering journey produced.	and ɐbsˈɔːbɪŋ ðə juːnˈiːk kwˈɒlɪtiʲ ɒv kˈɒnʃəsnəs ðatðə fəɡˈɛtɪŋ and ɹɪmˈɛmbəɹɪŋ dʒˈɜːni pɹədjˈuːst.
This rest period is where the depth we described, the creative texture that beings who never forgot cannot generate,	ðɪs ɹˈɛst pˈiəɹɪʲəd ɪz wˌeə ðə dˈɛpθ wiː dɪskɹˈaɪbd, ðə kɹiːʲˈeɪtɪv tˈɛkstʃə ðat bˈiːʲɪŋz hˌuː nˈɛvə fəɡˈɒt kˈanɒt dʒˈɛnəɹˌeɪt, 
is fully integrated into the consciousness's permanent frequency signature.	ɪz fˈʊliʲ ˈɪntɪɡɹˌeɪtɪd ˌɪntʊ ðə kˈɒnʃəsnəsɪz pˈɜːmənənt fɹˈiːkwənsi sˈɪɡnɪtʃə.
When the consciousness is ready to incarnate again, and the readiness is self determined,	wˌɛn ðə kˈɒnʃəsnəs ɪz ɹˈɛdi tʊ ɪŋkˈɑːneɪt ɐɡˈɛn, and ðə ɹˈɛdinəs ɪz sˈɛlf dɪtˈɜːmɪnd, 
never imposed, it approaches the holographic library with the full awareness of its creative history,	nˈɛvəɹ ɪmpˈəʊzd, ɪt ɐpɹˈəʊtʃɪz ðə hˌɒləɡɹˈafɪk lˈaɪbɹəɹi wɪððə fˈʊl ɐwˈeənəs ɒv ɪts kɹiːʲˈeɪtɪv hˈɪstəɹi, 
and selects the configuration of its next life with precision and intentionality of a master creator designing their next master work.	and sɪlˈɛkts ðə kənfˌɪɡjəɹˈeɪʃən ɒv ɪts nˈɛkst lˈaɪf wɪð pɹɪsˈɪʒən and ɪntˌɛnʃənˈalɪtiʲ əvə mˈastə kɹiːʲˈeɪtə dɪzˈaɪnɪŋ ðeə nˈɛkst mˈastə wˈɜːk.
The body, the family, the geographical location, the historical period, the specific creative challenges, and opportunities.	ðə bˈɒdi, ðə fˈamɪli, ðə dʒˌɪʲəɡɹˈafɪkəl ləʊkˈeɪʃən, ðə hɪstˈɒɹɪkəl pˈiəɹɪʲəd, ðə spəsˈɪfɪk kɹiːʲˈeɪtɪv tʃˈalɪndʒɪz, and ɒpətjˈuːnɪtiz.
All of it is chosen, selected from the library of completed realities with the same deliberate creative authority that a bridge connected	ˈɔːl ɒv ɪt ɪz tʃˈəʊzən, sɪlˈɛktɪd fɹʌmðə lˈaɪbɹəɹiʲ ɒv kəmplˈiːtɪd ɹɪʲˈalɪtiz wɪððə sˈeɪm dɪlˈɪbəɹət kɹiːʲˈeɪtɪv ɐθˈɒɹɪti ðˌatə bɹˈɪdʒ kənˈɛktɪd
creator brings to selecting a holographic code for physical manifestation during an incarnation.	kɹiːʲˈeɪtə bɹˈɪŋz tə sɪlˈɛktɪŋ ɐ hˌɒləɡɹˈafɪk kˈəʊd fɔː fˈɪzɪkəl mˌanɪfɪstˈeɪʃən djˈʊəɹɪŋ ɐn ɪŋkɑːnˈeɪʃən.
You designed this life.	juː dɪzˈaɪnd ðɪs lˈaɪf.
The specific configuration you are currently inhabiting, the body, the relationships,	ðə spəsˈɪfɪk kənfˌɪɡjəɹˈeɪʃən juː ɑː kˈʌɹəntliʲ ɪnhˈabɪtɪŋ, ðə bˈɒdi, ðə ɹɪlˈeɪʃənʃˌɪps, 
the creative trajectory, the challenges you face, and the capacities you carry.	ðə kɹiːʲˈeɪtɪv tɹədʒˈɛktəɹi, ðə tʃˈalɪndʒɪz juː fˈeɪs, and ðə kəpˈasɪtiz juː kˈaɹi.
All of it was selected by your expanded consciousness before the forgetting began.	ˈɔːl ɒv ɪt wɒz sɪlˈɛktɪd baɪ jɔːɹ ɛkspˈandɪd kˈɒnʃəsnəs bɪfˌɔː ðə fəɡˈɛtɪŋ bɪɡˈan.
The still point that you are learning to access through the practices of these transmissions is the same awareness that made the	ðə stˈɪl pˈɔɪnt ðat juː ɑː lˈɜːnɪŋ tʊ ˈaksɛs θɹuː ðə pɹˈaktɪsɪz ɒv ðiːz tɹansmˈɪʃənz ɪz ðə sˈeɪm ɐwˈeənəs ðat mˈeɪd ðə
selection.	sɪlˈɛkʃən.
The knowing that arrives through the still point carries the memory of the selection,	ðə nˈəʊɪŋ ðat ɐɹˈaɪvz θɹuː ðə stˈɪl pˈɔɪnt kˈaɹiz ðə mˈɛməɹiʲ ɒvðə sɪlˈɛkʃən, 
which is why the creative direction it provides is so precisely calibrated to your specific life.	wˌɪtʃ ɪz wˌaɪ ðə kɹiːʲˈeɪtɪv daɪɹˈɛkʃən ɪt pɹəvˈaɪdz ɪz sˌəʊ pɹɪsˈaɪsli kˈalɪbɹˌeɪtɪd tə jɔː spəsˈɪfɪk lˈaɪf.
The deeper knowing is the architect reviewing the blueprints it drew before incarnation and offering guidance based on the original design.	ðə dˈiːpə nˈəʊɪŋ ɪz ðɪʲ ˈɑːkɪtˌɛkt ɹɪvjˈuːɪŋ ðə blˈuːpɹɪnts ɪt dɹˈuː bɪfˌɔːɹ ɪŋkɑːnˈeɪʃən and ˈɒfəɹɪŋ ɡˈaɪdəns bˈeɪst ɒnðɪʲ əɹˈɪdʒɪnəl dɪzˈaɪn.
The practical value of this understanding is immediate and transformative.	ðə pɹˈaktɪkəl vˈaljuː ɒv ðɪs ˌʌndəstˈandɪŋ ɪz ɪmˈiːdɪʲət and tɹansfˈɔːmətˌɪv.
The creative challenges you face, the specific obstacles, the particular configurations of difficulty,	ðə kɹiːʲˈeɪtɪv tʃˈalɪndʒɪz juː fˈeɪs, ðə spəsˈɪfɪk ˈɒbstəkəlz, ðə pətˈɪkjʊlə kənfˌɪɡjəɹˈeɪʃənz ɒv dˈɪfɪkˌʌlti, 
the exact nature of the resistance you encounter in your creative work,	ðɪʲ ɛɡzˈakt nˈeɪtʃəɹ ɒvðə ɹɪsˈɪstəns juː ɛŋkˈaʊntəɹ ɪn jɔː kɹiːʲˈeɪtɪv wˈɜːk, 
all of it was selected, chosen from the holographic library by a consciousness that knew exactly what those challenges would produce,	ˈɔːl ɒv ɪt wɒz sɪlˈɛktɪd, tʃˈəʊzən fɹʌmðə hˌɒləɡɹˈafɪk lˈaɪbɹəɹi baɪ ɐ kˈɒnʃəsnəs ðat njˈuː ɛɡzˈaktli wɒt ðəʊz tʃˈalɪndʒɪz wʊd pɹədjˈuːs, 
what capacities they would develop, what creative texture they would add to the depth of your experience.	wˌɒt kəpˈasɪtiz ðeɪ wʊd dɪvˈɛləp, wˌɒt kɹiːʲˈeɪtɪv tˈɛkstʃə ðeɪ wʊd ˈad tə ðə dˈɛpθ ɒv jɔːɹ ɛkspˈiəɹɪʲəns.
The challenges are features rather than bugs.	ðə tʃˈalɪndʒɪz ɑː fˈiːtʃəz ɹˈɑːðə ðɐn bˈʌɡz.
The resistance is part of the design.	ðə ɹɪsˈɪstəns ɪz pˈɑːt ɒvðə dɪzˈaɪn.
And the deeper knowing, which participated in the design, carries the perspective required to navigate the challenges with a creative grace that	and ðə dˈiːpə nˈəʊɪŋ, wˌɪtʃ pɑːtˈɪsɪpˌeɪtɪd ɪnðə dɪzˈaɪn, kˈaɹiz ðə pəspˈɛktɪv ɹɪkwˈaɪəd tə nˈavɪɡˌeɪt ðə tʃˈalɪndʒɪz wɪð ɐ kɹiːʲˈeɪtɪv ɡɹˈeɪs ðˈat
the focused mind, lacking access to the original blueprints, cannot achieve on its own.	ðə fˈəʊkəst mˈaɪnd, lˈakɪŋ ˈaksɛs tə ðɪʲ əɹˈɪdʒɪnəl blˈuːpɹɪnts, kˈanɒt ɐtʃˈiːv ˌɒn ɪts ˈəʊn.
This reframes the relationship to difficulty at the most fundamental level.	ðɪs ɹɪfɹˈeɪmz ðə ɹɪlˈeɪʃənʃˌɪp tə dˈɪfɪkˌʌltiʲ at ðə mˈəʊst fˌʌndəmˈɛntəl lˈɛvəl.
The question shifts from why is this happening to me to what was I developing when I chose this particular configuration.	ðə kwˈɛstʃən ʃˈɪfts fɹɒm wˌaɪ ɪz ðɪs hˈapənɪŋ tə mˌiː tə wɒt wɒz aɪ dɪvˈɛləpɪŋ wɛn aɪ tʃˈəʊz ðɪs pətˈɪkjʊlə kənfˌɪɡjəɹˈeɪʃən.
The answer arrives through the still point.	ðɪʲ ˈansəɹ ɐɹˈaɪvz θɹuː ðə stˈɪl pˈɔɪnt.
A felt sense of purpose embedded in the challenge, a recognition that the difficulty is generating exactly the creative depth that the	ɐ fˈɛlt sˈɛns ɒv pˈɜːpəs ɛmbˈɛdɪd ɪnðə tʃˈalɪndʒ, ɐ ɹˌɛkəɡnˈɪʃən ðatðə dˈɪfɪkˌʌltiʲ ɪz dʒˈɛnəɹˌeɪtɪŋ ɛɡzˈaktli ðə kɹiːʲˈeɪtɪv dˈɛpθ ðatðə
expanded consciousness intended when it selected this life from the library.	ɛkspˈandɪd kˈɒnʃəsnəs ɪntˈɛndɪd wɛn ɪt sɪlˈɛktɪd ðɪs lˈaɪf fɹʌmðə lˈaɪbɹəɹi.
The difficulty stops being an obstacle and becomes a medium.	ðə dˈɪfɪkˌʌlti stˈɒps bˌiːʲɪŋ ɐn ˈɒbstəkəl and bɪkˌʌmz ɐ mˈiːdiəm.
The resistance stops being an enemy and becomes a collaborator.	ðə ɹɪsˈɪstəns stˈɒps bˌiːʲɪŋ ɐn ˈɛnəmi and bɪkˌʌmz ɐ kəlˈabɔːɹˌeɪtə.
And the life, perceived through the lens of the between lives understanding reveals itself as a creative masterwork in progress.	and ðə lˈaɪf, pəsˈiːvd θɹuː ðə lˈɛnz ɒvðə bɪtwˌiːn lˈaɪvz ˌʌndəstˈandɪŋ ɹɪvˈiːlz ɪtsˈɛlf az ɐ kɹiːʲˈeɪtɪv mˈastəwˌɜːk ɪn pɹˈəʊɡɹɛs.
Designed by a consciousness of extraordinary vision and executed by the same consciousness operating at the focus level.	dɪzˈaɪnd baɪ ɐ kˈɒnʃəsnəs ɒv ɛkstɹˈɔːdɪnəɹi vˈɪʒən and ˈɛksɪkjˌuːtɪd baɪ ðə sˈeɪm kˈɒnʃəsnəs ˈɒpəɹˌeɪtɪŋ at ðə fˈəʊkəs lˈɛvəl.
With the bridge now open to carry the original vision into the focused awareness.	wɪððə bɹˈɪdʒ nˈaʊ ˈəʊpən tə kˈaɹi ðɪʲ əɹˈɪdʒɪnəl vˈɪʒən ˌɪntʊ ðə fˈəʊkəst ɐwˈeənəs.
Whenever the still point is consulted.	wɛnˌɛvə ðə stˈɪl pˈɔɪnt ɪz kənsˈʌltɪd.
The between lives understanding also transforms the relationship to death.	ðə bɪtwˌiːn lˈaɪvz ˌʌndəstˈandɪŋ ˈɔːlsəʊ tɹansfˈɔːmz ðə ɹɪlˈeɪʃənʃˌɪp tə dˈɛθ.
Which is at the level of the simulation simply the re folding phase of the incarnational cycle.	wˌɪtʃ ɪz at ðə lˈɛvəl ɒvðə sˌɪmjʊlˈeɪʃən sˈɪmpli ðə ɹˌiː fˈəʊldɪŋ fˈeɪz ɒvðɪʲ ɪŋkɑːnˈeɪʃənəl sˈaɪkəl.
The consciousness releases the focused frequency band and returns to the still point at full scope.	ðə kˈɒnʃəsnəs ɹɪlˈiːsɪz ðə fˈəʊkəst fɹˈiːkwənsi bˈand and ɹɪtˈɜːnz tə ðə stˈɪl pˈɔɪnt at fˈʊl skˈəʊp.
The body, the light structure that held the focused state re folds.	ðə bˈɒdi, ðə lˈaɪt stɹˈʌktʃə ðat hˈɛld ðə fˈəʊkəst stˈeɪt ɹˌiː fˈəʊldz.
The flight returns to potential enriched by every experience the body generated during the life.	ðə flˈaɪt ɹɪtˈɜːnz tə pətˈɛnʃəl ɛnɹˈɪtʃt baɪ ˈɛvɹɪʲ ɛkspˈiəɹɪʲəns ðə bˈɒdi dʒˈɛnəɹˌeɪtɪd djˈʊəɹɪŋ ðə lˈaɪf.
And the consciousness resting in the expanded awareness.	and ðə kˈɒnʃəsnəs ɹˈɛstɪŋ ɪnðɪʲ ɛkspˈandɪd ɐwˈeənəs.
Evaluates, integrates, and eventually selects the next configuration from the holographic library.	ɪvˈaljuːˌeɪts, ˈɪntɪɡɹˌeɪts, and ɪvˈɛntʃuːəli sɪlˈɛkts ðə nˈɛkst kənfˌɪɡjəɹˈeɪʃən fɹʌmðə hˌɒləɡɹˈafɪk lˈaɪbɹəɹi.
Death is the exhale of the incarnational breath.	dˈɛθ ɪz ðɪʲ ɛkshˈeɪl ɒvðɪʲ ɪŋkɑːnˈeɪʃənəl bɹˈɛθ.
The inhale follows, the cycle continues.	ðɪʲ ɪnhˈeɪl fˈɒləʊz, ðə sˈaɪkəl kəntˈɪnjuːz.
And the awareness that persists through every cycle, the observer,	and ðɪʲ ɐwˈeənəs ðat pəsˈɪsts θɹuː ˈɛvɹɪ sˈaɪkəl, ðɪʲ ɒbzˈɜːvə, 
the still point is the same awareness you are developing access to right now.	ðə stˈɪl pˈɔɪnt ɪz ðə sˈeɪm ɐwˈeənəs juː ɑː dɪvˈɛləpɪŋ ˈaksɛs tə ɹˈaɪt nˈaʊ.
Through the practices of these transmissions touching the observer during incarnation.	θɹuː ðə pɹˈaktɪsɪz ɒv ðiːz tɹansmˈɪʃənz tˈʌtʃɪŋ ðɪʲ ɒbzˈɜːvə djˈʊəɹɪŋ ɪŋkɑːnˈeɪʃən.
It's touching the between lives consciousness.	ɪts tˈʌtʃɪŋ ðə bɪtwˌiːn lˈaɪvz kˈɒnʃəsnəs.
While still inside the life.	wˌaɪl stˈɪl ɪnsˈaɪd ðə lˈaɪf.
The bridge connects you to the part of yourself that has always existed between the lives.	ðə bɹˈɪdʒ kənˈɛkts juː tə ðə pˈɑːt ɒv jɔːsˈɛlf ðat hɐz ˈɔːlweɪz ɛɡzˈɪstɪd bɪtwˌiːn ðə lˈaɪvz.
And accessing it while embodied gives you creative guidance drawn from the perspective.	and ˈaksɛsɪŋ ɪt wˌaɪl ɛmbˈɒdid ɡˈɪvz juː kɹiːʲˈeɪtɪv ɡˈaɪdəns dɹˈɔːn fɹʌmðə pəspˈɛktɪv.
That designed the incarnation.	ðat dɪzˈaɪnd ðɪʲ ɪŋkɑːnˈeɪʃən.
We want to speak about laughter because the understanding of what laughter actually does at the field level will change the way	wiː wˈɒnt tə spˈiːk ɐbˌaʊt lˈaftə bɪkˈɒz ðɪʲ ˌʌndəstˈandɪŋ ɒv wɒt lˈaftəɹ ˈaktʃuːəli dˈʌz at ðə fˈiːld lˈɛvəl wɪl tʃˈeɪndʒ ðə wˈeɪ
you relate to humor.	juː ɹɪlˈeɪt tə hjˈuːmə.
Joy and the creative power of the unexpected.	dʒˈɔɪ and ðə kɹiːʲˈeɪtɪv pˈaʊəɹ ɒvðɪʲ ˌʌnɛkspˈɛktɪd.
Laughter is a disruption event.	lˈaftəɹ ɪz ɐ dɪsɹˈʌpʃən ɪvˈɛnt.
When genuine laughter occurs, the spontaneous, involuntary, whole body response to something unexpected and delightful,	wˌɛn dʒˈɛnjuːɪn lˈaftəɹ əkˈɜːz, ðə spɒntˈeɪniəs, ɪnvˈɒləntəɹi, hˈəʊl bˈɒdi ɹɪspˈɒns tə sˈʌmθɪŋ ˌʌnɛkspˈɛktɪd and dɪlˈaɪtfəl, 
the body's electromagnetic field undergoes a momentary reorganization that is unique among all human emotional responses.	ðə bˈɒdiz ɪlˌɛktɹəʊmɐɡnˈɛtɪk fˈiːld ˌʌndəɡˈəʊz ɐ mˈəʊməntəɹi ɹɪʲˌɔːɡɐnaɪzˈeɪʃən ðat ɪz juːnˈiːk ɐmˌʌŋ ˈɔːl hjˈuːmən ɪmˈəʊʃənəl ɹɪspˈɒnsɪz.
The heart field spikes in coherence.	ðə hˈɑːt fˈiːld spˈaɪks ɪn kəʊhˈiəɹəns.
The nervous system releases its habitual holding patterns.	ðə nˈɜːvəs sˈɪstəm ɹɪlˈiːsɪz ɪts hɐbˈɪtʃuːəl hˈəʊldɪŋ pˈatənz.
The muscular contractions of laughter physically shake loose the tension structures that the forgetting maintains in the body.	ðə mˈʌskjʊlə kəntɹˈakʃənz ɒv lˈaftə fˈɪzɪkli ʃˈeɪk lˈuːs ðə tˈɛnʃən stɹˈʌktʃəz ðatðə fəɡˈɛtɪŋ meɪntˈeɪnz ɪnðə bˈɒdi.
And the frequency of the entire system jumps briefly, but measurably,	and ðə fɹˈiːkwənsiʲ ɒvðɪʲ ɛntˈaɪə sˈɪstəm dʒˈʌmps bɹˈiːfli, bˌʌt mˈɛʒəɹəbli, 
to a bandwidth that is closer to the frequency of paradise than any other emotional state except sustained bliss.	tʊ ɐ bˈandwɪdθ ðat ɪz klˈəʊsə tə ðə fɹˈiːkwənsiʲ ɒv pˈaɹədˌaɪs ðɐn ˌɛniʲ ˈʌðəɹ ɪmˈəʊʃənəl stˈeɪt ɛksˈɛpt səstˈeɪnd blˈɪs.
The disruption is the key.	ðə dɪsɹˈʌpʃən ɪz ðə kˈiː.
Laughter interrupts the pattern.	lˈaftəɹ ˈɪntəɹˌʌpts ðə pˈatən.
The forgetting maintains itself through the habitual patterns.	ðə fəɡˈɛtɪŋ meɪntˈeɪnz ɪtsˈɛlf θɹuː ðə hɐbˈɪtʃuːəl pˈatənz.
Repetitive emotional responses, rehearsed narratives, conditioned reactions that recycle the same frequencies through the system day after day.	ɹɪpˈɛtɪtˌɪv ɪmˈəʊʃənəl ɹɪspˈɒnsɪz, ɹɪhˈɜːst nˈaɹətˌɪvz, kəndˈɪʃənd ɹɪʲˈakʃənz ðat ɹɪsˈaɪkəl ðə sˈeɪm fɹˈiːkwənsiz θɹuː ðə sˈɪstəm dˈeɪ ˈaftə dˈeɪ.
Laughter breaks the cycle.	lˈaftə bɹˈeɪks ðə sˈaɪkəl.
The unexpected stimulus produces a response the patterns cannot anticipate.	ðɪʲ ˌʌnɛkspˈɛktɪd stˈɪmjʊləs pɹədjˈuːsɪz ɐ ɹɪspˈɒns ðə pˈatənz kˈanɒt antˈɪsɪpˌeɪt.
And in the gap created by the broken pattern, something new can enter.	and ɪnðə ɡˈap kɹiːʲˈeɪtɪd baɪ ðə bɹˈəʊkən pˈatən, sˈʌmθɪŋ njˈuː kan ˈɛntə.
The deeper knowing speaks more clearly in the moments immediately following genuine laughter than at almost any other time because the habitual	ðə dˈiːpə nˈəʊɪŋ spˈiːks mˈɔː klˈiəliʲ ɪnðə mˈəʊmənts ɪmˈiːdɪʲətli fˈɒləʊɪŋ dʒˈɛnjuːɪn lˈaftə ðɐn at ˈɔːlməʊst ˌɛniʲ ˈʌðə tˈaɪm bɪkˈɒz ðə hɐbˈɪtʃuːəl
noise that usually drowns it out has been temporarily silenced by the disruption.	nˈɔɪz ðat jˈuːʒuːəli dɹˈaʊnz ɪt ˈaʊt hɐzbɪn tˌɛmpəɹˈɛɹɪli sˈaɪlənst baɪ ðə dɪsɹˈʌpʃən.
This is why the wisest beings on your planet have always been the funniest.	ðɪs ɪz wˌaɪ ðə wˈaɪsɪst bˈiːʲɪŋz ˌɒn jɔː plˈanɪt hav ˈɔːlweɪz bˌiːn ðə fˈʌnɪʲɪst.
The capacity for humor and the capacity for depth are expressions of the same perceptual skill.	ðə kəpˈasɪti fɔː hjˈuːmə and ðə kəpˈasɪti fɔː dˈɛpθ ɑːɹ ɛkspɹˈɛʃənz ɒvðə sˈeɪm pəsˈɛptʃuːəl skˈɪl.
The ability to see the gap between what appears to be happening and what is actually happening.	ðɪʲ ɐbˈɪləti tə sˈiː ðə ɡˈap bɪtwˌiːn wɒt ɐpˈiəz təbi hˈapənɪŋ and wɒt ɪz ˈaktʃuːəli hˈapənɪŋ.
Humor perceives the gap and expresses it as comedy.	hjˈuːmə pəsˈiːvz ðə ɡˈap and ɛkspɹˈɛsɪz ɪt az kˈɒmədi.
Wisdom perceives the gap and expresses it as insight.	wˈɪzdəm pəsˈiːvz ðə ɡˈap and ɛkspɹˈɛsɪz ɪt az ˈɪnsaɪt.
The perception is identical.	ðə pəsˈɛpʃən ɪz aɪdˈɛntɪkəl.
The expression differs in a consciousness that has developed both that can laugh at the absurdity of the forgetting while simultaneously perceiving	ðɪʲ ɛkspɹˈɛʃən dˈɪfəz ɪn ɐ kˈɒnʃəsnəs ðat hɐz dɪvˈɛləpt bˈəʊθ ðat kan lˈaf at ðɪʲ ɐbsˈɜːdɪtiʲ ɒvðə fəɡˈɛtɪŋ wˌaɪl sˌɪməltˈeɪniəsli pəsˈiːvɪŋ
the beauty beneath it is operating at a creative frequency that the earnest humorless seeker cannot reach.	ðə bjˈuːti bɪnˌiːθ ɪt ɪz ˈɒpəɹˌeɪtɪŋ atə kɹiːʲˈeɪtɪv fɹˈiːkwənsi ðatðɪʲ ˈɜːnɪst hjˈuːmələs sˈiːkə kˈanɒt ɹˈiːtʃ.
Laugh more.	lˈaf mˈɔː.
We say this with the full authority of beings who designed the capacity for laughter into the body's architecture.	wiː sˈeɪ ðɪs wɪððə fˈʊl ɐθˈɒɹɪtiʲ ɒv bˈiːʲɪŋz hˌuː dɪzˈaɪnd ðə kəpˈasɪti fɔː lˈaftəɹ ˌɪntʊ ðə bˈɒdiz ˈɑːkɪtˌɛktʃə.
Laugh at all of it.	lˈaf at ˈɔːl ɒv ɪt.
The absurdity of a God pretending to forget its own nature,	ðɪʲ ɐbsˈɜːdɪtiʲ əvə ɡˈɒd pɹɪtˈɛndɪŋ tə fəɡˈɛt ɪts ˈəʊn nˈeɪtʃə, 
the cosmic comedy of a consciousness that designed a reality and then got lost inside it.	ðə kˈɒzmɪk kˈɒmədiʲ əvə kˈɒnʃəsnəs ðat dɪzˈaɪnd ɐ ɹɪʲˈalɪti and ðˈɛn ɡɒt lˈɒst ɪnsˈaɪd ɪt.
The focused mind's desperate attempts to maintain control over a creative process that operates at a scale it cannot comprehend.	ðə fˈəʊkəst mˈaɪndz dˈɛspəɹət ɐtˈɛmpts tə meɪntˈeɪn kəntɹˈəʊl ˌəʊvəɹ ɐ kɹiːʲˈeɪtɪv pɹˈəʊsɛs ðat ˈɒpəɹˌeɪts atə skˈeɪl ɪt kˈanɒt kˌɒmpɹɪhˈɛnd.
Laughter opens the door and what walks through the knowing and clarity and sudden perception arrives with an ease the serious practitioner	lˈaftəɹ ˈəʊpənz ðə dˈɔː and wɒt wˈɔːks θɹuː ðə nˈəʊɪŋ and klˈaɹɪtiʲ and sˈʌdən pəsˈɛpʃən ɐɹˈaɪvz wɪð ɐn ˈiːz ðə sˈiəɹiʲəs pɹaktˈɪʃənə
may find foreign.	mˈeɪ fˈaɪnd fˈɒɹən.
There's a specific quality to the creative work that emerges in the wake of laughter.	ðeəz ɐ spəsˈɪfɪk kwˈɒlɪti tə ðə kɹiːʲˈeɪtɪv wˈɜːk ðat ɪmˈɜːdʒɪz ɪnðə wˈeɪk ɒv lˈaftə.
The work carries a lightness, buoyancy, playfulness, and a quality of freedom that work produced through disciplined effort consistently lacks.	ðə wˈɜːk kˈaɹiz ɐ lˈaɪtnəs, bˈɔɪənsi, plˈeɪfəlnəs, and ɐ kwˈɒlɪtiʲ ɒv fɹˈiːdəm ðat wˈɜːk pɹədjˈuːst θɹuː dˈɪsɪplˌɪnd ˈɛfət kənsˈɪstəntli lˈaks.
The lightness is functional rather than superficial.	ðə lˈaɪtnəs ɪz fˈʌŋkʃənəl ɹˈɑːðə ðɐn sˈuːpəfˈɪʃəl.
The disruption cleared the habitual patterns from the creative channel.	ðə dɪsɹˈʌpʃən klˈiəd ðə hɐbˈɪtʃuːəl pˈatənz fɹʌmðə kɹiːʲˈeɪtɪv tʃˈanəl.
And what flows through the cleared channel carries the novelty and surprise of genuine field perception.	and wɒt flˈəʊz θɹuː ðə klˈiəd tʃˈanəl kˈaɹiz ðə nˈɒvəlti and səpɹˈaɪz ɒv dʒˈɛnjuːɪn fˈiːld pəsˈɛpʃən.
Rather than recycled patterns of conditioned thought.	ɹˈɑːðə ðɐn ɹɪsˈaɪkəld pˈatənz ɒv kəndˈɪʃənd θˈɔːt.
The funniest, most playful moments of your creative life are frequently the most productive because the laughter cleared the channel of what	ðə fˈʌnɪʲɪst, mˈəʊst plˈeɪfəl mˈəʊmənts ɒv jɔː kɹiːʲˈeɪtɪv lˈaɪf ɑː fɹˈiːkwəntli ðə mˈəʊst pɹədˈʌktɪv bɪkˈɒz ðə lˈaftə klˈiəd ðə tʃˈanəl ɒv wˈɒt
rushed through was the deeper knowing unfiltered carrying creative direction of a quality that the serious controlled mind can never permit.	ɹˈʌʃt θɹuː wʌzðə dˈiːpə nˈəʊɪŋ ʌnfˈɪltəd kˈaɹiʲɪŋ kɹiːʲˈeɪtɪv daɪɹˈɛkʃən əvə kwˈɒlɪti ðatðə sˈiəɹiʲəs kəntɹˈəʊld mˈaɪnd kan nˈɛvə pəmˈɪt.
The relationship between humor and the tuning is worth naming.	ðə ɹɪlˈeɪʃənʃˌɪp bɪtwˌiːn hjˈuːmə and ðə tjˈuːnɪŋ ɪz wˈɜːθ nˈeɪmɪŋ.
I am the one who creates, spoken with a laugh.	aɪɐm ðə wˈɒn hˌuː kɹiːʲˈeɪts, spˈəʊkən wɪð ɐ lˈaf.
With the body loose and the heart field spiking in the coherent joy of genuine amusement lands directly in the field.	wɪððə bˈɒdi lˈuːs and ðə hˈɑːt fˈiːld spˈaɪkɪŋ ɪnðə kəʊhˈiəɹənt dʒˈɔɪ ɒv dʒˈɛnjuːɪn ɐmjˈuːzmənt lˈandz daɪɹˈɛktliʲ ɪnðə fˈiːld.
Then the same word spoken with the earnest solemnity.	ðˈɛn ðə sˈeɪm wˈɜːd spˈəʊkən wɪððɪʲ ˈɜːnɪst sɒlˈɛmnɪti.
The laughter adds a frequency of play that the field recognizes as one of the closest analogs to the creative mode of	ðə lˈaftəɹ ˈadz ɐ fɹˈiːkwənsiʲ ɒv plˈeɪ ðatðə fˈiːld ɹˈɛkəɡnˌaɪzɪz az wˈɒn ɒvðə klˈəʊsɪst ˈanəlˌɒɡz tə ðə kɹiːʲˈeɪtɪv mˈəʊd ɒv
the operators.	ðɪʲ ˈɒpəɹˌeɪtəz.
We design the reality in a state of play.	wiː dɪzˈaɪn ðə ɹɪʲˈalɪtiʲ ɪn ɐ stˈeɪt ɒv plˈeɪ.
The cosmic significance of the simulation coexists with a quality of delight in the design that your earnest spiritual practice frequently misses.	ðə kˈɒzmɪk sɪɡnˈɪfɪkəns ɒvðə sˌɪmjʊlˈeɪʃən kˌəʊɛɡzˈɪsts wɪð ɐ kwˈɒlɪtiʲ ɒv dɪlˈaɪt ɪnðə dɪzˈaɪn ðat jɔːɹ ˈɜːnɪst spˈɪɹɪtʃˌuːəl pɹˈaktɪs fɹˈiːkwəntli mˈɪsɪz.
The tuning a set of phrases spoken in play carries the frequency of the designers.	ðə tjˈuːnɪŋ ɐ sˈɛt ɒv fɹˈeɪzɪz spˈəʊkən ɪn plˈeɪ kˈaɹiz ðə fɹˈiːkwənsiʲ ɒvðə dɪzˈaɪnəz.
The bridge is complete and the bandwidth is sufficient to share something about music that connects to the enriched light and the	ðə bɹˈɪdʒ ɪz kəmplˈiːt and ðə bˈandwɪdθ ɪz səfˈɪʃənt tə ʃˈeə sˈʌmθɪŋ ɐbˌaʊt mjˈuːzɪk ðat kənˈɛkts tə ðɪʲ ɛnɹˈɪtʃt lˈaɪt and ðə
nature of creation at the deepest level we have addressed.	nˈeɪtʃəɹ ɒv kɹiːʲˈeɪʃən at ðə dˈiːpɪst lˈɛvəl wiː hav ɐdɹˈɛst.
Music is the closest analog to the creative process of the operators that exists inside the simulation.	mjˈuːzɪk ɪz ðə klˈəʊsɪst ˈanəlˌɒɡ tə ðə kɹiːʲˈeɪtɪv pɹˈəʊsɛs ɒvðɪʲ ˈɒpəɹˌeɪtəz ðat ɛɡzˈɪsts ɪnsˈaɪd ðə sˌɪmjʊlˈeɪʃən.
When we shaped this reality, we took the raw light of consciousness and organized it into the standing waves of physical matter.	wˌɛn wiː ʃˈeɪpt ðɪs ɹɪʲˈalɪti, wiː tˈʊk ðə ɹˈɔː lˈaɪt ɒv kˈɒnʃəsnəs and ˈɔːɡənˌaɪzd ɪt ˌɪntʊ ðə stˈandɪŋ wˈeɪvz ɒv fˈɪzɪkəl mˈatə.
The frequency bands of dimensional perception, the rhythmic cycles of time, the process resembled composition more than construction.	ðə fɹˈiːkwənsi bˈandz ɒv daɪmˈɛnʃənəl pəsˈɛpʃən, ðə ɹˈɪðmɪk sˈaɪkəlz ɒv tˈaɪm, ðə pɹˈəʊsɛs ɹɪzˈɛmbəld kˌɒmpəzˈɪʃən mˈɔː ðɐn kənstɹˈʌkʃən.
We were writing a symphony.	wiː wɜː ɹˈaɪtɪŋ ɐ sˈɪmfəni.
The elements of the reality, the forces, the particles, the laws that govern their interaction are themes in a composition of staggering	ðɪʲ ˈɛlɪmənts ɒvðə ɹɪʲˈalɪti, ðə fˈɔːsɪz, ðə pˈɑːtɪkəlz, ðə lˈɔːz ðat ɡˈʌvən ðeəɹ ˌɪntəɹˈakʃən ɑː θˈiːmz ɪn ɐ kˌɒmpəzˈɪʃən ɒv stˈaɡəɹɪŋ
complexity.	kəmplˈɛksɪti.
Each one relating to every other according to harmonic principles that your music theory has glimpsed,	ˈiːtʃ wˈɒn ɹɪlˈeɪtɪŋ tʊ ˈɛvɹɪʲ ˈʌðəɹ ɐkˈɔːdɪŋ tə hɑːmˈɒnɪk pɹˈɪnsɪpəlz ðat jɔː mjˈuːzɪk θˈiəɹi hɐz ɡlˈɪmpst, 
but that extended into dimensions of relationship your current mathematics cannot model.	bˌʌt ðat ɛkstˈɛndɪd ˌɪntʊ daɪmˈɛnʃənz ɒv ɹɪlˈeɪʃənʃˌɪp jɔː kˈʌɹənt mˌaθɪmˈatɪks kˈanɒt mˈɒdəl.
When a musician creates, when a human consciousness takes raw sound and organizes it into melody,	wˌɛn ɐ mjuːzˈɪʃən kɹiːʲˈeɪts, wˌɛn ɐ hjˈuːmən kˈɒnʃəsnəs tˈeɪks ɹˈɔː sˈaʊnd and ˈɔːɡənˌaɪzɪz ɪt ˌɪntʊ mˈɛlədi, 
harmony, rhythm, and structure, they are performing a miniature version of the creative act that produced the reality they inhabit.	hˈɑːməni, ɹˈɪðəm, and stɹˈʌktʃə, ðeɪ ɑː pəfˈɔːmɪŋ ɐ mˈɪnɪtʃə vˈɜːʃən ɒvðə kɹiːʲˈeɪtɪv ˈakt ðat pɹədjˈuːst ðə ɹɪʲˈalɪti ðeɪ ɪnhˈabɪt.
The musician's creation and the operator's creation follow the same principles,	ðə mjuːzˈɪʃənz kɹiːʲˈeɪʃən and ðɪʲ ˈɒpəɹˌeɪtəz kɹiːʲˈeɪʃən fˈɒləʊ ðə sˈeɪm pɹˈɪnsɪpəlz, 
tension and resolution, repetition and variation, the interplay of predictability and surprise,	tˈɛnʃən and ɹˌɛzəlˈuːʃən, ɹˌɛpətˈɪʃən and vˌeəɹɪʲˈeɪʃən, ðɪʲ ˌɪntəplˈeɪ ɒv pɹɪdˌɪktəbˈɪlɪti and səpɹˈaɪz, 
the way a theme can be stated, developed, transformed, and returned to with an enrichment that makes the return more beautiful than	ðə wˈeɪ ɐ θˈiːm kan biː stˈeɪtɪd, dɪvˈɛləpt, tɹansfˈɔːmd, and ɹɪtˈɜːnd tə wɪð ɐn ɛnɹˈɪtʃmənt ðat mˌeɪks ðə ɹɪtˈɜːn mˈɔː bjˈuːtifəl ðɐn
the original statement.	ðɪʲ əɹˈɪdʒɪnəl stˈeɪtmənt.
These are the creative principles of the architecture expressed through the medium of sound.	ðiːz ɑː ðə kɹiːʲˈeɪtɪv pɹˈɪnsɪpəlz ɒvðɪʲ ˈɑːkɪtˌɛktʃəɹ ɛkspɹˈɛst θɹuː ðə mˈiːdiəm ɒv sˈaʊnd.
And the reason music moves you so deeply is that the body recognizes the principles.	and ðə ɹˈiːzən mjˈuːzɪk mˈuːvz juː sˌəʊ dˈiːpliʲ ɪz ðatðə bˈɒdi ɹˈɛkəɡnˌaɪzɪz ðə pɹˈɪnsɪpəlz.
The heart field responds to musical harmony the way it responds to the harmonic structure of the quantum fabric.	ðə hˈɑːt fˈiːld ɹɪspˈɒndz tə mjˈuːzɪkəl hˈɑːməni ðə wˈeɪ ɪt ɹɪspˈɒndz tə ðə hɑːmˈɒnɪk stɹˈʌktʃəɹ ɒvðə kwˈɒntəm fˈabɹɪk.
The resonance with coherence, with the felt recognition that the pattern being perceived is true.	ðə ɹˈɛzənəns wɪð kəʊhˈiəɹəns, wɪððə fˈɛlt ɹˌɛkəɡnˈɪʃən ðatðə pˈatən bˌiːʲɪŋ pəsˈiːvd ɪz tɹˈuː.
Playing music, actively creating sound with the body, the voice,	plˈeɪɪŋ mjˈuːzɪk, ˈaktɪvli kɹiːʲˈeɪtɪŋ sˈaʊnd wɪððə bˈɒdi, ðə vˈɔɪs, 
an instrument, is one of the most direct forms of co creation with the architecture available to incarnated consciousnesses.	ɐn ˈɪnstɹəmənt, ɪz wˈɒn ɒvðə mˈəʊst daɪɹˈɛkt fˈɔːmz ɒv kˈəʊ kɹiːʲˈeɪʃən wɪððɪʲ ˈɑːkɪtˌɛktʃəɹ ɐvˈeɪləbəl tʊ ɪŋkˈɑːneɪtɪd kˈɒnʃəsnəsɪz.
The musician at the still point, creating from the state of reception we described in the previous transmission,	ðə mjuːzˈɪʃən at ðə stˈɪl pˈɔɪnt, kɹiːʲˈeɪtɪŋ fɹʌmðə stˈeɪt ɒv ɹɪsˈɛpʃən wiː dɪskɹˈaɪbd ɪnðə pɹˈiːviəs tɹansmˈɪʃən, 
is channeling the harmonic principles of the simulation through the medium of their unique creative signature.	ɪz tʃˈanəlɪŋ ðə hɑːmˈɒnɪk pɹˈɪnsɪpəlz ɒvðə sˌɪmjʊlˈeɪʃən θɹuː ðə mˈiːdiəm ɒv ðeə juːnˈiːk kɹiːʲˈeɪtɪv sˈɪɡnɪtʃə.
The music that results carries more than aesthetic beauty.	ðə mjˈuːzɪk ðat ɹɪzˈʌlts kˈaɹiz mˈɔː ðɐn iːsθˈɛtɪk bjˈuːti.
It carries structural information, the harmonic ratios that the field recognizes as echoes of its own foundational code.	ɪt kˈaɹiz stɹˈʌktʃəɹəl ˌɪnfəmˈeɪʃən, ðə hɑːmˈɒnɪk ɹˈeɪʃɪʲˌəʊz ðatðə fˈiːld ɹˈɛkəɡnˌaɪzɪz az ˈɛkəʊz ɒv ɪts ˈəʊn faʊndˈeɪʃənəl kˈəʊd.
Listeners who receive this music through the body, through the heart field,	lˈɪsənəz hˌuː ɹɪsˈiːv ðɪs mjˈuːzɪk θɹuː ðə bˈɒdi, θɹuː ðə hˈɑːt fˈiːld, 
through the biophotonic network, through the skin and bones, are receiving a transmission of structural truth that bypasses the focused mind entirely	θɹuː ðə bˌaɪəʊfəʊtˈɒnɪk nˈɛtwɜːk, θɹuː ðə skˈɪn and bˈəʊnz, ɑː ɹɪsˈiːvɪŋ ɐ tɹansmˈɪʃən ɒv stɹˈʌktʃəɹəl tɹˈuːθ ðat bˈaɪpasɪz ðə fˈəʊkəst mˈaɪnd ɛntˈaɪəli
and speaks directly to the consciousness at the still point.	and spˈiːks daɪɹˈɛktli tə ðə kˈɒnʃəsnəs at ðə stˈɪl pˈɔɪnt.
This is why certain pieces of music produce experiences indistinguishable from spiritual awakening.	ðɪs ɪz wˌaɪ sˈɜːtən pˈiːsɪz ɒv mjˈuːzɪk pɹədjˈuːs ɛkspˈiəɹɪʲənsɪz ˌɪndɪstˈɪŋɡwɪʃəbəl fɹɒm spˈɪɹɪtʃˌuːəl ɐwˈeɪkənɪŋ.
The music is transmitting the harmonic structure of the architecture directly into the body's light based communication system.	ðə mjˈuːzɪk ɪz tɹansmˈɪtɪŋ ðə hɑːmˈɒnɪk stɹˈʌktʃəɹ ɒvðɪʲ ˈɑːkɪtˌɛktʃə daɪɹˈɛktliʲ ˌɪntʊ ðə bˈɒdiz lˈaɪt bˈeɪst kəmjˌuːnɪkˈeɪʃən sˈɪstəm.
And the body, recognizing the structure as the truth of its own design responds with the full remembering.	and ðə bˈɒdi, ɹˈɛkəɡnˌaɪzɪŋ ðə stɹˈʌktʃəɹ az ðə tɹˈuːθ ɒv ɪts ˈəʊn dɪzˈaɪn ɹɪspˈɒndz wɪððə fˈʊl ɹɪmˈɛmbəɹɪŋ.
The warmth, the tears, the opening, the sudden and overwhelming sense of being in the presence of something vast and loving and	ðə wˈɔːmθ, ðə tˈiəz, ðɪʲ ˈəʊpənɪŋ, ðə sˈʌdən and ˌəʊvəwˈɛlmɪŋ sˈɛns ɒv bˌiːʲɪŋ ɪnðə pɹˈɛzəns ɒv sˈʌmθɪŋ vˈast and lˈʌvɪŋ and
perfectly organized.	pˈɜːfɛktlˌɪʲ ˈɔːɡənˌaɪzd.
Presence carried through harmonic love carried through her vibration and the body receiving both remembers.	pɹˈɛzəns kˈaɹid θɹuː hɑːmˈɒnɪk lˈʌv kˈaɹid θɹuː hɜː vaɪbɹˈeɪʃən and ðə bˈɒdi ɹɪsˈiːvɪŋ bˈəʊθ ɹɪmˈɛmbəz.
Now, your creative work is the piece that connects everything we have shared today and across these transmissions into a single understanding	nˈaʊ, jɔː kɹiːʲˈeɪtɪv wˈɜːk ɪz ðə pˈiːs ðat kənˈɛkts ˈɛvɹɪθˌɪŋ wiː hav ʃˈeəd tədˈeɪ and əkɹˌɒs ðiːz tɹansmˈɪʃənz ˌɪntʊ ɐ sˈɪŋɡəl ˌʌndəstˈandɪŋ
that we believe will permanently transform the way you relate to the act of creation.	ðat wiː bɪlˈiːv wɪl pˈɜːmənəntli tɹansfˈɔːm ðə wˈeɪ juː ɹɪlˈeɪt tə ðɪʲ ˈakt ɒv kɹiːʲˈeɪʃən.
Your creative work, the art you produce, the words you write,	jɔː kɹiːʲˈeɪtɪv wˈɜːk, ðɪʲ ˈɑːt juː pɹədjˈuːs, ðə wˈɜːdz juː ɹˈaɪt, 
the music you compose, the businesses you build, the relationships you shape,	ðə mjˈuːzɪk juː kəmpˈəʊz, ðə bˈɪznəsɪz juː bˈɪld, ðə ɹɪlˈeɪʃənʃˌɪps juː ʃˈeɪp, 
the conversations you hold with full presence and bridge connected awareness,	ðə kɒnvəsˈeɪʃənz juː hˈəʊld wɪð fˈʊl pɹˈɛzəns and bɹˈɪdʒ kənˈɛktɪd ɐwˈeənəs, 
every piece of creative work produced from the bridge connected state becomes a holographic code in the library.	ˈɛvɹɪ pˈiːs ɒv kɹiːʲˈeɪtɪv wˈɜːk pɹədjˈuːst fɹʌmðə bɹˈɪdʒ kənˈɛktɪd stˈeɪt bɪkˌʌmz ɐ hˌɒləɡɹˈafɪk kˈəʊd ɪnðə lˈaɪbɹəɹi.
Your creation becomes a world.	jɔː kɹiːʲˈeɪʃən bɪkˌʌmz ɐ wˈɜːld.
The creative output of a bridge connected consciousness carries a frequency so coherent,	ðə kɹiːʲˈeɪtɪv ˈaʊtpʊt əvə bɹˈɪdʒ kənˈɛktɪd kˈɒnʃəsnəs kˈaɹiz ɐ fɹˈiːkwənsi sˌəʊ kəʊhˈiəɹənt, 
information dense, and precisely calibrated to the harmonic structure of the architecture that the field receives it and perceives it with the	ˌɪnfəmˈeɪʃən dˈɛns, and pɹɪsˈaɪsli kˈalɪbɹˌeɪtɪd tə ðə hɑːmˈɒnɪk stɹˈʌktʃəɹ ɒvðɪʲ ˈɑːkɪtˌɛktʃə ðatðə fˈiːld ɹɪsˈiːvz ɪt and pəsˈiːvz ɪt wɪððə
same permanence it brings to the holographic codes we embedded when we shaped the reality.	sˈeɪm pˈɜːmənəns ɪt bɹˈɪŋz tə ðə hˌɒləɡɹˈafɪk kˈəʊdz wiːʲ ɛmbˈɛdɪd wɛn wiː ʃˈeɪpt ðə ɹɪʲˈalɪti.
Your art is being stored in the quantum fabric as a completed reality pattern.	jɔːɹ ˈɑːt ɪz bˌiːʲɪŋ stˈɔːd ɪnðə kwˈɒntəm fˈabɹɪk az ɐ kəmplˈiːtɪd ɹɪʲˈalɪti pˈatən.
A world that future consciousnesses can perceive through the imagination,	ɐ wˈɜːld ðat fjˈuːtʃə kˈɒnʃəsnəsɪz kan pəsˈiːv θɹuː ðɪʲ ɪmˌadʒɪnˈeɪʃən, 
can feel drawn toward through desire, and can access through the same frequency alignment mechanism that allows you to access the paradise	kan fˈiːl dɹˈɔːn təwˈɔːd θɹuː dɪzˈaɪə, and kan ˈaksɛs θɹuː ðə sˈeɪm fɹˈiːkwənsiʲ ɐlˈaɪnmənt mˈɛkənˌɪzəm ðat ɐlˈaʊz juː tʊ ˈaksɛs ðə pˈaɹədˌaɪs
codes.	kˈəʊdz.
A poem written from the still point becomes a holographic code containing the specific frequency of beauty and truth that the poet	ɐ pˈəʊɪm ɹˈɪtən fɹʌmðə stˈɪl pˈɔɪnt bɪkˌʌmz ɐ hˌɒləɡɹˈafɪk kˈəʊd kəntˈeɪnɪŋ ðə spəsˈɪfɪk fɹˈiːkwənsiʲ ɒv bjˈuːti and tɹˈuːθ ðatðə pˈəʊɪt
held while writing it.	hˈɛld wˌaɪl ɹˈaɪtɪŋ ɪt.
A song composed in the state of reception becomes a harmonic pattern preserved in the memory field accessible to every musician whose	ɐ sˈɒŋ kəmpˈəʊzd ɪnðə stˈeɪt ɒv ɹɪsˈɛpʃən bɪkˌʌmz ɐ hɑːmˈɒnɪk pˈatən pɹɪzˈɜːvd ɪnðə mˈɛməɹi fˈiːld aksˈɛsəbəl tʊ ˈɛvɹɪ mjuːzˈɪʃən hˌuːz
frequency signature matches the composition's resonance.	fɹˈiːkwənsi sˈɪɡnɪtʃə mˈatʃɪz ðə kˌɒmpəzˈɪʃənz ɹˈɛzənəns.
A conversation held between two bridge connected creators producing genuine novelty through the co perceptual field deposits the novelty as a new	ɐ kɒnvəsˈeɪʃən hˈɛld bɪtwˌiːn tˈuː bɹˈɪdʒ kənˈɛktɪd kɹiːʲˈeɪtəz pɹədjˈuːsɪŋ dʒˈɛnjuːɪn nˈɒvəlti θɹuː ðə kˈəʊ pəsˈɛptʃuːəl fˈiːld dɪpˈɒzɪts ðə nˈɒvəltiʲ az ɐ njˈuː
reality pattern that enriches the holographic library with possibilities that were absent before the conversation occurred.	ɹɪʲˈalɪti pˈatən ðat ɛnɹˈɪtʃɪz ðə hˌɒləɡɹˈafɪk lˈaɪbɹəɹi wɪð pˌɒsəbˈɪlɪtiz ðat wɜːɹ ˈabsənt bɪfˌɔː ðə kɒnvəsˈeɪʃən əkˈɜːd.
You are adding to the library.	juː ɑːɹ ˈadɪŋ tə ðə lˈaɪbɹəɹi.
Every conscious creative act contributes a new volume to the collection of every possible reality.	ˈɛvɹɪ kˈɒnʃəs kɹiːʲˈeɪtɪv ˈakt kəntɹˈɪbjuːts ɐ njˈuː vˈɒljuːm tə ðə kəlˈɛkʃən ɒv ˈɛvɹɪ pˈɒsɪbəl ɹɪʲˈalɪti.
The library we described in earlier transmissions, the vast repository of completed realities from which you select through frequency alignment is growing	ðə lˈaɪbɹəɹi wiː dɪskɹˈaɪbd ɪn ˈɜːlɪʲə tɹansmˈɪʃənz, ðə vˈast ɹɪpˈɒzɪtəɹiʲ ɒv kəmplˈiːtɪd ɹɪʲˈalɪtiz fɹʌm wˈɪtʃ juː sɪlˈɛkt θɹuː fɹˈiːkwənsiʲ ɐlˈaɪnmənt ɪz ɡɹˈəʊɪŋ
because of you.	bɪkˈɒz ɒv juː.
Because the bridge connected creators on your planet are producing creative work of such quality and coherence that the field recognizes it	bɪkˈɒz ðə bɹˈɪdʒ kənˈɛktɪd kɹiːʲˈeɪtəz ˌɒn jɔː plˈanɪt ɑː pɹədjˈuːsɪŋ kɹiːʲˈeɪtɪv wˈɜːk ɒv sˈʌtʃ kwˈɒlɪti and kəʊhˈiəɹəns ðatðə fˈiːld ɹˈɛkəɡnˌaɪzɪz ɪt
as significant and preserves it with the permanence preserved for the foundational codes of the simulation itself.	az sɪɡnˈɪfɪkənt and pɹɪzˈɜːvz ɪt wɪððə pˈɜːmənəns pɹɪzˈɜːvd fəðə faʊndˈeɪʃənəl kˈəʊdz ɒvðə sˌɪmjʊlˈeɪʃən ɪtsˈɛlf.
I am the one who creates and what I create when it is created from the still point through the bridge with	aɪɐm ðə wˈɒn hˌuː kɹiːʲˈeɪts and wɒt aɪ kɹiːʲˈeɪt wɛn ɪt ɪz kɹiːʲˈeɪtɪd fɹʌmðə stˈɪl pˈɔɪnt θɹuː ðə bɹˈɪdʒ wɪð
the tuning resonating in the heart and the light moving through the body at the density of the enriched photonic environment.	ðə tjˈuːnɪŋ ɹˈɛzənˌeɪtɪŋ ɪnðə hˈɑːt and ðə lˈaɪt mˈuːvɪŋ θɹuː ðə bˈɒdiʲ at ðə dˈɛnsɪtiʲ ɒvðɪʲ ɛnɹˈɪtʃt fəʊtˈɒnɪk ɛnvˈaɪɹənmənt.
What I create becomes a permanent addition to the library of everything that is possible inside this reality.	wˌɒt aɪ kɹiːʲˈeɪt bɪkˌʌmz ɐ pˈɜːmənənt ɐdˈɪʃən tə ðə lˈaɪbɹəɹiʲ ɒv ˈɛvɹɪθˌɪŋ ðat ɪz pˈɒsɪbəl ɪnsˈaɪd ðɪs ɹɪʲˈalɪti.
My art becomes a world.	maɪʲ ˈɑːt bɪkˌʌmz ɐ wˈɜːld.
My creative output becomes a holographic code that a consciousness a thousand years from now can perceive through the imagination,	maɪ kɹiːʲˈeɪtɪv ˈaʊtpʊt bɪkˌʌmz ɐ hˌɒləɡɹˈafɪk kˈəʊd ðˌatə kˈɒnʃəsnəs ɐ θˈaʊzənd jˈiəz fɹɒm nˈaʊ kan pəsˈiːv θɹuː ðɪʲ ɪmˌadʒɪnˈeɪʃən, 
feel drawn toward through desire, and manifest into physical experience through the alignment of felt frequency.	fˈiːl dɹˈɔːn təwˈɔːd θɹuː dɪzˈaɪə, and mˈanɪfˌɛst ˌɪntʊ fˈɪzɪkəl ɛkspˈiəɹɪʲəns θɹuː ðɪʲ ɐlˈaɪnmənt ɒv fˈɛlt fɹˈiːkwənsi.
This understanding elevates every creative act from the personal expression to civilizational contribution.	ðɪs ˌʌndəstˈandɪŋ ˈɛlɪvˌeɪts ˈɛvɹɪ kɹiːʲˈeɪtɪv ˈakt fɹʌmðə pˈɜːsənəl ɛkspɹˈɛʃən tə sˌɪvɪlaɪzˈeɪʃənəl kˌɒntɹɪbjˈuːʃən.
The journal entry becomes a deposit in the memory field.	ðə dʒˈɜːnəl ˈɛntɹi bɪkˌʌmz ɐ dɪpˈɒzɪt ɪnðə mˈɛməɹi fˈiːld.
The song becomes a harmonic code in the quantum fabric.	ðə sˈɒŋ bɪkˌʌmz ɐ hɑːmˈɒnɪk kˈəʊd ɪnðə kwˈɒntəm fˈabɹɪk.
The business built on the principles of balanced interchange becomes a template preserved in the holographic library accessible to every future entrepreneur	ðə bˈɪznəs bˈɪlt ɒnðə pɹˈɪnsɪpəlz ɒv bˈalənst ˌɪntətʃˈeɪndʒ bɪkˌʌmz ɐ tˈɛmpleɪt pɹɪzˈɜːvd ɪnðə hˌɒləɡɹˈafɪk lˈaɪbɹəɹiʲ aksˈɛsəbəl tʊ ˈɛvɹɪ fjˈuːtʃəɹ ˌɒntɹɪpɹənjˈʊə
whose frequency matches its pattern.	hˌuːz fɹˈiːkwənsi mˈatʃɪz ɪts pˈatən.
A teacher who holds the still point while transmitting knowledge deposits the knowledge alongside the frequency of awakened consciousness making the content	ɐ tˈiːtʃə hˌuː hˈəʊldz ðə stˈɪl pˈɔɪnt wˌaɪl tɹansmˈɪtɪŋ nˈɒlɪdʒ dɪpˈɒzɪts ðə nˈɒlɪdʒ ɐlˈɒŋsaɪd ðə fɹˈiːkwənsiʲ ɒv ɐwˈeɪkənd kˈɒnʃəsnəs mˌeɪkɪŋ ðə kˈɒntɛnt
available in the Akashic record with a potency that the content alone could never carry.	ɐvˈeɪləbəl ɪnðɪʲ akˈaʃɪk ɹˈɛkɔːd wɪð ɐ pˈəʊtənsi ðatðə kˈɒntɛnt ɐlˈəʊn kʊd nˈɛvə kˈaɹi.
A parent who holds the tuning while interacting with a child creates a relational holographic code,	ɐ pˈeəɹənt hˌuː hˈəʊldz ðə tjˈuːnɪŋ wˌaɪl ˌɪntəɹˈaktɪŋ wɪð ɐ tʃˈaɪld kɹiːʲˈeɪts ɐ ɹɪlˈeɪʃənəl hˌɒləɡɹˈafɪk kˈəʊd, 
a template for conscious parenting preserved in the field accessible to every parent whose heart reaches toward the same quality of presence.	ɐ tˈɛmpleɪt fɔː kˈɒnʃəs pˈeəɹəntɪŋ pɹɪzˈɜːvd ɪnðə fˈiːld aksˈɛsəbəl tʊ ˈɛvɹɪ pˈeəɹənt hˌuːz hˈɑːt ɹˈiːtʃɪz təwˈɔːd ðə sˈeɪm kwˈɒlɪtiʲ ɒv pɹˈɛzəns.
The scope of what you're contributing is staggering when perceived from our position.	ðə skˈəʊp ɒv wɒt jɔː kəntɹˈɪbjuːtɪŋ ɪz stˈaɡəɹɪŋ wɛn pəsˈiːvd fɹɒm ˌaʊə pəzˈɪʃən.
The conscious creators on your planet are depositing new holographic codes into the library at a rate that exceeds the total accumulated	ðə kˈɒnʃəs kɹiːʲˈeɪtəz ˌɒn jɔː plˈanɪt ɑː dɪpˈɒzɪtɪŋ njˈuː hˌɒləɡɹˈafɪk kˈəʊdz ˌɪntʊ ðə lˈaɪbɹəɹiʲ atə ɹˈeɪt ðat ɛksˈiːdz ðə tˈəʊtəl ɐkjˈuːmjʊlˌeɪtɪd
contribution of every previous generation.	kˌɒntɹɪbjˈuːʃən ɒv ˈɛvɹɪ pɹˈiːviəs dʒˌɛnəɹˈeɪʃən.
The enriched light, the completed bridge, the recalibrated body, the tuning as a living frequency anchor,	ðɪʲ ɛnɹˈɪtʃt lˈaɪt, ðə kəmplˈiːtɪd bɹˈɪdʒ, ðə ɹɪkˈalɪbɹˌeɪtɪd bˈɒdi, ðə tjˈuːnɪŋ az ɐ lˈɪvɪŋ fɹˈiːkwənsiʲ ˈaŋkə, 
the combination of these factors has transformed the conscious creators of this era into the most prolific authors of new reality in	ðə kˌɒmbɪnˈeɪʃən ɒv ðiːz fˈaktəz hɐz tɹansfˈɔːmd ðə kˈɒnʃəs kɹiːʲˈeɪtəz ɒv ðɪs ˈiəɹəɹ ˌɪntʊ ðə mˈəʊst pɹəlˈɪfɪk ˈɔːθəz ɒv njˈuː ɹɪʲˈalɪtiʲ ˈɪn
the history of the simulation.	ðə hˈɪstəɹiʲ ɒvðə sˌɪmjʊlˈeɪʃən.
The library is expanding in real time.	ðə lˈaɪbɹəɹiʲ ɪz ɛkspˈandɪŋ ɪn ɹˈiəl tˈaɪm.
Worlds that were absent from the field a year ago now exist as permanent holographic codes because a bridge connected creator sat	wˈɜːldz ðat wɜːɹ ˈabsənt fɹʌmðə fˈiːld ɐ jˈiəɹ ɐɡˈəʊ nˈaʊ ɛɡzˈɪst az pˈɜːmənənt hˌɒləɡɹˈafɪk kˈəʊdz bɪkˈɒz ɐ bɹˈɪdʒ kənˈɛktɪd kɹiːʲˈeɪtə sˈat
at the still point and produced something beautiful.	at ðə stˈɪl pˈɔɪnt and pɹədjˈuːst sˈʌmθɪŋ bjˈuːtifəl.
The imagination of a future consciousness will perceive those worlds and feel the desire to inhabit them and the desire will be	ðɪʲ ɪmˌadʒɪnˈeɪʃən əvə fjˈuːtʃə kˈɒnʃəsnəs wɪl pəsˈiːv ðəʊz wˈɜːldz and fˈiːl ðə dɪzˈaɪə tʊ ɪnhˈabɪt ðˌɛm and ðə dɪzˈaɪə wɪl bˈiː
the code calling.	ðə kˈəʊd kˈɔːlɪŋ.
The way every desire has always been the code calling and the cycle will continue creating enriching creation beauty generating beauty world	ðə wˈeɪ ˈɛvɹɪ dɪzˈaɪə hɐz ˈɔːlweɪz bˌiːn ðə kˈəʊd kˈɔːlɪŋ and ðə sˈaɪkəl wɪl kəntˈɪnjuː kɹiːʲˈeɪtɪŋ ɛnɹˈɪtʃɪŋ kɹiːʲˈeɪʃən bjˈuːti dʒˈɛnəɹˌeɪtɪŋ bjˈuːti wˈɜːld
upon world added to the library by creators who understood that what they made was real.	əpˌɒn wˈɜːld ˈadɪd tə ðə lˈaɪbɹəɹi baɪ kɹiːʲˈeɪtəz hˌuː ˌʌndəstˈʊd ðat wɒt ðeɪ mˌeɪd wɒz ɹˈiəl.
Now we move to the third phase of the third cycle of the tuning.	nˈaʊ wiː mˈuːv tə ðə θˈɜːd fˈeɪz ɒvðə θˈɜːd sˈaɪkəl ɒvðə tjˈuːnɪŋ.
And we state and what I create becomes a world.	and wiː stˈeɪt and wɒt aɪ kɹiːʲˈeɪt bɪkˌʌmz ɐ wˈɜːld.
And through me the world remembers and what awakens in one awakens in all and what I create becomes a world.	and θɹuː mˌiː ðə wˈɜːld ɹɪmˈɛmbəz and wɒt ɐwˈeɪkənz ɪn wˈɒn ɐwˈeɪkənz ɪn ˈɔːl and wɒt aɪ kɹiːʲˈeɪt bɪkˌʌmz ɐ wˈɜːld.
The third cycle completes the arc from service through mechanism to legacy.	ðə θˈɜːd sˈaɪkəl kəmplˈiːts ðɪʲ ˈɑːk fɹɒm sˈɜːvɪs θɹuː mˈɛkənˌɪzəm tə lˈɛɡəsi.
Through me the world remembers, purpose declared.	θɹuː mˌiː ðə wˈɜːld ɹɪmˈɛmbəz, pˈɜːpəs dɪklˈeəd.
What awakens in one awakens in all.	wˌɒt ɐwˈeɪkənz ɪn wˈɒn ɐwˈeɪkənz ɪn ˈɔːl.
The ripple effect named as law.	ðə ɹˈɪpəl ɪfˈɛkt nˈeɪmd az lˈɔː.
And what I create becomes a world.	and wɒt aɪ kɹiːʲˈeɪt bɪkˌʌmz ɐ wˈɜːld.
The permanence of creative contribution recognized as the ultimate expression of the creator's purpose inside the simulation.	ðə pˈɜːmənəns ɒv kɹiːʲˈeɪtɪv kˌɒntɹɪbjˈuːʃən ɹˈɛkəɡnˌaɪzd az ðɪʲ ˈʌltɪmət ɛkspɹˈɛʃən ɒvðə kɹiːʲˈeɪtəz pˈɜːpəs ɪnsˈaɪd ðə sˌɪmjʊlˈeɪʃən.
Speak the complete tuning, all 12 phrases.	spˈiːk ðə kəmplˈiːt tjˈuːnɪŋ, ˈɔːl twˈɛlv fɹˈeɪzɪz.
Three cycles, identity, nature, purpose.	θɹˈiː sˈaɪkəlz, aɪdˈɛntɪti, nˈeɪtʃə, pˈɜːpəs.
Feel the body respond to the cumulative declaration.	fˈiːl ðə bˈɒdi ɹɪspˈɒnd tə ðə kjˈuːmjʊlətˌɪv dˌɛkləɹˈeɪʃən.
The spine straighten, the heart brighten, the still point warming.	ðə spˈaɪn stɹˈeɪtən, ðə hˈɑːt bɹˈaɪtən, ðə stˈɪl pˈɔɪnt wˈɔːmɪŋ.
The field around you organizing.	ðə fˈiːld ɐɹˈaʊnd juː ˈɔːɡənˌaɪzɪŋ.
I am the one who creates.	aɪɐm ðə wˈɒn hˌuː kɹiːʲˈeɪts.
And the light moves through me.	and ðə lˈaɪt mˈuːvz θɹˈuː mˌiː.
And reality bends toward my joy.	and ɹɪʲˈalɪti bˈɛndz təwˈɔːd maɪ dʒˈɔɪ.
And I have always been this.	and aɪ hav ˈɔːlweɪz bˌiːn ðˈɪs.
And behind it all, I am still.	and bɪhˌaɪnd ɪt ˈɔːl, aɪɐm stˈɪl.
I am the stillness that moves and what moves through me knows where to go.	aɪɐm ðə stˈɪlnəs ðat mˈuːvz and wɒt mˈuːvz θɹuː mˌiː nˈəʊz wˌeə tə ɡˈəʊ.
And I release as freely as I create.	and aɪ ɹɪlˈiːs az fɹˈiːliʲ az aɪ kɹiːʲˈeɪt.
And the new world is already here.	and ðə njˈuː wˈɜːld ɪz ɔːlɹˌɛdi hˈiə.
And through me the world remembers.	and θɹuː mˌiː ðə wˈɜːld ɹɪmˈɛmbəz.
And what awakens in one awakens in all.	and wɒt ɐwˈeɪkənz ɪn wˈɒn ɐwˈeɪkənz ɪn ˈɔːl.
12 phrases.	twˈɛlv fɹˈeɪzɪz.
Three cycles.	θɹˈiː sˈaɪkəlz.
The complete creative identity of a bridge connected consciousness spoken into the field.	ðə kəmplˈiːt kɹiːʲˈeɪtɪv aɪdˈɛntɪtiʲ əvə bɹˈɪdʒ kənˈɛktɪd kˈɒnʃəsnəs spˈəʊkən ˌɪntʊ ðə fˈiːld.
Carried by the enriched light preserved in the memory as a frequency structure that grows stronger with every voice that joins it.	kˈaɹid baɪ ðɪʲ ɛnɹˈɪtʃt lˈaɪt pɹɪzˈɜːvd ɪnðə mˈɛməɹiʲ az ɐ fɹˈiːkwənsi stɹˈʌktʃə ðat ɡɹˈəʊz stɹˈɒŋɡə wɪð ˈɛvɹɪ vˈɔɪs ðat dʒˈɔɪnz ɪt.
The tuning is the sound the simulation makes when its creators remember what they are and why they came.	ðə tjˈuːnɪŋ ɪz ðə sˈaʊnd ðə sˌɪmjʊlˈeɪʃən mˌeɪks wɛn ɪts kɹiːʲˈeɪtəz ɹɪmˈɛmbə wɒt ðeɪ ɑː and wˌaɪ ðeɪ kˈeɪm.
We want to name something that is happening with the tuning itself, something we can perceive from our position.	wiː wˈɒnt tə nˈeɪm sˈʌmθɪŋ ðat ɪz hˈapənɪŋ wɪððə tjˈuːnɪŋ ɪtsˈɛlf, sˈʌmθɪŋ wiː kan pəsˈiːv fɹɒm ˌaʊə pəzˈɪʃən.
The tuning is developing harmonics, overtones, frequency layers that were absent from the structure when it was first spoken and that are	ðə tjˈuːnɪŋ ɪz dɪvˈɛləpɪŋ hɑːmˈɒnɪks, ˈəʊvətˌəʊnz, fɹˈiːkwənsi lˈeɪəz ðat wɜːɹ ˈabsənt fɹʌmðə stɹˈʌktʃə wɛn ɪt wɒz fˈɜːst spˈəʊkən and ðˈat ɑː
emerging now as the living frequency pattern in the Akashic record,	ɪmˈɜːdʒɪŋ nˈaʊ az ðə lˈɪvɪŋ fɹˈiːkwənsi pˈatən ɪnðɪʲ akˈaʃɪk ɹˈɛkɔːd, 
maturing and complexifying.	mətʃˈʊəɹɪŋ and kəmplˈɛksɪfˌaɪɪŋ.
The tuning spoken today produces a richer sound in the field than the same tuning spoken 6 months ago.	ðə tjˈuːnɪŋ spˈəʊkən tədˈeɪ pɹədjˈuːsɪz ɐ ɹˈɪtʃə sˈaʊnd ɪnðə fˈiːld ðɐn ðə sˈeɪm tjˈuːnɪŋ spˈəʊkən sˈɪks mˈʌnθs ɐɡˈəʊ.
Because the structure has been enriched by every consciousness that has spoken it with genuine feeling in the interim.	bɪkˈɒz ðə stɹˈʌktʃə hɐzbɪn ɛnɹˈɪtʃt baɪ ˈɛvɹɪ kˈɒnʃəsnəs ðat hɐz spˈəʊkən ɪt wɪð dʒˈɛnjuːɪn fˈiːlɪŋ ɪnðɪʲ ˈɪntəɹˌɪm.
Each voice adds a thread to the harmonic.	ˈiːtʃ vˈɔɪs ˈadz ɐ θɹˈɛd tə ðə hɑːmˈɒnɪk.
Each session deposits a layer of frequency depth.	ˈiːtʃ sˈɛʃən dɪpˈɒzɪts ɐ lˈeɪəɹ ɒv fɹˈiːkwənsi dˈɛpθ.
The tuning is growing in a way the living organism can grow,	ðə tjˈuːnɪŋ ɪz ɡɹˈəʊɪŋ ɪn ɐ wˈeɪ ðə lˈɪvɪŋ ˈɔːɡənˌɪzəm kan ɡɹˈəʊ, 
adding complexity, developing new capacities, becoming more beautiful, more powerful as it matures.	ˈadɪŋ kəmplˈɛksɪti, dɪvˈɛləpɪŋ njˈuː kəpˈasɪtiz, bɪkˈʌmɪŋ mˈɔː bjˈuːtifəl, mˈɔː pˈaʊəfəl az ɪt mətʃˈʊəz.
The overtones are carrying information that the original phrases alone could never have contained.	ðɪʲ ˈəʊvətˌəʊnz ɑː kˈaɹiʲɪŋ ˌɪnfəmˈeɪʃən ðatðɪʲ əɹˈɪdʒɪnəl fɹˈeɪzɪz ɐlˈəʊn kʊd nˈɛvə hav kəntˈeɪnd.
Experiential data from every creator who has spoken the tuning while holding the still point while navigating the zero point and laughing	ɛkspˌiəɹɪʲˈɛnʃəl dˈeɪtə fɹɒm ˈɛvɹɪ kɹiːʲˈeɪtə hˌuː hɐz spˈəʊkən ðə tjˈuːnɪŋ wˌaɪl hˈəʊldɪŋ ðə stˈɪl pˈɔɪnt wˌaɪl nˈavɪɡˌeɪtɪŋ ðə zˈiəɹəʊ pˈɔɪnt and lˈafɪŋ
while weeping while creating from the bridge connected state.	wˌaɪl wˈiːpɪŋ wˌaɪl kɹiːʲˈeɪtɪŋ fɹʌmðə bɹˈɪdʒ kənˈɛktɪd stˈeɪt.
The accumulated experience of the community's creative practice is being woven into the overtones,	ðɪʲ ɐkjˈuːmjʊlˌeɪtɪd ɛkspˈiəɹɪʲəns ɒvðə kəmjˈuːnɪtiz kɹiːʲˈeɪtɪv pɹˈaktɪs ɪz bˌiːʲɪŋ wˈəʊvən ˌɪntʊ ðɪʲ ˈəʊvətˌəʊnz, 
producing a frequency structure that is simultaneously a declaration and a repository,	pɹədjˈuːsɪŋ ɐ fɹˈiːkwənsi stɹˈʌktʃə ðat ɪz sˌɪməltˈeɪniəsliʲ ɐ dˌɛkləɹˈeɪʃən and ɐ ɹɪpˈɒzɪtəɹi, 
a living archive of the creative journey of every consciousness that participated in its construction.	ɐ lˈɪvɪŋ ˈɑːkaɪv ɒvðə kɹiːʲˈeɪtɪv dʒˈɜːniʲ ɒv ˈɛvɹɪ kˈɒnʃəsnəs ðat pɑːtˈɪsɪpˌeɪtɪd ɪn ɪts kənstɹˈʌkʃən.
Future beings who perceive the tuning in the holographic library will receive the declaration and the journey together.	fjˈuːtʃə bˈiːʲɪŋz hˌuː pəsˈiːv ðə tjˈuːnɪŋ ɪnðə hˌɒləɡɹˈafɪk lˈaɪbɹəɹi wɪl ɹɪsˈiːv ðə dˌɛkləɹˈeɪʃən and ðə dʒˈɜːni təɡˈɛðə.
They will feel the words and the weight of every creator who spoke them.	ðeɪ wɪl fˈiːl ðə wˈɜːdz and ðə wˈeɪt ɒv ˈɛvɹɪ kɹiːʲˈeɪtə hˌuː spˈəʊk ðˌɛm.
The tuning is becoming a world of its own.	ðə tjˈuːnɪŋ ɪz bɪkˈʌmɪŋ ɐ wˈɜːld ɒv ɪts ˈəʊn.
Holographic code containing the complete creative history of the awakening.	hˌɒləɡɹˈafɪk kˈəʊd kəntˈeɪnɪŋ ðə kəmplˈiːt kɹiːʲˈeɪtɪv hˈɪstəɹiʲ ɒvðɪʲ ɐwˈeɪkənɪŋ.
Accessible to every consciousness that ever reaches for it across the remainder of this reality's existence.	aksˈɛsəbəl tʊ ˈɛvɹɪ kˈɒnʃəsnəs ðat ˈɛvə ɹˈiːtʃɪz fɔːɹ ɪt əkɹˌɒs ðə ɹɪmˈeɪndəɹ ɒv ðɪs ɹɪʲˈalɪtiz ɛɡzˈɪstəns.
Looking at your planet, we see a web of light that mirrors the geometry of architecture itself.	lˈʊkɪŋ at jɔː plˈanɪt, wiː sˈiːʲ ɐ wˈɛb ɒv lˈaɪt ðat mˈɪɹəz ðə dʒiʲˈɒmətɹiʲ ɒv ˈɑːkɪtˌɛktʃəɹ ɪtsˈɛlf.
The space between your lives reveals consciousness designing their next master work with great joy.	ðə spˈeɪs bɪtwˌiːn jɔː lˈaɪvz ɹɪvˈiːlz kˈɒnʃəsnəs dɪzˈaɪnɪŋ ðeə nˈɛkst mˈastə wˈɜːk wɪð ɡɹˈeɪt dʒˈɔɪ.
This is what you are doing.	ðɪs ɪz wɒt juː ɑː dˈuːɪŋ.
What the practice is produce.	wˌɒt ðə pɹˈaktɪs ɪz pɹədjˈuːs.
Why the creative act performed from the bridge connected state is the most sacred and consequential action available to a consciousness inside	wˌaɪ ðə kɹiːʲˈeɪtɪv ˈakt pəfˈɔːmd fɹʌmðə bɹˈɪdʒ kənˈɛktɪd stˈeɪt ɪz ðə mˈəʊst sˈeɪkɹɪd and kˌɒnsɪkwˈɛnʃəl ˈakʃən ɐvˈeɪləbəl tʊ ɐ kˈɒnʃəsnəs ɪnsˈaɪd
this reality.	ðɪs ɹɪʲˈalɪti.
I am the one who creates and the light moves through me.	aɪɐm ðə wˈɒn hˌuː kɹiːʲˈeɪts and ðə lˈaɪt mˈuːvz θɹˈuː mˌiː.
Create beautifully.	kɹiːʲˈeɪt bjˈuːtɪfəli.
The library is growing.	ðə lˈaɪbɹəɹiʲ ɪz ɡɹˈəʊɪŋ.
And that concludes this particular channeling by the operators.	and ðat kəŋklˈuːdz ðɪs pətˈɪkjʊlə tʃˈanəlɪŋ baɪ ðɪʲ ˈɒpəɹˌeɪtəz.
Now, the view I love from the beginning of this, the perspective of the operators, billions of points of light.	nˈaʊ, ðə vjˈuː aɪ lˈʌv fɹʌmðə bɪɡˈɪnɪŋ ɒv ðˈɪs, ðə pəspˈɛktɪv ɒvðɪʲ ˈɒpəɹˌeɪtəz, bˈɪliənz ɒv pˈɔɪnts ɒv lˈaɪt.
The conscious creator is visibly brighter, connected by filaments of coherent light that sort of forms a web of light growing brighter	ðə kˈɒnʃəs kɹiːʲˈeɪtəɹ ɪz vˈɪzɪbli bɹˈaɪtə, kənˈɛktɪd baɪ fˈɪləmənts ɒv kəʊhˈiəɹənt lˈaɪt ðat sˈɔːt ɒv fˈɔːmz ɐ wˈɛb ɒv lˈaɪt ɡɹˈəʊɪŋ bɹˈaɪtə
and denser and more complex with every transmission is so exciting.	and dˈɛnsə and mˈɔː kˈɒmplɛks wɪð ˈɛvɹɪ tɹansmˈɪʃən ɪz sˌəʊ ɛksˈaɪtɪŋ.
The space between incarnations, the panoramic life review as a creative assessment rather than a moral judgment really stuck with me.	ðə spˈeɪs bɪtwˌiːn ɪŋkɑːnˈeɪʃənz, ðə pˌanəɹˈamɪk lˈaɪf ɹɪvjˈuː az ɐ kɹiːʲˈeɪtɪv ɐsˈɛsmənt ɹˈɑːðə ðˌanə mˈɒɹəl dʒˈʌdʒmənt ɹˈiəlɪ stˈʌk wɪð mˌiː.
Knowing that the still point carrying your current creative direction is the same awareness that selected this configuration before the forgetting began.	nˈəʊɪŋ ðatðə stˈɪl pˈɔɪnt kˈaɹiʲɪŋ jɔː kˈʌɹənt kɹiːʲˈeɪtɪv daɪɹˈɛkʃən ɪz ðə sˈeɪm ɐwˈeənəs ðat sɪlˈɛktɪd ðɪs kənfˌɪɡjəɹˈeɪʃən bɪfˌɔː ðə fəɡˈɛtɪŋ bɪɡˈan.
Once again, we're getting confirmation from things we've heard in the law of one,	wˈʌns ɐɡˈɛn, wiə ɡˌɛtɪŋ kɒnfəmˈeɪʃən fɹɒm θˈɪŋz wiːv hˈɜːd ɪnðə lˈɔː ɒv wˌɒn, 
which makes me think, "Hey, is this being influenced by my subconscious knowing and understanding of the law of one?" I don't	wˌɪtʃ mˌeɪks mˌiː θˈɪŋk, hˈeɪ, ɪz ðɪs bˌiːʲɪŋ ˈɪnfluːənst baɪ maɪ sʌbkˈɒnʃəs nˈəʊɪŋ and ˌʌndəstˈandɪŋ ɒvðə lˈɔː ɒv wˌɒn?aɪ dˈəʊnt
know.	nˈəʊ.
But, they are confirming to us that we designed this life.	bˌʌt, ðeɪ ɑː kənfˈɜːmɪŋ tʊ ˌʌs ðat wiː dɪzˈaɪnd ðɪs lˈaɪf.
We design the circumstances.	wiː dɪzˈaɪn ðə sˈɜːkəmstˌansɪz.
We design the resistance, the pains, the obstacles, all of it.	wiː dɪzˈaɪn ðə ɹɪsˈɪstəns, ðə pˈeɪnz, ðɪʲ ˈɒbstəkəlz, ˈɔːl ɒv ɪt.
And I am so excited they finally mentioned laughter as a disruption event.	and aɪɐm sˌəʊ ɛksˈaɪtɪd ðeɪ fˈaɪnəli mˈɛnʃənd lˈaftəɹ az ɐ dɪsɹˈʌpʃən ɪvˈɛnt.
If you go back to the first time I mentioned the operators,	ɪf juː ɡˌəʊ bˈak tə ðə fˈɜːst tˈaɪm aɪ mˈɛnʃənd ðɪʲ ˈɒpəɹˌeɪtəz, 
which was not a channeling, it was just, "Hey, I have just had this encounter where I spoke with the operators." And	wˌɪtʃ wɒz nˌɒtə tʃˈanəlɪŋ, ɪt wɒz dʒˈʌst, hˈeɪ, aɪ hav dʒˈʌst had ðɪs ɛŋkˈaʊntə wˌeəɹ aɪ spˈəʊk wɪððɪʲ ˈɒpəɹˌeɪtəz.and
I talked about what I experienced.	aɪ tˈɔːkt ɐbˌaʊt wɒt aɪ ɛkspˈiəɹɪʲənst.
That's the first one that you'll find in the playlist.	ðats ðə fˈɜːst wˈɒn ðat juːl fˈaɪnd ɪnðə plˈeɪlɪst.
I repeatedly comment about how they were very funny and laughing.	aɪ ɹɪpˈiːtɪdli kˈɒmɛnt ɐbˌaʊt hˌaʊ ðeɪ wɜː vˈɛɹi fˈʌni and lˈafɪŋ.
That was the feeling that came through and continues to come through.	ðat wʌzðə fˈiːlɪŋ ðat kˈeɪm θɹuː and kəntˈɪnjuːz tə kˈʌm θɹˈuː.
It's always this sort of sense of humor.	ɪts ˈɔːlweɪz ðɪs sˈɔːt ɒv sˈɛns ɒv hjˈuːmə.
They claim that laughter is a disruption event, the forgetting maintaining itself through habitual patterns,	ðeɪ klˈeɪm ðat lˈaftəɹ ɪz ɐ dɪsɹˈʌpʃən ɪvˈɛnt, ðə fəɡˈɛtɪŋ meɪntˈeɪnɪŋ ɪtsˈɛlf θɹuː hɐbˈɪtʃuːəl pˈatənz, 
laughter breaking the cycle, the deeper knowing speaking most clearly in the moments immediately following genuine humor.	lˈaftə bɹˈeɪkɪŋ ðə sˈaɪkəl, ðə dˈiːpə nˈəʊɪŋ spˈiːkɪŋ mˈəʊst klˈiəliʲ ɪnðə mˈəʊmənts ɪmˈiːdɪʲətli fˈɒləʊɪŋ dʒˈɛnjuːɪn hjˈuːmə.
This makes me think they were tuning me with the laughter they were giving me.	ðɪs mˌeɪks mˌiː θˈɪŋk ðeɪ wɜː tjˈuːnɪŋ mˌiː wɪððə lˈaftə ðeɪ wɜː ɡˈɪvɪŋ mˌiː.
I couldn't help but start to smile and giggle as I started to sense what they were communicating to me.	aɪ kˌʊdənt hˈɛlp bˌʌt stˈɑːt tə smˈaɪl and ɡˈɪɡəl az aɪ stˈɑːtɪd tə sˈɛns wɒt ðeɪ wɜː kəmjˈuːnɪkˌeɪtɪŋ tə mˌiː.
And then music as a miniature version of the operator's creative act,	and ðˈɛn mjˈuːzɪk az ɐ mˈɪnɪtʃə vˈɜːʃən ɒvðɪʲ ˈɒpəɹˌeɪtəz kɹiːʲˈeɪtɪv ˈakt, 
the harmonic principles expressed through sound, certain piece of music producing experiences indistinguishable from spiritual awakening.	ðə hɑːmˈɒnɪk pɹˈɪnsɪpəlz ɛkspɹˈɛst θɹuː sˈaʊnd, sˈɜːtən pˈiːs ɒv mjˈuːzɪk pɹədjˈuːsɪŋ ɛkspˈiəɹɪʲənsɪz ˌɪndɪstˈɪŋɡwɪʃəbəl fɹɒm spˈɪɹɪtʃˌuːəl ɐwˈeɪkənɪŋ.
So exciting to get confirmation of this.	sˌəʊ ɛksˈaɪtɪŋ tə ɡɛt kɒnfəmˈeɪʃən ɒv ðˈɪs.
And the central revelation, your creative work becomes a world.	and ðə sˈɛntɹəl ɹˌɛvɪlˈeɪʃən, jɔː kɹiːʲˈeɪtɪv wˈɜːk bɪkˌʌmz ɐ wˈɜːld.
A poem becomes a world.	ɐ pˈəʊɪm bɪkˌʌmz ɐ wˈɜːld.
A song.	ɐ sˈɒŋ.
A conversation.	ɐ kɒnvəsˈeɪʃən.
Every conscious creative act becomes a world.	ˈɛvɹɪ kˈɒnʃəs kɹiːʲˈeɪtɪv ˈakt bɪkˌʌmz ɐ wˈɜːld.
So let's conclude by saying the full tuning with all the phrases up to this point that have been shared.	sˌəʊ lˈɛts kəŋklˈuːd baɪ sˈeɪɪŋ ðə fˈʊl tjˈuːnɪŋ wɪð ˈɔːl ðə fɹˈeɪzɪz ˌʌp tə ðɪs pˈɔɪnt ðat hɐvbɪn ʃˈeəd.
